timestamp,unix_time,trial_id,query,condition_id,repeat_id,method_variant,object_label,object_shape,target_shape,trial_note,dry_run,outcome,reason,failure_stage,failure_reason,retrieved_demo_id,retrieval_score,retrieval_mode,retrieval_task_type_filter,retrieval_language_score,retrieval_geometry_score,language_score,geometry_score,retrieval_candidates,expected_demo_id,retrieval_correct,perception_method,pose_source_frame,object_base_x,object_base_y,object_base_z,target_est_xyz,gazebo_model_name,gazebo_x,gazebo_y,gazebo_z,gazebo_yaw_deg,target_gt_xyz,target_gt_world_xyz,target_gt_frame,target_est_frame,target_error_z_m,target_error_xyz_m,target_yaw_gt_deg,target_yaw_gt_raw_deg,target_yaw_gt_long_axis_deg,target_yaw_est_deg,position_xy_error_m,target_error_xy_m,grasp_x,grasp_y,grasp_z,grasp_xyz,bottleneck_xyz,estimated_size_x,estimated_size_y,estimated_size_z,target_size_xyz,demo_yaw_deg,live_yaw_deg,delta_yaw_deg,yaw_error_deg,yaw_error_method,demo_top_z,live_top_z,demo_grasp_z,demo_clearance_above_top,mapped_grasp_z,obb_old_x,obb_old_y,obb_center_x,obb_center_y,obb_correction_dx,obb_correction_dy,obb_extent_long,obb_extent_short,icp_median_error_m,icp_p90_error_m,icp_mean_error_m,icp_iterations,mask_pixels,pointcloud_points,live_scene_package,live_scene_package_dir,scene_package_path,icp_output_dir,task_type,place_mode,place_x,place_y,place_z,place_or_insert_xyz,place_direction,place_resolution_method,place_resolution_confidence,place_offset_xy,replay_used,replay_type,release_index,planning_success,execution_success,manual_success_label,total_time_s,perception_time_s,retrieval_time_s,execution_time_s,rollout_path,original_trial_id,success,task_success,postcheck_success,failure_category,requested_x,requested_y,requested_z,requested_yaw_deg,requested_object_shape,requested_object_label,requested_object_size,requested_position_xyz,gazebo_pose_found,initial_object_xyz,final_object_xyz,final_object_model_name,final_target_error_xy_m,final_relation_error_xy_m,insert_depth_m,postcheck_reason,requested_position_xy_error_m,target_error_source,used_recovery_logic,replay_recovery_progress,replay_recovery_stage,execution_variant,alignment_time_s,planning_time_s,robot_execution_time_s,execution_wall_time_s,planning_call_count,robot_execution_call_count,timing_source,timestamp,final_lift_delta_m,before_close_mouth_center_xy,before_close_mouth_error_xy,before_close_mouth_x,before_close_mouth_y,before_close_mouth_error_x_m,before_close_mouth_error_y_m,before_close_mouth_error_xy_m
,1785743339,x065_R1_20260803_004758_green_cuboid,pick up the green cuboid with rotated top grasp,x065_y015_yaw15,1,full,green_cuboid,rectangular_prism,rectangular_prism,,FALSE,success,,,,cuboid_top_yaw_grasp,0.737218889,language_then_geometry,grasp,0.9921875,0.737218889,0.9921875,0.737218889,"[{""id"": ""cuboid_top_yaw_grasp"", ""task_type"": ""grasp"", ""language_score"": 0.9921875000000001, ""geometry_score"": 0.7372188891130648}]",,,LangSAM+depth_pointcloud,head_camera,0.649389821,0.151280565,-0.593293187,"[0.6493898209733127, 0.1512805652222197, -0.5932931870206826]",green_rectangular_prism,0.650000006,0.149999997,0.342499804,14.99997761,"[0.6500000064984195, 0.1499999971275291, """"]","[0.6500000064984195, 0.1499999971275291, 0.34249980410462866]",gazebo_world_xy_only,base,,,104.9999776,14.99997761,104.9999776,105.0525313,0.001418514,0.001418514,0.649389821,0.151280565,-0.565002344,"[0.6493898209733127, 0.1512805652222197, -0.56500234406875]","[0.6473902742129395, 0.15227122518471325, -0.4380158472075812]",0.078844851,0.036331558,0.02605741,"[0.07884485125541689, 0.036331558227539085, 0.026057410240173384]",90.10158184,105.0525313,14.95094943,0.05255366,gazebo_long_axis_parallel_180,0.338196544,-0.570002344,-0.54,0.005,-0.565002344,0.647566608,0.150148822,0.649389821,0.151280565,0.001823212,0.001131743,0.091026828,0.029580548,0.007042966,0.017192824,0.008343415,7,669,669,live_trial_x065_R1_20260803_004758_green_cuboid,/home/wei/code/learning_thousand_tasks/demo_library/scene_packages/live_trial_x065_R1_20260803_004758_green_cuboid,/home/wei/code/learning_thousand_tasks/demo_library/scene_packages/live_trial_x065_R1_20260803_004758_green_cuboid,/home/wei/code/learning_thousand_tasks/demo_library/scene_packages/icp_x065_R1_20260803_004758_green_cuboid,grasp,,,,,"["""", """", """"]",,,,,TRUE,top_grasp_demo_replay,,TRUE,TRUE,,59.8737061,2.294093132,0.053284645,49.35597253,/home/wei/code/learning_thousand_tasks/demo_library/rollout_trajectories/rollout_x065_R1_20260803_004758_green_cuboid.json,,FALSE,FALSE,FALSE,,,,,,rectangular_prism,green_cuboid,"[0.03, 0.1, 0.035]","["""", """", """"]",TRUE,"[0.6500000064984195, 0.1499999971275291, 0.34249980410462866]","[0.6358670854351405, 0.15909829515853868, 0.40127862441769]",green_rectangular_prism,0.015694967,,,,,gazebo_model_states,FALSE,,,standard_replay,1.509442329,0.034228802,34.56302023,49.35597253,1,11,moveit_wrapper_v1,2026/8/3 0:48,,,,,,,,
,1785744476,x065_R2_20260803_010659_green_cuboid,pick up the green cuboid with rotated top grasp,x065_y015_yaw15,2,full,green_cuboid,rectangular_prism,rectangular_prism,,FALSE,success,,,,cuboid_top_yaw_grasp,0.737218889,language_then_geometry,grasp,0.9921875,0.737218889,0.9921875,0.737218889,"[{""id"": ""cuboid_top_yaw_grasp"", ""task_type"": ""grasp"", ""language_score"": 0.9921875000000001, ""geometry_score"": 0.7372188891130648}]",,,LangSAM+depth_pointcloud,head_camera,0.649390309,0.151278958,-0.593293425,"[0.6493903094855791, 0.15127895807553335, -0.5932934250767413]",green_rectangular_prism,0.650000003,0.149999998,0.342499804,14.9999777,"[0.6500000033168645, 0.14999999780314166, """"]","[0.6500000033168645, 0.14999999780314166, 0.34249980410462866]",gazebo_world_xy_only,base,,,104.9999777,14.9999777,104.9999777,105.0524923,0.001416851,0.001416851,0.649390309,0.151278958,-0.565002558,"[0.6493903094855791, 0.15127895807553335, -0.5650025582069099]","[0.6473907627252059, 0.1522696180380269, -0.43801606134574106]",0.078844796,0.036331439,0.026057458,"[0.07884479612112047, 0.036331439018249534, 0.02605745792388925]",90.10143618,105.0524923,14.95105609,0.052514566,gazebo_long_axis_parallel_180,0.338196544,-0.570002558,-0.54,0.005,-0.565002558,0.647567086,0.150147193,0.649390309,0.151278958,0.001823223,0.001131765,0.091026864,0.029580512,0.007042905,0.017192877,0.008343403,7,669,669,live_trial_x065_R2_20260803_010659_green_cuboid,/home/wei/code/learning_thousand_tasks/demo_library/scene_packages/live_trial_x065_R2_20260803_010659_green_cuboid,/home/wei/code/learning_thousand_tasks/demo_library/scene_packages/live_trial_x065_R2_20260803_010659_green_cuboid,/home/wei/code/learning_thousand_tasks/demo_library/scene_packages/icp_x065_R2_20260803_010659_green_cuboid,grasp,,,,,"["""", """", """"]",,,,,TRUE,top_grasp_demo_replay,,TRUE,TRUE,,55.89145446,0.802759171,0.015909195,48.85888314,/home/wei/code/learning_thousand_tasks/demo_library/rollout_trajectories/rollout_x065_R2_20260803_010659_green_cuboid.json,,TRUE,TRUE,TRUE,,,,,,rectangular_prism,green_cuboid,"[0.03, 0.1, 0.035]","["""", """", """"]",TRUE,"[0.6500000033168645, 0.14999999780314166, 0.34249980410462866]","[0.6441996829761975, 0.14422270390748346, 0.3834155381943558]",green_rectangular_prism,0.008722036,,,accepted_with_lift_delta,,gazebo_model_states,FALSE,,,standard_replay,1.139748096,0.049272299,35.48477435,48.85888314,1,11,moveit_wrapper_v1,2026/8/3 1:07,0.040808303,,,,,,,
,1785745387,x065_R3_20260803_012215_green_cuboid,pick up the green cuboid with rotated top grasp,x065_y015_yaw15,3,full,green_cuboid,rectangular_prism,rectangular_prism,,FALSE,success,,,,cuboid_top_yaw_grasp,0.737218889,language_then_geometry,grasp,0.9921875,0.737218889,0.9921875,0.737218889,"[{""id"": ""cuboid_top_yaw_grasp"", ""task_type"": ""grasp"", ""language_score"": 0.9921875000000001, ""geometry_score"": 0.7372188891130648}]",,,LangSAM+depth_pointcloud,head_camera,0.649440782,0.15106931,-0.593256766,"[0.6494407823820434, 0.15106930977704205, -0.5932567658823116]",green_rectangular_prism,0.650000004,0.149999998,0.342499804,14.99997769,"[0.6500000036745228, 0.14999999772719186, """"]","[0.6500000036745228, 0.14999999772719186, 0.34249980410462866]",gazebo_world_xy_only,base,,,104.9999777,14.99997769,104.9999777,105.0421105,0.001206713,0.001206713,0.649440782,0.15106931,-0.565002821,"[0.6494407823820434, 0.15106930977704205, -0.5650028210960922]","[0.6474412356216702, 0.15205996973953562, -0.43801632423492337]",0.078840375,0.036234438,0.026429915,"[0.07884037494659425, 0.03623443841934204, 0.026429915428161532]",90.08282799,105.0421105,14.95928247,0.042132761,gazebo_long_axis_parallel_180,0.338196544,-0.570002821,-0.54,0.005,-0.565002821,0.647620642,0.149937953,0.649440782,0.15106931,0.001820141,0.001131356,0.091028327,0.029570294,0.007042701,0.017186765,0.008342406,7,669,669,live_trial_x065_R3_20260803_012215_green_cuboid,/home/wei/code/learning_thousand_tasks/demo_library/scene_packages/live_trial_x065_R3_20260803_012215_green_cuboid,/home/wei/code/learning_thousand_tasks/demo_library/scene_packages/live_trial_x065_R3_20260803_012215_green_cuboid,/home/wei/code/learning_thousand_tasks/demo_library/scene_packages/icp_x065_R3_20260803_012215_green_cuboid,grasp,,,,,"["""", """", """"]",,,,,TRUE,top_grasp_demo_replay,,TRUE,TRUE,,51.44244576,0.605652094,0.026116848,44.09957337,/home/wei/code/learning_thousand_tasks/demo_library/rollout_trajectories/rollout_x065_R3_20260803_012215_green_cuboid.json,,TRUE,TRUE,TRUE,,,,,,rectangular_prism,green_cuboid,"[0.03, 0.1, 0.035]","["""", """", """"]",TRUE,"[0.6500000036745228, 0.14999999772719186, 0.34249980410462866]","[0.6371498840207319, 0.14473395086979193, 0.3956445308967887]",green_rectangular_prism,0.013846394,,,accepted_with_lift_delta,,gazebo_model_states,FALSE,,,standard_replay,1.086838245,0.030308962,29.23025537,44.09957337,1,11,moveit_wrapper_v1,2026/8/3 1:23,0.053149425,,,,,,,
,1785745589,x065_R4_20260803_012533_green_cuboid,pick up the green cuboid with rotated top grasp,x065_y015_yaw15,4,full,green_cuboid,rectangular_prism,rectangular_prism,,FALSE,success,,,,cuboid_top_yaw_grasp,0.737218889,language_then_geometry,grasp,0.9921875,0.737218889,0.9921875,0.737218889,"[{""id"": ""cuboid_top_yaw_grasp"", ""task_type"": ""grasp"", ""language_score"": 0.9921875000000001, ""geometry_score"": 0.7372188891130648}]",,,LangSAM+depth_pointcloud,head_camera,0.649349766,0.151432722,-0.593183539,"[0.649349765953944, 0.15143272164072055, -0.5931835390057384]",green_rectangular_prism,0.650000006,0.149999997,0.342499804,14.99997764,"[0.6500000056496651, 0.1499999973077646, """"]","[0.6500000056496651, 0.1499999973077646, 0.34249980410462866]",gazebo_world_xy_only,base,,,104.9999776,14.99997764,104.9999776,105.060229,0.001573376,0.001573376,0.649349766,0.151432722,-0.565002622,"[0.649349765953944, 0.15143272164072055, -0.5650026216301546]","[0.6473502191935708, 0.15242338160321411, -0.4380161247689857]",0.078847934,0.03633045,0.026058793,"[0.07884793430566789, 0.036330449581146285, 0.02605879306793213]",90.11516267,105.060229,14.94506634,0.060251377,gazebo_long_axis_parallel_180,0.338196544,-0.570002622,-0.54,0.005,-0.565002622,0.647528548,0.150304577,0.649349766,0.151432722,0.001821218,0.001128145,0.091025777,0.029594994,0.007042598,0.017196729,0.008343911,7,669,669,live_trial_x065_R4_20260803_012533_green_cuboid,/home/wei/code/learning_thousand_tasks/demo_library/scene_packages/live_trial_x065_R4_20260803_012533_green_cuboid,/home/wei/code/learning_thousand_tasks/demo_library/scene_packages/live_trial_x065_R4_20260803_012533_green_cuboid,/home/wei/code/learning_thousand_tasks/demo_library/scene_packages/icp_x065_R4_20260803_012533_green_cuboid,grasp,,,,,"["""", """", """"]",,,,,TRUE,top_grasp_demo_replay,,TRUE,TRUE,,55.88065624,0.84114933,0.017543793,48.34449077,/home/wei/code/learning_thousand_tasks/demo_library/rollout_trajectories/rollout_x065_R4_20260803_012533_green_cuboid.json,,TRUE,TRUE,TRUE,,,,,,rectangular_prism,green_cuboid,"[0.03, 0.1, 0.035]","["""", """", """"]",TRUE,"[0.6500000056496651, 0.1499999973077646, 0.34249980410462866]","[0.6449165271254826, 0.15428781368027134, 0.3953335251883461]",green_rectangular_prism,0.005327104,,,accepted_with_lift_delta,,gazebo_model_states,FALSE,,,standard_replay,1.377181053,0.047481537,33.65344858,48.34449077,1,11,moveit_wrapper_v1,2026/8/3 1:26,0.052851164,,,,,,,
,1785747627,x06_R2_20260803_015935_green_cuboid,pick up the green cuboid with rotated top grasp,x06_y0_yaw15,2,full,green_cuboid,rectangular_prism,rectangular_prism,,FALSE,success,,,,cuboid_top_yaw_grasp,0.737218889,language_then_geometry,grasp,0.9921875,0.737218889,0.9921875,0.737218889,"[{""id"": ""cuboid_top_yaw_grasp"", ""task_type"": ""grasp"", ""language_score"": 0.9921875000000001, ""geometry_score"": 0.7372188891130648}]",,,LangSAM+depth_pointcloud,head_camera,0.599393364,5.12E-05,-0.591837827,"[0.59939336425088, 5.118876053534908e-05, -0.5918378270743969]",green_rectangular_prism,0.599999999,3.82E-10,0.342499804,14.99997778,"[0.5999999994132121, 3.8218256074569877e-10, """"]","[0.5999999994132121, 3.8218256074569877e-10, 0.3424998038477318]",gazebo_world_xy_only,base,,,104.9999778,14.99997778,104.9999778,104.5400377,0.000608791,0.000608791,0.599393364,5.12E-05,-0.565002392,"[0.59939336425088, 5.118876053534908e-05, -0.5650023915881704]","[0.5973938174905068, 0.001041848723028911, -0.4380158947270016]",0.070716793,0.035649586,0.024048686,"[0.07071679309010506, 0.035649585723877, 0.024048686027526855]",90.10123257,104.5400377,14.43880516,0.459940055,gazebo_long_axis_parallel_180,0.338196544,-0.570002392,-0.54,0.005,-0.565002392,0.598230038,-0.000392783,0.599393364,5.12E-05,0.001163327,0.000443972,0.082353634,0.029483351,0.007146065,0.017251307,0.008459254,6,633,633,live_trial_x06_R2_20260803_015935_green_cuboid,/home/wei/code/learning_thousand_tasks/demo_library/scene_packages/live_trial_x06_R2_20260803_015935_green_cuboid,/home/wei/code/learning_thousand_tasks/demo_library/scene_packages/live_trial_x06_R2_20260803_015935_green_cuboid,/home/wei/code/learning_thousand_tasks/demo_library/scene_packages/icp_x06_R2_20260803_015935_green_cuboid,grasp,,,,,"["""", """", """"]",,,,,TRUE,top_grasp_demo_replay,,TRUE,TRUE,,51.63583565,0.847744942,0.058089256,43.09447312,/home/wei/code/learning_thousand_tasks/demo_library/rollout_trajectories/rollout_x06_R2_20260803_015935_green_cuboid.json,,TRUE,TRUE,TRUE,,,,,,rectangular_prism,green_cuboid,"[0.03, 0.1, 0.035]","["""", """", """"]",TRUE,"[0.5999999994132121, 3.8218256074569877e-10, 0.3424998038477318]","[0.5642214209876468, 0.008964231323960264, 0.4023648417329423]",green_rectangular_prism,0.036327269,,,accepted_with_lift_delta,,gazebo_model_states,FALSE,,,standard_replay,2.171380281,0.051324368,28.12312961,43.09447312,1,11,moveit_wrapper_v1,2026/8/3 2:00,0.059962764,"[0.5826996357552271, -0.005881031510865968]","[-0.01669372849565287, -0.0059322202714013166]",0.582699636,-0.005881032,-0.016693728,-0.00593222,0.017716428
,1785747776,x06_R3_20260803_020203_green_cuboid,pick up the green cuboid with rotated top grasp,x06_y0_yaw15,3,full,green_cuboid,rectangular_prism,rectangular_prism,,FALSE,success,,,,cuboid_top_yaw_grasp,0.737218889,language_then_geometry,grasp,0.9921875,0.737218889,0.9921875,0.737218889,"[{""id"": ""cuboid_top_yaw_grasp"", ""task_type"": ""grasp"", ""language_score"": 0.9921875000000001, ""geometry_score"": 0.7372188891130648}]",,,LangSAM+depth_pointcloud,head_camera,0.599393226,5.29E-05,-0.591837,"[0.5993932264259677, 5.2884132311083534e-05, -0.5918369999683948]",green_rectangular_prism,0.6,3.19E-10,0.342499804,14.99997778,"[0.5999999996686867, 3.18503003784549e-10, """"]","[0.5999999996686867, 3.18503003784549e-10, 0.3424998038477318]",gazebo_world_xy_only,base,,,104.9999778,14.99997778,104.9999778,104.54019,0.000609073,0.000609073,0.599393226,5.29E-05,-0.56500263,"[0.5993932264259677, 5.2884132311083534e-05, -0.5650026295494445]","[0.5973936796655945, 0.0010435440948046455, -0.4380161326882756]",0.070716795,0.035648882,0.024048567,"[0.07071679458022118, 0.035648882389068604, 0.024048566818237305]",90.10139708,104.54019,14.43879296,0.459787747,gazebo_long_axis_parallel_180,0.338196544,-0.57000263,-0.54,0.005,-0.56500263,0.598226915,-0.000382321,0.599393226,5.29E-05,0.001166312,0.000435205,0.082353698,0.029483769,0.007143845,0.017252765,0.008459354,6,633,633,live_trial_x06_R3_20260803_020203_green_cuboid,/home/wei/code/learning_thousand_tasks/demo_library/scene_packages/live_trial_x06_R3_20260803_020203_green_cuboid,/home/wei/code/learning_thousand_tasks/demo_library/scene_packages/live_trial_x06_R3_20260803_020203_green_cuboid,/home/wei/code/learning_thousand_tasks/demo_library/scene_packages/icp_x06_R3_20260803_020203_green_cuboid,grasp,,,,,"["""", """", """"]",,,,,TRUE,top_grasp_demo_replay,,TRUE,TRUE,,51.78013206,1.122653246,0.020835876,44.23788214,/home/wei/code/learning_thousand_tasks/demo_library/rollout_trajectories/rollout_x06_R3_20260803_020203_green_cuboid.json,,TRUE,TRUE,TRUE,,,,,,rectangular_prism,green_cuboid,"[0.03, 0.1, 0.035]","["""", """", """"]",TRUE,"[0.5999999996686867, 3.18503003784549e-10, 0.3424998038477318]","[0.5693538138859005, -0.005347668903537376, 0.40182449179295615]",green_rectangular_prism,0.030531658,,,accepted_with_lift_delta,,gazebo_model_states,FALSE,,,standard_replay,1.406990051,0.033087015,29.978966,44.23788214,1,11,moveit_wrapper_v1,2026/8/3 2:02,0.059310773,"[0.5820446261062324, -0.013123944161632137]","[-0.017348600319735286, -0.01317682829394322]",0.582044626,-0.013123944,-0.0173486,-0.013176828,0.021785379
,1785747938,x06_R4_20260803_020445_green_cuboid,pick up the green cuboid with rotated top grasp,x06_y0_yaw15,4,full,green_cuboid,rectangular_prism,rectangular_prism,,FALSE,success,,,,cuboid_top_yaw_grasp,0.737218889,language_then_geometry,grasp,0.9921875,0.737218889,0.9921875,0.737218889,"[{""id"": ""cuboid_top_yaw_grasp"", ""task_type"": ""grasp"", ""language_score"": 0.9921875000000001, ""geometry_score"": 0.7372188891130648}]",,,LangSAM+depth_pointcloud,head_camera,0.599410765,3.07E-05,-0.591901866,"[0.5994107648451337, 3.0700872491988204e-05, -0.5919018661827656]",green_rectangular_prism,0.6,3.22E-10,0.342499804,14.99997778,"[0.59999999965544, 3.2180485760776617e-10, """"]","[0.59999999965544, 3.2180485760776617e-10, 0.3424998038477318]",gazebo_world_xy_only,base,,,104.9999778,14.99997778,104.9999778,104.442687,0.000590034,0.000590034,0.599410765,3.07E-05,-0.565002576,"[0.5994107648451337, 3.0700872491988204e-05, -0.5650025760107461]","[0.5974112180847605, 0.0010213608349855501, -0.43801607914957724]",0.070717328,0.035694015,0.024048567,"[0.07071732804179191, 0.035694015026092485, 0.024048566818237305]",90.08940339,104.442687,14.35328359,0.557290797,gazebo_long_axis_parallel_180,0.338196544,-0.570002576,-0.54,0.005,-0.565002576,0.598195167,-0.00066767,0.599410765,3.07E-05,0.001215598,0.000698371,0.082124818,0.029635525,0.007171881,0.01715992,0.008457046,6,633,633,live_trial_x06_R4_20260803_020445_green_cuboid,/home/wei/code/learning_thousand_tasks/demo_library/scene_packages/live_trial_x06_R4_20260803_020445_green_cuboid,/home/wei/code/learning_thousand_tasks/demo_library/scene_packages/live_trial_x06_R4_20260803_020445_green_cuboid,/home/wei/code/learning_thousand_tasks/demo_library/scene_packages/icp_x06_R4_20260803_020445_green_cuboid,grasp,,,,,"["""", """", """"]",,,,,TRUE,top_grasp_demo_replay,,TRUE,TRUE,,52.10969615,1.000242233,0.038182735,45.31098342,/home/wei/code/learning_thousand_tasks/demo_library/rollout_trajectories/rollout_x06_R4_20260803_020445_green_cuboid.json,,TRUE,TRUE,TRUE,,,,,,rectangular_prism,green_cuboid,"[0.03, 0.1, 0.035]","["""", """", """"]",TRUE,"[0.59999999965544, 3.2180485760776617e-10, 0.3424998038477318]","[0.584732187453222, -0.003681521822511477, 0.4000979560099394]",green_rectangular_prism,0.01514111,,,accepted_with_lift_delta,,gazebo_model_states,FALSE,,,standard_replay,1.093845844,0.031724215,30.10484385,45.31098342,1,11,moveit_wrapper_v1,2026/8/3 2:05,0.057593384,"[0.5947986223389622, -0.011755165169557977]","[-0.004612142506171479, -0.011785866042049965]",0.594798622,-0.011755165,-0.004612143,-0.011785866,0.012656164
,1785764932,x055_R1_20260803_064757_green_cuboid,pick up the green cuboid with rotated top grasp,x055_y-0.15_yaw15,1,full,green_cuboid,rectangular_prism,rectangular_prism,,FALSE,success,,,,cuboid_top_yaw_grasp,0.737218889,language_then_geometry,grasp,0.9921875,0.737218889,0.9921875,0.737218889,"[{""id"": ""cuboid_top_yaw_grasp"", ""task_type"": ""grasp"", ""language_score"": 0.9921875000000001, ""geometry_score"": 0.7372188891130648}]",,,LangSAM+depth_pointcloud,head_camera,0.548716033,-0.147037985,-0.59274183,"[0.5487160328597592, -0.14703798520633538, -0.5927418296314079]",green_rectangular_prism,0.549999999,-0.15,0.342499804,14.99997778,"[0.5499999994333056, -0.14999999962246174, """"]","[0.5499999994333056, -0.14999999962246174, 0.3424998038477318]",gazebo_world_xy_only,base,,,104.9999778,14.99997778,104.9999778,103.9793225,0.003228328,0.003228328,0.548716033,-0.147037985,-0.565002374,"[0.5487160328597592, -0.14703798520633538, -0.565002374148559]","[0.5467164860993861, -0.1460473252438418, -0.43801587728739017]",0.073944749,0.035274053,0.025679374,"[0.07394474893808364, 0.035274052619934104, 0.025679373741149814]",90.10132244,103.9793225,13.87800008,1.020655267,gazebo_long_axis_parallel_180,0.338196544,-0.570002374,-0.54,0.005,-0.565002374,0.547629512,-0.146278312,0.548716033,-0.147037985,0.001086521,-0.000759674,0.083635762,0.030361954,0.006911924,0.016957467,0.00824506,7,705,705,live_trial_x055_R1_20260803_064757_green_cuboid,/home/wei/code/learning_thousand_tasks/demo_library/scene_packages/live_trial_x055_R1_20260803_064757_green_cuboid,/home/wei/code/learning_thousand_tasks/demo_library/scene_packages/live_trial_x055_R1_20260803_064757_green_cuboid,/home/wei/code/learning_thousand_tasks/demo_library/scene_packages/icp_x055_R1_20260803_064757_green_cuboid,grasp,,,,,"["""", """", """"]",,,,,TRUE,top_grasp_demo_replay,,TRUE,TRUE,,53.90301704,0.656264067,0.063413858,46.62672687,/home/wei/code/learning_thousand_tasks/demo_library/rollout_trajectories/rollout_x055_R1_20260803_064757_green_cuboid.json,,TRUE,TRUE,TRUE,,,,,,rectangular_prism,green_cuboid,"[0.03, 0.1, 0.035]","["""", """", """"]",TRUE,"[0.5499999994333056, -0.14999999962246174, 0.3424998038477318]","[0.5595723360929162, -0.14992107533004995, 0.3757953846724202]",green_rectangular_prism,0.011261543,,,accepted_with_lift_delta,,gazebo_model_states,FALSE,,,standard_replay,1.023251534,0.033793449,32.76254201,46.62672687,1,11,moveit_wrapper_v1,2026/8/3 6:48,0.033316993,"[0.5424757646136665, -0.13066594831570064]","[-0.006240268246092695, 0.01637203689063474]",0.542475765,-0.130665948,-0.006240268,0.016372037,0.017520974
,1785765933,x055_R2_20260803_070437_green_cuboid,pick up the green cuboid with rotated top grasp,x055_y-0.15_yaw15,2,full,green_cuboid,rectangular_prism,rectangular_prism,,FALSE,success,,,,cuboid_top_yaw_grasp,0.737218889,language_then_geometry,grasp,0.9921875,0.737218889,0.9921875,0.737218889,"[{""id"": ""cuboid_top_yaw_grasp"", ""task_type"": ""grasp"", ""language_score"": 0.9921875000000001, ""geometry_score"": 0.7372188891130648}]",,,LangSAM+depth_pointcloud,head_camera,0.548799651,-0.14692214,-0.592792708,"[0.5487996509124659, -0.1469221402149756, -0.5927927083077703]",green_rectangular_prism,0.55,-0.15,0.342499804,14.99997778,"[0.5499999996562484, -0.14999999967819744, """"]","[0.5499999996562484, -0.14999999967819744, 0.3424998038477318]",gazebo_world_xy_only,base,,,104.9999778,14.99997778,104.9999778,104.0135253,0.003303643,0.003303643,0.548799651,-0.14692214,-0.565002506,"[0.5487996509124659, -0.1469221402149756, -0.5650025058556905]","[0.5468001041520927, -0.14593148025248204, -0.4380160089945216]",0.073953666,0.035289633,0.02582159,"[0.07395366579294205, 0.035289633274078414, 0.025821590423583896]",90.11547708,104.0135253,13.89804823,0.986452465,gazebo_long_axis_parallel_180,0.338196544,-0.570002506,-0.54,0.005,-0.565002506,0.547674527,-0.146555575,0.548799651,-0.14692214,0.001125124,-0.000366566,0.083461981,0.030542364,0.006901263,0.017030663,0.008247887,7,705,705,live_trial_x055_R2_20260803_070437_green_cuboid,/home/wei/code/learning_thousand_tasks/demo_library/scene_packages/live_trial_x055_R2_20260803_070437_green_cuboid,/home/wei/code/learning_thousand_tasks/demo_library/scene_packages/live_trial_x055_R2_20260803_070437_green_cuboid,/home/wei/code/learning_thousand_tasks/demo_library/scene_packages/icp_x055_R2_20260803_070437_green_cuboid,grasp,,,,,"["""", """", """"]",,,,,TRUE,top_grasp_demo_replay,,TRUE,TRUE,,55.12711072,1.337222815,0.021523714,45.54419422,/home/wei/code/learning_thousand_tasks/demo_library/rollout_trajectories/rollout_x055_R2_20260803_070437_green_cuboid.json,,TRUE,TRUE,TRUE,,,,,,rectangular_prism,green_cuboid,"[0.03, 0.1, 0.035]","["""", """", """"]",TRUE,"[0.5499999996562484, -0.14999999967819744, 0.3424998038477318]","[0.5452393203456469, -0.15066409215244866, 0.39379131257983574]",green_rectangular_prism,0.005170359,,,accepted_with_lift_delta,,gazebo_model_states,FALSE,,,standard_replay,1.43125701,0.045428991,30.34505439,45.54419422,1,11,moveit_wrapper_v1,2026/8/3 7:05,0.051291442,"[0.5409541040314068, -0.13956920265259382]","[-0.007845546881059096, 0.007352937562381784]",0.540954104,-0.139569203,-0.007845547,0.007352938,0.010752595
,1785766219,x055_R3_20260803_070916_green_cuboid,pick up the green cuboid with rotated top grasp,x055_y-0.15_yaw15,3,full,green_cuboid,rectangular_prism,rectangular_prism,,FALSE,success,,,,cuboid_top_yaw_grasp,0.737218889,language_then_geometry,grasp,0.9921875,0.737218889,0.9921875,0.737218889,"[{""id"": ""cuboid_top_yaw_grasp"", ""task_type"": ""grasp"", ""language_score"": 0.9921875000000001, ""geometry_score"": 0.7372188891130648}]",,,LangSAM+depth_pointcloud,head_camera,0.548797925,-0.1469392,-0.592806182,"[0.5487979249266903, -0.14693920005901068, -0.5928061820998718]",green_rectangular_prism,0.549999999,-0.15,0.342499804,14.99997778,"[0.5499999992436445, -0.14999999957504648, """"]","[0.5499999992436445, -0.14999999957504648, 0.3424998038477318]",gazebo_world_xy_only,base,,,104.9999778,14.99997778,104.9999778,104.0183318,0.003288385,0.003288385,0.548797925,-0.1469392,-0.565002356,"[0.5487979249266903, -0.14693920005901068, -0.5650023562561426]","[0.5467983781663172, -0.14594854009651712, -0.43801585939497373]",0.073951975,0.035282183,0.025794768,"[0.07395197451114655, 0.03528218269348149, 0.02579476833343497]",90.1128182,104.0183318,13.9055136,0.981645986,gazebo_long_axis_parallel_180,0.338196544,-0.570002356,-0.54,0.005,-0.565002356,0.547663817,-0.146588339,0.548797925,-0.1469392,0.001134108,-0.000350861,0.083491741,0.030523467,0.006903744,0.017034215,0.008247213,7,705,705,live_trial_x055_R3_20260803_070916_green_cuboid,/home/wei/code/learning_thousand_tasks/demo_library/scene_packages/live_trial_x055_R3_20260803_070916_green_cuboid,/home/wei/code/learning_thousand_tasks/demo_library/scene_packages/live_trial_x055_R3_20260803_070916_green_cuboid,/home/wei/code/learning_thousand_tasks/demo_library/scene_packages/icp_x055_R3_20260803_070916_green_cuboid,grasp,,,,,"["""", """", """"]",,,,,TRUE,top_grasp_demo_replay,,TRUE,TRUE,,62.25711226,0.99986577,0.114701986,52.93796563,/home/wei/code/learning_thousand_tasks/demo_library/rollout_trajectories/rollout_x055_R3_20260803_070916_green_cuboid.json,,TRUE,TRUE,TRUE,,,,,,rectangular_prism,green_cuboid,"[0.03, 0.1, 0.035]","["""", """", """"]",TRUE,"[0.5499999992436445, -0.14999999957504648, 0.3424998038477318]","[0.5276817335617211, -0.15085032076631405, 0.4022918636330616]",green_rectangular_prism,0.021574002,,,accepted_with_lift_delta,,gazebo_model_states,FALSE,,,standard_replay,1.369004726,0.068089485,37.64367247,52.93796563,1,11,moveit_wrapper_v1,2026/8/3 7:10,0.059785109,"[0.5391853330412688, -0.15396319742535858]","[-0.009612591885421518, -0.0070239973663479005]",0.539185333,-0.153963197,-0.009612592,-0.007023997,0.011905396
,1785818230,x055_R4_20260803_213612_green_cuboid,pick up the green cuboid with rotated top grasp,x055_y-0.15_yaw15,4,full,green_cuboid,rectangular_prism,rectangular_prism,,FALSE,success,,,,cuboid_top_yaw_grasp,0.737218889,language_then_geometry,grasp,0.9921875,0.737218889,0.9921875,0.737218889,"[{""id"": ""cuboid_top_yaw_grasp"", ""task_type"": ""grasp"", ""language_score"": 0.9921875000000001, ""geometry_score"": 0.7372188891130648}]",,,LangSAM+depth_pointcloud,head_camera,0.548809026,-0.147032603,-0.592713349,"[0.5488090255689829, -0.14703260331478227, -0.5927133487235552]",green_rectangular_prism,0.55,-0.15,0.342499804,14.99997778,"[0.5499999996466, -0.14999999967578534, """"]","[0.5499999996466, -0.14999999967578534, 0.3424998038477318]",gazebo_world_xy_only,base,,,104.9999778,14.99997778,104.9999778,104.1894019,0.003197477,0.003197477,0.548809026,-0.147032603,-0.565002225,"[0.5488090255689829, -0.14703260331478227, -0.565002225450413]","[0.5468094788086098, -0.1460419433522887, -0.43801572858924415]",0.073942803,0.035300493,0.025648713,"[0.07394280284643173, 0.035300493240356445, 0.02564871311187744]",90.09828233,104.1894019,14.09111961,0.810575838,gazebo_long_axis_parallel_180,0.338196544,-0.570002225,-0.54,0.005,-0.565002225,0.547602072,-0.146342968,0.548809026,-0.147032603,0.001206953,-0.000689636,0.083578371,0.0302869,0.006876184,0.016956214,0.00823749,7,705,705,live_trial_x055_R4_20260803_213612_green_cuboid,/home/wei/code/learning_thousand_tasks/demo_library/scene_packages/live_trial_x055_R4_20260803_213612_green_cuboid,/home/wei/code/learning_thousand_tasks/demo_library/scene_packages/live_trial_x055_R4_20260803_213612_green_cuboid,/home/wei/code/learning_thousand_tasks/demo_library/scene_packages/icp_x055_R4_20260803_213612_green_cuboid,grasp,,,,,"["""", """", """"]",,,,,TRUE,top_grasp_demo_replay,,TRUE,TRUE,,57.05363965,1.510420561,0.015357733,49.86074948,/home/wei/code/learning_thousand_tasks/demo_library/rollout_trajectories/rollout_x055_R4_20260803_213612_green_cuboid.json,,TRUE,TRUE,TRUE,,,,,,rectangular_prism,green_cuboid,"[0.03, 0.1, 0.035]","["""", """", """"]",TRUE,"[0.5499999996466, -0.14999999967578534, 0.3424998038477318]","[0.5601225558631237, -0.14601293321434985, 0.3805214477179345]",green_rectangular_prism,0.0113726,,,accepted_with_lift_delta,,gazebo_model_states,FALSE,,,standard_replay,1.143975496,0.042918682,35.29730988,49.86074948,1,11,moveit_wrapper_v1,2026/8/3 21:37,0.038035532,"[0.5461439097180811, -0.13508933303432696]","[-0.002665115850901789, 0.011943270280455304]",0.54614391,-0.135089333,-0.002665116,0.01194327,0.012237015
,1785820286,x06_R1_20260803_221035_green_cuboid,pick up the green cuboid with rotated top grasp,x06_y0_yaw30,1,full,green_cuboid,rectangular_prism,rectangular_prism,,FALSE,success,,,,cuboid_top_yaw_grasp,0.737218889,language_then_geometry,grasp,0.9921875,0.737218889,0.9921875,0.737218889,"[{""id"": ""cuboid_top_yaw_grasp"", ""task_type"": ""grasp"", ""language_score"": 0.9921875000000001, ""geometry_score"": 0.7372188891130648}]",,,LangSAM+depth_pointcloud,head_camera,0.598973792,0.000733369,-0.591277094,"[0.598973791862592, 0.0007333692309058489, -0.5912770943696763]",green_rectangular_prism,0.599999998,1.58E-09,0.342499804,30.00001297,"[0.5999999977921744, 1.576812979602996e-09, """"]","[0.5999999977921744, 1.576812979602996e-09, 0.34249980384771783]",gazebo_world_xy_only,base,,,120.000013,30.00001297,120.000013,118.6659919,0.001261319,0.001261319,0.598973792,0.000733369,-0.565002505,"[0.598973791862592, 0.0007333692309058489, -0.5650025053069588]","[0.5969742451022189, 0.0017240291933994108, -0.43801600844579]",0.067501573,0.03668586,0.035954571,"[0.06750157326459885, 0.03668586015701292, 0.03595457077026376]",90.07503338,118.6659919,28.59095849,1.334021091,gazebo_long_axis_parallel_180,0.338196544,-0.570002505,-0.54,0.005,-0.565002505,0.598152491,0.00047276,0.598973792,0.000733369,0.000821301,0.00026061,0.084406852,0.030604056,0.007183289,0.017723041,0.008526123,7,617,617,live_trial_x06_R1_20260803_221035_green_cuboid,/home/wei/code/learning_thousand_tasks/demo_library/scene_packages/live_trial_x06_R1_20260803_221035_green_cuboid,/home/wei/code/learning_thousand_tasks/demo_library/scene_packages/live_trial_x06_R1_20260803_221035_green_cuboid,/home/wei/code/learning_thousand_tasks/demo_library/scene_packages/icp_x06_R1_20260803_221035_green_cuboid,grasp,,,,,"["""", """", """"]",,,,,TRUE,top_grasp_demo_replay,,TRUE,TRUE,,51.14389968,0.890123844,0.043399811,43.77585602,/home/wei/code/learning_thousand_tasks/demo_library/rollout_trajectories/rollout_x06_R1_20260803_221035_green_cuboid.json,,TRUE,TRUE,TRUE,,,,,,rectangular_prism,green_cuboid,"[0.03, 0.1, 0.035]","["""", """", """"]",TRUE,"[0.5999999977921744, 1.576812979602996e-09, 0.34249980384771783]","[0.5949938588412559, -0.0008398439115122198, 0.3973980638262409]",green_rectangular_prism,0.004279636,,,accepted_with_lift_delta,,gazebo_model_states,FALSE,,,standard_replay,1.518196821,0.084728003,29.70978761,43.77585602,1,11,moveit_wrapper_v1,2026/8/3 22:11,0.054908923,"[0.5920829841784656, 0.009693513428755768]","[-0.006890807684126421, 0.008960144197849918]",0.592082984,0.009693513,-0.006890808,0.008960144,0.011303425
,1785820431,x06_R2_20260803_221257_green_cuboid,pick up the green cuboid with rotated top grasp,x06_y0_yaw30,2,full,green_cuboid,rectangular_prism,rectangular_prism,,FALSE,success,,,,cuboid_top_yaw_grasp,0.737218889,language_then_geometry,grasp,0.9921875,0.737218889,0.9921875,0.737218889,"[{""id"": ""cuboid_top_yaw_grasp"", ""task_type"": ""grasp"", ""language_score"": 0.9921875000000001, ""geometry_score"": 0.7372188891130648}]",,,LangSAM+depth_pointcloud,head_camera,0.59876855,0.001280454,-0.591026367,"[0.5987685495368283, 0.0012804544434421917, -0.5910263672022796]",green_rectangular_prism,0.599999999,7.15E-10,0.342499804,30.0000129,"[0.5999999991159755, 7.147678256713874e-10, """"]","[0.5999999991159755, 7.147678256713874e-10, 0.34249980384771783]",gazebo_world_xy_only,base,,,120.0000129,30.0000129,120.0000129,118.7309215,0.001776522,0.001776522,0.59876855,0.001280454,-0.565002468,"[0.5987685495368283, 0.0012804544434421917, -0.5650024680967728]","[0.5967690027764552, 0.0022711144059357536, -0.43801597123560393]",0.067514274,0.036486948,0.035985541,"[0.06751427426934242, 0.03648694753646853, 0.03598554134368892]",90.10145831,118.7309215,28.62946323,1.269091349,gazebo_long_axis_parallel_180,0.338196544,-0.570002468,-0.54,0.005,-0.565002468,0.598111832,0.000778733,0.59876855,0.001280454,0.000656717,0.000501721,0.085000642,0.030672025,0.007179829,0.017724703,0.008525717,7,617,617,live_trial_x06_R2_20260803_221257_green_cuboid,/home/wei/code/learning_thousand_tasks/demo_library/scene_packages/live_trial_x06_R2_20260803_221257_green_cuboid,/home/wei/code/learning_thousand_tasks/demo_library/scene_packages/live_trial_x06_R2_20260803_221257_green_cuboid,/home/wei/code/learning_thousand_tasks/demo_library/scene_packages/icp_x06_R2_20260803_221257_green_cuboid,grasp,,,,,"["""", """", """"]",,,,,TRUE,top_grasp_demo_replay,,TRUE,TRUE,,53.67320347,0.552826166,0.052249908,45.35922456,/home/wei/code/learning_thousand_tasks/demo_library/rollout_trajectories/rollout_x06_R2_20260803_221257_green_cuboid.json,,TRUE,TRUE,TRUE,,,,,,rectangular_prism,green_cuboid,"[0.03, 0.1, 0.035]","["""", """", """"]",TRUE,"[0.5999999991159755, 7.147678256713874e-10, 0.34249980384771783]","[0.6020889903996444, 0.004548053334220558, 0.4061216421375745]",green_rectangular_prism,0.004568582,,,accepted_with_lift_delta,,gazebo_model_states,FALSE,,,standard_replay,1.541228056,0.040174961,30.44956112,45.35922456,1,11,moveit_wrapper_v1,2026/8/3 22:13,0.063610412,"[0.5939214763005327, -0.010756852824486863]","[-0.004847073236295629, -0.012037307267929055]",0.593921476,-0.010756853,-0.004847073,-0.012037307,0.012976551
,1785820658,x06_R3_20260803_221641_green_cuboid,pick up the green cuboid with rotated top grasp,x06_y0_yaw30,3,full,green_cuboid,rectangular_prism,rectangular_prism,,FALSE,success,,,,cuboid_top_yaw_grasp,0.737218889,language_then_geometry,grasp,0.9921875,0.737218889,0.9921875,0.737218889,"[{""id"": ""cuboid_top_yaw_grasp"", ""task_type"": ""grasp"", ""language_score"": 0.9921875000000001, ""geometry_score"": 0.7372188891130648}]",,,LangSAM+depth_pointcloud,head_camera,0.598966055,0.000764351,-0.591314559,"[0.5989660551369649, 0.0007643511887177118, -0.5913145592235928]",green_rectangular_prism,0.599999999,7.11E-10,0.342499804,30.0000129,"[0.5999999991219347, 7.108872346707408e-10, """"]","[0.5999999991219347, 7.108872346707408e-10, 0.34249980384771783]",gazebo_world_xy_only,base,,,120.0000129,30.0000129,120.0000129,118.6661978,0.001285796,0.001285796,0.598966055,0.000764351,-0.565002576,"[0.5989660551369649, 0.0007643511887177118, -0.5650025760107465]","[0.5969665083765917, 0.0017550111512112739, -0.4380160791495777]",0.067503086,0.036660576,0.035987997,"[0.06750308573246003, 0.03666057586669924, 0.03598799705505362]",90.07816892,118.6661978,28.58802885,1.333815126,gazebo_long_axis_parallel_180,0.338196544,-0.570002576,-0.54,0.005,-0.565002576,0.598117571,0.000497956,0.598966055,0.000764351,0.000848485,0.000266395,0.084403149,0.030621635,0.007184148,0.017716037,0.008520807,7,617,617,live_trial_x06_R3_20260803_221641_green_cuboid,/home/wei/code/learning_thousand_tasks/demo_library/scene_packages/live_trial_x06_R3_20260803_221641_green_cuboid,/home/wei/code/learning_thousand_tasks/demo_library/scene_packages/live_trial_x06_R3_20260803_221641_green_cuboid,/home/wei/code/learning_thousand_tasks/demo_library/scene_packages/icp_x06_R3_20260803_221641_green_cuboid,grasp,,,,,"["""", """", """"]",,,,,TRUE,top_grasp_demo_replay,,TRUE,TRUE,,56.76291084,0.862821102,0.031404734,48.35088253,/home/wei/code/learning_thousand_tasks/demo_library/rollout_trajectories/rollout_x06_R3_20260803_221641_green_cuboid.json,,TRUE,TRUE,TRUE,,,,,,rectangular_prism,green_cuboid,"[0.03, 0.1, 0.035]","["""", """", """"]",TRUE,"[0.5999999991219347, 7.108872346707408e-10, 0.34249980384771783]","[0.604892869629129, -0.0036004274765413322, 0.4055282995729421]",green_rectangular_prism,0.00734855,,,accepted_with_lift_delta,,gazebo_model_states,FALSE,,,standard_replay,1.243022919,0.048478842,33.47077942,48.35088253,1,11,moveit_wrapper_v1,2026/8/3 22:17,0.0630288,"[0.5930973327940798, 0.005476036399060989]","[-0.005868722342885047, 0.004711685210343278]",0.593097333,0.005476036,-0.005868722,0.004711685,0.00752608
,1785820817,x06_R4_20260803_221923_green_cuboid,pick up the green cuboid with rotated top grasp,x06_y0_yaw30,4,full,green_cuboid,rectangular_prism,rectangular_prism,,FALSE,success,,,,cuboid_top_yaw_grasp,0.737218889,language_then_geometry,grasp,0.9921875,0.737218889,0.9921875,0.737218889,"[{""id"": ""cuboid_top_yaw_grasp"", ""task_type"": ""grasp"", ""language_score"": 0.9921875000000001, ""geometry_score"": 0.7372188891130648}]",,,LangSAM+depth_pointcloud,head_camera,0.598768639,0.001280027,-0.591027056,"[0.5987686394022587, 0.0012800265837590267, -0.5910270562968933]",green_rectangular_prism,0.599999999,7.78E-10,0.342499804,30.0000129,"[0.5999999990191649, 7.778098302912994e-10, """"]","[0.5999999990191649, 7.778098302912994e-10, 0.34249980384771783]",gazebo_world_xy_only,base,,,120.0000129,30.0000129,120.0000129,118.7309607,0.001776151,0.001776151,0.598768639,0.001280027,-0.565002278,"[0.5987686394022587, 0.0012800265837590267, -0.565002277869384]","[0.5967690926418855, 0.0022706865462525884, -0.4380157810082151]",0.067514274,0.036487484,0.035984778,"[0.06751427426934242, 0.03648748397827151, 0.03598477840423575]",90.10142511,118.7309607,28.62953562,1.269052164,gazebo_long_axis_parallel_180,0.338196544,-0.570002278,-0.54,0.005,-0.565002278,0.598111949,0.000778354,0.598768639,0.001280027,0.00065669,0.000501673,0.085000826,0.030671888,0.007180014,0.017724693,0.008525689,7,617,617,live_trial_x06_R4_20260803_221923_green_cuboid,/home/wei/code/learning_thousand_tasks/demo_library/scene_packages/live_trial_x06_R4_20260803_221923_green_cuboid,/home/wei/code/learning_thousand_tasks/demo_library/scene_packages/live_trial_x06_R4_20260803_221923_green_cuboid,/home/wei/code/learning_thousand_tasks/demo_library/scene_packages/icp_x06_R4_20260803_221923_green_cuboid,grasp,,,,,"["""", """", """"]",,,,,TRUE,top_grasp_demo_replay,,TRUE,TRUE,,52.56953573,1.054647923,0.039103985,44.32790565,/home/wei/code/learning_thousand_tasks/demo_library/rollout_trajectories/rollout_x06_R4_20260803_221923_green_cuboid.json,,TRUE,TRUE,TRUE,,,,,,rectangular_prism,green_cuboid,"[0.03, 0.1, 0.035]","["""", """", """"]",TRUE,"[0.5999999990191649, 7.778098302912994e-10, 0.34249980384771783]","[0.6020238407218034, 0.011199477186925537, 0.39372257328698873]",green_rectangular_prism,0.010396671,,,accepted_with_lift_delta,,gazebo_model_states,FALSE,,,standard_replay,1.712411642,0.054974556,29.14793706,44.32790565,1,11,moveit_wrapper_v1,2026/8/3 22:20,0.051260748,"[0.5955838054034289, 0.025834739676764737]","[-0.003184833998829739, 0.02455471309300571]",0.595583805,0.02583474,-0.003184834,0.024554713,0.024760394
,1785821112,x06_R1_20260803_222412_green_cuboid,pick up the green cuboid with rotated top grasp,x06_y0_yaw60,1,full,green_cuboid,rectangular_prism,rectangular_prism,,FALSE,success,,,,cuboid_top_yaw_grasp,0.737218889,language_then_geometry,grasp,0.9921875,0.737218889,0.9921875,0.737218889,"[{""id"": ""cuboid_top_yaw_grasp"", ""task_type"": ""grasp"", ""language_score"": 0.9921875000000001, ""geometry_score"": 0.7372188891130648}]",,,LangSAM+depth_pointcloud,head_camera,0.600453248,0.004845586,-0.589185418,"[0.600453248107847, 0.004845586455018002, -0.5891854179079388]",green_rectangular_prism,0.599999999,2.38E-09,0.342499804,60.0001404,"[0.5999999988414356, 2.382158915447802e-09, """"]","[0.5999999988414356, 2.382158915447802e-09, 0.34249980384771783]",gazebo_world_xy_only,base,,,150.0001404,60.0001404,150.0001404,149.1308601,0.004866736,0.004866736,0.600453248,0.004845586,-0.565002301,"[0.600453248107847, 0.004845586455018002, -0.5650023013378658]","[0.5984537013474738, 0.005836246417511564, -0.4380158044766969]",0.045906893,0.037229544,0.056985855,"[0.045906892605125905, 0.03722954392433164, 0.05698585510253906]",90.0926882,149.1308601,59.03817188,0.869280314,gazebo_long_axis_parallel_180,0.338196544,-0.570002301,-0.54,0.005,-0.565002301,0.598246609,-0.000740995,0.600453248,0.004845586,0.002206639,0.005586582,0.083791667,0.039647388,0.007595589,0.01915817,0.009096071,8,524,524,live_trial_x06_R1_20260803_222412_green_cuboid,/home/wei/code/learning_thousand_tasks/demo_library/scene_packages/live_trial_x06_R1_20260803_222412_green_cuboid,/home/wei/code/learning_thousand_tasks/demo_library/scene_packages/live_trial_x06_R1_20260803_222412_green_cuboid,/home/wei/code/learning_thousand_tasks/demo_library/scene_packages/icp_x06_R1_20260803_222412_green_cuboid,grasp,,,,,"["""", """", """"]",,,,,TRUE,top_grasp_demo_replay,,TRUE,TRUE,,59.10420108,1.167829037,0.032844543,50.12421536,/home/wei/code/learning_thousand_tasks/demo_library/rollout_trajectories/rollout_x06_R1_20260803_222412_green_cuboid.json,,TRUE,TRUE,TRUE,,,,,,rectangular_prism,green_cuboid,"[0.03, 0.1, 0.035]","["""", """", """"]",TRUE,"[0.5999999988414356, 2.382158915447802e-09, 0.34249980384771783]","[0.616075943990905, 0.009359078949724667, 0.3949603567846426]",green_rectangular_prism,0.01619447,,,accepted_with_lift_delta,,gazebo_model_states,FALSE,,,standard_replay,1.766842604,0.043721914,35.41922879,50.12421536,1,11,moveit_wrapper_v1,2026/8/3 22:25,0.052481456,"[0.58272325869964, 0.009978835269976786]","[-0.017729989408206914, 0.005133248814958784]",0.582723259,0.009978835,-0.017729989,0.005133249,0.018458136
,1785821358,x06_R2_20260803_222821_green_cuboid,pick up the green cuboid with rotated top grasp,x06_y0_yaw60,2,full,green_cuboid,rectangular_prism,rectangular_prism,,FALSE,success,,,,cuboid_top_yaw_grasp,0.737218889,language_then_geometry,grasp,0.9921875,0.737218889,0.9921875,0.737218889,"[{""id"": ""cuboid_top_yaw_grasp"", ""task_type"": ""grasp"", ""language_score"": 0.9921875000000001, ""geometry_score"": 0.7372188891130648}]",,,LangSAM+depth_pointcloud,head_camera,0.600437339,0.004912166,-0.58885956,"[0.6004373393161437, 0.004912165690693585, -0.5888595602770814]",green_rectangular_prism,0.599999999,1.84E-09,0.342499804,60.00014038,"[0.5999999990655799, 1.8420447523154035e-09, """"]","[0.5999999990655799, 1.8420447523154035e-09, 0.34249980384771783]",gazebo_world_xy_only,base,,,150.0001404,60.00014038,150.0001404,149.1673354,0.004931594,0.004931594,0.600437339,0.004912166,-0.565002453,"[0.6004373393161437, 0.004912165690693585, -0.5650024527509375]","[0.5984377925557706, 0.005902825653187147, -0.43801595588976866]",0.045905446,0.037088066,0.056985736,"[0.04590544570237398, 0.0370880663394928, 0.05698573589324951]",90.10145962,149.1673354,59.06587582,0.832804939,gazebo_long_axis_parallel_180,0.338196544,-0.570002453,-0.54,0.005,-0.565002453,0.598296407,-0.000713793,0.600437339,0.004912166,0.002140932,0.005625959,0.083793448,0.039717123,0.007597212,0.019316311,0.009103131,9,524,524,live_trial_x06_R2_20260803_222821_green_cuboid,/home/wei/code/learning_thousand_tasks/demo_library/scene_packages/live_trial_x06_R2_20260803_222821_green_cuboid,/home/wei/code/learning_thousand_tasks/demo_library/scene_packages/live_trial_x06_R2_20260803_222821_green_cuboid,/home/wei/code/learning_thousand_tasks/demo_library/scene_packages/icp_x06_R2_20260803_222821_green_cuboid,grasp,,,,,"["""", """", """"]",,,,,TRUE,top_grasp_demo_replay,,TRUE,TRUE,,56.30728436,0.660071373,0.048096657,47.84165025,/home/wei/code/learning_thousand_tasks/demo_library/rollout_trajectories/rollout_x06_R2_20260803_222821_green_cuboid.json,,TRUE,TRUE,TRUE,,,,,,rectangular_prism,green_cuboid,"[0.03, 0.1, 0.035]","["""", """", """"]",TRUE,"[0.5999999990655799, 1.8420447523154035e-09, 0.34249980384771783]","[0.6035925782801037, 0.0026013388028937106, 0.403316820121049]",green_rectangular_prism,0.003917206,,,accepted_with_lift_delta,,gazebo_model_states,FALSE,,,standard_replay,1.590264559,0.047645569,33.6804173,47.84165025,1,10,moveit_wrapper_v1,2026/8/3 22:29,0.060826215,"[0.5824047377691031, 0.009615216750608061]","[-0.018032601547040672, 0.004703051059914476]",0.582404738,0.009615217,-0.018032602,0.004703051,0.01863581
,1785821517,x06_R3_20260803_223059_green_cuboid,pick up the green cuboid with rotated top grasp,x06_y0_yaw60,3,full,green_cuboid,rectangular_prism,rectangular_prism,,FALSE,success,,,,cuboid_top_yaw_grasp,0.737218889,language_then_geometry,grasp,0.9921875,0.737218889,0.9921875,0.737218889,"[{""id"": ""cuboid_top_yaw_grasp"", ""task_type"": ""grasp"", ""language_score"": 0.9921875000000001, ""geometry_score"": 0.7372188891130648}]",,,LangSAM+depth_pointcloud,head_camera,0.600437085,0.004912897,-0.588945277,"[0.6004370854406542, 0.004912897290088882, -0.5889452766737728]",green_rectangular_prism,0.599999999,1.20E-09,0.342499804,60.00014035,"[0.5999999993317217, 1.2007303480610934e-09, """"]","[0.5999999993317217, 1.2007303480610934e-09, 0.34249980384771783]",gazebo_world_xy_only,base,,,150.0001404,60.00014035,150.0001404,149.1676729,0.004932301,0.004932301,0.600437085,0.004912897,-0.565002412,"[0.6004370854406542, 0.004912897290088882, -0.5650024117443001]","[0.598437538680281, 0.005903557252582444, -0.43801591488313124]",0.045905426,0.03708598,0.056985497,"[0.045905426144599915, 0.03708598017692566, 0.05698549747467041]",90.10155827,149.1676729,59.06611463,0.832467446,gazebo_long_axis_parallel_180,0.338196544,-0.570002412,-0.54,0.005,-0.565002412,0.598240707,-0.000620287,0.600437085,0.004912897,0.002196379,0.005533184,0.083793352,0.039717863,0.007565504,0.019248483,0.009109346,8,524,524,live_trial_x06_R3_20260803_223059_green_cuboid,/home/wei/code/learning_thousand_tasks/demo_library/scene_packages/live_trial_x06_R3_20260803_223059_green_cuboid,/home/wei/code/learning_thousand_tasks/demo_library/scene_packages/live_trial_x06_R3_20260803_223059_green_cuboid,/home/wei/code/learning_thousand_tasks/demo_library/scene_packages/icp_x06_R3_20260803_223059_green_cuboid,grasp,,,,,"["""", """", """"]",,,,,TRUE,top_grasp_demo_replay,,TRUE,TRUE,,57.68471074,0.610239267,0.041656971,49.52523899,/home/wei/code/learning_thousand_tasks/demo_library/rollout_trajectories/rollout_x06_R3_20260803_223059_green_cuboid.json,,TRUE,TRUE,TRUE,,,,,,rectangular_prism,green_cuboid,"[0.03, 0.1, 0.035]","["""", """", """"]",TRUE,"[0.5999999993317217, 1.2007303480610934e-09, 0.34249980384771783]","[0.6033082130364639, 0.011997377634100987, 0.3961572018822892]",green_rectangular_prism,0.007563328,,,accepted_with_lift_delta,,gazebo_model_states,FALSE,,,standard_replay,1.623426437,0.032436132,34.79554987,49.52523899,1,11,moveit_wrapper_v1,2026/8/3 22:31,0.053849888,"[0.5827260107420871, 0.014780598642878675]","[-0.017711074698567142, 0.009867701352789793]",0.582726011,0.014780599,-0.017711075,0.009867701,0.020274459
,1785821709,x06_R4_20260803_223413_green_cuboid,pick up the green cuboid with rotated top grasp,x06_y0_yaw60,4,full,green_cuboid,rectangular_prism,rectangular_prism,,FALSE,success,,,,cuboid_top_yaw_grasp,0.737218889,language_then_geometry,grasp,0.9921875,0.737218889,0.9921875,0.737218889,"[{""id"": ""cuboid_top_yaw_grasp"", ""task_type"": ""grasp"", ""language_score"": 0.9921875000000001, ""geometry_score"": 0.7372188891130648}]",,,LangSAM+depth_pointcloud,head_camera,0.600501232,0.00492858,-0.588762517,"[0.6005012315736032, 0.004928580004568836, -0.5887625168280614]",green_rectangular_prism,0.599999999,1.12E-09,0.342499804,60.00014035,"[0.5999999993643249, 1.122167196497326e-09, """"]","[0.5999999993643249, 1.122167196497326e-09, 0.34249980384771783]",gazebo_world_xy_only,base,,,150.0001403,60.00014035,150.0001403,149.1724687,0.004954001,0.004954001,0.600501232,0.00492858,-0.565002512,"[0.6005012315736032, 0.004928580004568836, -0.5650025120888721]","[0.5985016848132301, 0.005919239967062398, -0.4380160152277032]",0.045440445,0.036848062,0.056985736,"[0.045440445095300666, 0.03684806227684023, 0.05698573589324951]",90.11213012,149.1724687,59.06033859,0.827671641,gazebo_long_axis_parallel_180,0.338196544,-0.570002512,-0.54,0.005,-0.565002512,0.598279998,-0.000721197,0.600501232,0.00492858,0.002221234,0.005649777,0.084002056,0.039812325,0.007495536,0.019411658,0.009112963,11,524,524,live_trial_x06_R4_20260803_223413_green_cuboid,/home/wei/code/learning_thousand_tasks/demo_library/scene_packages/live_trial_x06_R4_20260803_223413_green_cuboid,/home/wei/code/learning_thousand_tasks/demo_library/scene_packages/live_trial_x06_R4_20260803_223413_green_cuboid,/home/wei/code/learning_thousand_tasks/demo_library/scene_packages/icp_x06_R4_20260803_223413_green_cuboid,grasp,,,,,"["""", """", """"]",,,,,TRUE,top_grasp_demo_replay,,TRUE,TRUE,,55.17306685,0.627771616,0.04840517,47.16862583,/home/wei/code/learning_thousand_tasks/demo_library/rollout_trajectories/rollout_x06_R4_20260803_223413_green_cuboid.json,,TRUE,TRUE,TRUE,,,,,,rectangular_prism,green_cuboid,"[0.03, 0.1, 0.035]","["""", """", """"]",TRUE,"[0.5999999993643249, 1.122167196497326e-09, 0.34249980384771783]","[0.600021233692918, 0.011455570264117554, 0.38368358253673546]",green_rectangular_prism,0.006544607,,,accepted_with_lift_delta,,gazebo_model_states,FALSE,,,standard_replay,1.388764858,0.056610823,32.12447453,47.16862583,1,11,moveit_wrapper_v1,2026/8/3 22:35,0.041208631,"[0.5811672895623932, 0.01648732133931729]","[-0.01933394201121008, 0.011558741334748452]",0.58116729,0.016487321,-0.019333942,0.011558741,0.02252567
,1785822244,x06_R1_20260803_224309_green_cuboid,pick up the green cuboid with rotated top grasp,x06_y0_yaw75,1,full,green_cuboid,rectangular_prism,rectangular_prism,,FALSE,failed,,,,cuboid_top_yaw_grasp,0.737218889,language_then_geometry,grasp,0.9921875,0.737218889,0.9921875,0.737218889,"[{""id"": ""cuboid_top_yaw_grasp"", ""task_type"": ""grasp"", ""language_score"": 0.9921875000000001, ""geometry_score"": 0.7372188891130648}]",,,LangSAM+depth_pointcloud,head_camera,0.599566846,0.002702011,-0.590177702,"[0.5995668456006509, 0.002702010684074317, -0.5901777015045772]",green_rectangular_prism,0.6,3.79E-10,0.342499804,75.00017539,"[0.5999999996764713, 3.7911175866723737e-10, """"]","[0.5999999996764713, 3.7911175866723737e-10, 0.3424998038477318]",gazebo_world_xy_only,base,,,165.0001754,75.00017539,165.0001754,164.9483778,0.002736509,0.002736509,0.599566846,0.002702011,-0.565002472,"[0.5995668456006509, 0.002702010684074317, -0.5650024722582282]","[0.5975672988402777, 0.003692670646567879, -0.43801597539705933]",0.03268762,0.039079487,0.063144708,"[0.0326876200735569, 0.039079487323760986, 0.06314470767974845]",90.07817105,164.9483778,74.87020671,0.051797626,gazebo_long_axis_parallel_180,0.338196544,-0.570002472,-0.54,0.005,-0.565002472,0.599999532,-0.003115989,0.599566846,0.002702011,-0.000432686,0.005817999,0.082297164,0.035066452,0.007765681,0.018679506,0.009140828,14,475,475,live_trial_x06_R1_20260803_224309_green_cuboid,/home/wei/code/learning_thousand_tasks/demo_library/scene_packages/live_trial_x06_R1_20260803_224309_green_cuboid,/home/wei/code/learning_thousand_tasks/demo_library/scene_packages/live_trial_x06_R1_20260803_224309_green_cuboid,/home/wei/code/learning_thousand_tasks/demo_library/scene_packages/icp_x06_R1_20260803_224309_green_cuboid,grasp,,,,,"["""", """", """"]",,,,,TRUE,top_grasp_demo_replay,,TRUE,TRUE,,54.45710802,1.11508894,0.022791386,46.35098386,/home/wei/code/learning_thousand_tasks/demo_library/rollout_trajectories/rollout_x06_R1_20260803_224309_green_cuboid.json,,TRUE,TRUE,TRUE,,,,,,rectangular_prism,green_cuboid,"[0.03, 0.1, 0.035]","["""", """", """"]",TRUE,"[0.5999999996764713, 3.7911175866723737e-10, 0.3424998038477318]","[0.585473521518637, 0.007178836337213748, 0.3941415623235982]",green_rectangular_prism,0.014775649,,,accepted_with_lift_delta,,gazebo_model_states,FALSE,,,standard_replay,1.848231316,0.032958746,31.73397923,46.35098386,1,10,moveit_wrapper_v1,2026/8/3 22:44,0.051652018,"[0.57882113297041, 0.007043378922732085]","[-0.02074571263024083, 0.004341368238657767]",0.578821133,0.007043379,-0.020745713,0.004341368,0.021195095
,1785822405,x06_R2_20260803_224546_green_cuboid,pick up the green cuboid with rotated top grasp,x06_y0_yaw75,2,full,green_cuboid,rectangular_prism,rectangular_prism,,FALSE,success,,,,cuboid_top_yaw_grasp,0.737218889,language_then_geometry,grasp,0.9921875,0.737218889,0.9921875,0.737218889,"[{""id"": ""cuboid_top_yaw_grasp"", ""task_type"": ""grasp"", ""language_score"": 0.9921875000000001, ""geometry_score"": 0.7372188891130648}]",,,LangSAM+depth_pointcloud,head_camera,0.598546213,0.0030932,-0.596365605,"[0.5985462130447344, 0.0030932001763752594, -0.5963656052631752]",green_rectangular_prism,0.6,3.45E-10,0.342499804,75.00017539,"[0.5999999996840324, 3.449767805851801e-10, """"]","[0.5999999996840324, 3.449767805851801e-10, 0.3424998038477318]",gazebo_world_xy_only,base,,,165.0001754,75.00017539,165.0001754,165.086662,0.003417804,0.003417804,0.598546213,0.0030932,-0.565002468,"[0.5985462130447344, 0.0030932001763752594, -0.5650024680967729]","[0.5965466662843613, 0.004083860138868821, -0.43801597123560404]",0.032679234,0.039332569,0.063445449,"[0.032679233700037, 0.039332568645477295, 0.06344544887542725]",90.10136269,165.086662,74.98529933,0.086486627,gazebo_long_axis_parallel_180,0.338196544,-0.570002468,-0.54,0.005,-0.565002468,0.610998815,-0.001674731,0.598546213,0.0030932,-0.012452602,0.004767931,0.082387574,0.035338702,0.012379649,0.022355348,0.012894289,15,475,475,live_trial_x06_R2_20260803_224546_green_cuboid,/home/wei/code/learning_thousand_tasks/demo_library/scene_packages/live_trial_x06_R2_20260803_224546_green_cuboid,/home/wei/code/learning_thousand_tasks/demo_library/scene_packages/live_trial_x06_R2_20260803_224546_green_cuboid,/home/wei/code/learning_thousand_tasks/demo_library/scene_packages/icp_x06_R2_20260803_224546_green_cuboid,grasp,,,,,"["""", """", """"]",,,,,TRUE,top_grasp_demo_replay,,TRUE,TRUE,,58.5371232,0.756753922,0.026384354,49.61161113,/home/wei/code/learning_thousand_tasks/demo_library/rollout_trajectories/rollout_x06_R2_20260803_224546_green_cuboid.json,,TRUE,TRUE,TRUE,,,,,,rectangular_prism,green_cuboid,"[0.03, 0.1, 0.035]","["""", """", """"]",TRUE,"[0.5999999996840324, 3.449767805851801e-10, 0.3424998038477318]","[0.6003748574891321, 0.009371401310880927, 0.4051237475505409]",green_rectangular_prism,0.006440067,,,accepted_with_lift_delta,,gazebo_model_states,FALSE,,,standard_replay,1.25133872,0.062929153,34.90613747,49.61161113,1,11,moveit_wrapper_v1,2026/8/3 22:46,0.062623451,"[0.5951209036297505, 0.004174159669809354]","[-0.003425309414983979, 0.0010809594934340946]",0.595120904,0.00417416,-0.003425309,0.001080959,0.003591827
,1785823030,x06_R4_20260803_225611_green_cuboid,pick up the green cuboid with rotated top grasp,x06_y0_yaw75,4,full,green_cuboid,rectangular_prism,rectangular_prism,,FALSE,success,,,,cuboid_top_yaw_grasp,0.737218889,language_then_geometry,grasp,0.9921875,0.737218889,0.9921875,0.737218889,"[{""id"": ""cuboid_top_yaw_grasp"", ""task_type"": ""grasp"", ""language_score"": 0.9921875000000001, ""geometry_score"": 0.7372188891130648}]",,,LangSAM+depth_pointcloud,head_camera,0.59934248,0.002761729,-0.590454046,"[0.5993424801810479, 0.002761729464333398, -0.590454046401954]",green_rectangular_prism,0.6,4.14E-10,0.342499804,75.00017539,"[0.5999999996686607, 4.143734790533872e-10, """"]","[0.5999999996686607, 4.143734790533872e-10, 0.3424998038477318]",gazebo_world_xy_only,base,,,165.0001754,75.00017539,165.0001754,164.8572789,0.002838922,0.002838922,0.59934248,0.002761729,-0.565002576,"[0.5993424801810479, 0.002761729464333398, -0.5650025759497134]","[0.5973429334206747, 0.00375238942682696, -0.4380160790885445]",0.032686142,0.039079499,0.063225365,"[0.03268614187836647, 0.03907949924469001, 0.06322536468505868]",90.08085452,164.8572789,74.7764244,0.142896468,gazebo_long_axis_parallel_180,0.338196544,-0.570002576,-0.54,0.005,-0.565002576,0.600072451,-0.003157471,0.59934248,0.002761729,-0.000729971,0.0059192,0.082287639,0.035150911,0.007784026,0.018615146,0.009150522,16,475,475,live_trial_x06_R4_20260803_225611_green_cuboid,/home/wei/code/learning_thousand_tasks/demo_library/scene_packages/live_trial_x06_R4_20260803_225611_green_cuboid,/home/wei/code/learning_thousand_tasks/demo_library/scene_packages/live_trial_x06_R4_20260803_225611_green_cuboid,/home/wei/code/learning_thousand_tasks/demo_library/scene_packages/icp_x06_R4_20260803_225611_green_cuboid,grasp,,,,,"["""", """", """"]",,,,,TRUE,top_grasp_demo_replay,,TRUE,TRUE,,58.85194778,0.964606524,0.092328548,48.67337084,/home/wei/code/learning_thousand_tasks/demo_library/rollout_trajectories/rollout_x06_R4_20260803_225611_green_cuboid.json,,TRUE,TRUE,TRUE,,,,,,rectangular_prism,green_cuboid,"[0.03, 0.1, 0.035]","["""", """", """"]",TRUE,"[0.5999999996686607, 4.143734790533872e-10, 0.3424998038477318]","[0.5950071478698573, 0.013524780498435215, 0.3997551590650614]",green_rectangular_prism,0.011585226,,,accepted_with_lift_delta,,gazebo_model_states,FALSE,,,standard_replay,2.104751825,0.083152771,33.87592292,48.67337084,1,11,moveit_wrapper_v1,2026/8/3 22:57,0.057243899,"[0.5858663488446724, 0.0022720021444368674]","[-0.013476131336375485, -0.0004897273198965308]",0.585866349,0.002272002,-0.013476131,-0.000489727,0.013485027
,1785826466,x06_R1_20260803_235334_green_cuboid,pick up the green cuboid with rotated top grasp,x06_y0_yaw15,1,full,green_cuboid,rectangular_prism,rectangular_prism,,FALSE,success,,,,cuboid_top_yaw_grasp,0.737218889,language_then_geometry,grasp,0.9921875,0.737218889,0.9921875,0.737218889,"[{""id"": ""cuboid_top_yaw_grasp"", ""task_type"": ""grasp"", ""language_score"": 0.9921875000000001, ""geometry_score"": 0.7372188891130648}]",,,LangSAM+depth_pointcloud,head_camera,0.598700307,0.003181307,-0.591684413,"[0.5987003065601993, 0.0031813069637245586, -0.5916844130895935]",green_rectangular_prism,0.599999999,3.99E-10,0.342499804,14.99997778,"[0.5999999993476746, 3.985184508234621e-10, """"]","[0.5999999993476746, 3.985184508234621e-10, 0.3424998038477318]",gazebo_world_xy_only,base,,,104.9999778,14.99997778,104.9999778,104.7148403,0.003436555,0.003436555,0.598700307,0.003181307,-0.565002649,"[0.5987003065601993, 0.0031813069637245586, -0.5650026491609744]","[0.5967007597998262, 0.0041719669262181205, -0.43801615229980556]",0.070493402,0.035624957,0.024048686,"[0.07049340158700942, 0.03562495708465574, 0.024048686027526855]",90.08080849,104.7148403,14.63403185,0.285137436,gazebo_long_axis_parallel_180,0.338196544,-0.570002649,-0.54,0.005,-0.565002649,0.597750848,0.002621152,0.598700307,0.003181307,0.000949458,0.000560155,0.081462787,0.029522054,0.007119322,0.01712093,0.008374122,6,627,627,live_trial_x06_R1_20260803_235334_green_cuboid,/home/wei/code/learning_thousand_tasks/demo_library/scene_packages/live_trial_x06_R1_20260803_235334_green_cuboid,/home/wei/code/learning_thousand_tasks/demo_library/scene_packages/live_trial_x06_R1_20260803_235334_green_cuboid,/home/wei/code/learning_thousand_tasks/demo_library/scene_packages/icp_x06_R1_20260803_235334_green_cuboid,grasp,,,,,"["""", """", """"]",,,,,TRUE,top_grasp_demo_replay,,TRUE,TRUE,,51.54127312,1.101370335,0.021938324,42.46557474,/home/wei/code/learning_thousand_tasks/demo_library/rollout_trajectories/rollout_x06_R1_20260803_235334_green_cuboid.json,,TRUE,TRUE,TRUE,,,,,,rectangular_prism,green_cuboid,"[0.03, 0.1, 0.035]","["""", """", """"]",TRUE,"[0.5999999993476746, 3.985184508234621e-10, 0.3424998038477318]","[0.5830754207801767, 0.005478758943737145, 0.40294449178302255]",green_rectangular_prism,0.015696393,,,accepted_with_lift_delta,,gazebo_model_states,FALSE,,,standard_replay,1.48966217,0.047461033,27.88920403,42.46557474,1,11,moveit_wrapper_v1,2026/8/3 23:54,0.060443981,"[0.5853473720214422, -0.0010575886695808195]","[-0.013352934538757188, -0.004238895633305378]",0.585347372,-0.001057589,-0.013352935,-0.004238896,0.014009607
,1785827782,x055_R1_20260804_001528_green_cuboid,pick up the green cuboid with rotated top grasp,x055_y-015_yaw30,1,full,green_cuboid,rectangular_prism,rectangular_prism,,FALSE,success,,,,cuboid_top_yaw_grasp,0.737218889,language_then_geometry,grasp,0.9921875,0.737218889,0.9921875,0.737218889,"[{""id"": ""cuboid_top_yaw_grasp"", ""task_type"": ""grasp"", ""language_score"": 0.9921875000000001, ""geometry_score"": 0.7372188891130648}]",,,LangSAM+depth_pointcloud,head_camera,0.549653717,-0.145428887,-0.593419522,"[0.5496537169814072, -0.14542888692333364, -0.5934195218471686]",green_rectangular_prism,0.549999999,-0.149999999,0.342499804,30.00001292,"[0.549999998597894, -0.14999999894878158, """"]","[0.549999998597894, -0.14999999894878158, 0.34249980384771783]",gazebo_world_xy_only,base,,,120.0000129,30.00001292,120.0000129,118.4990532,0.004584209,0.004584209,0.549653717,-0.145428887,-0.565002228,"[0.5496537169814072, -0.14542888692333364, -0.5650022279322997]","[0.547654170221034, -0.14443822696084008, -0.43801573107113084]",0.068714725,0.038892418,0.036356938,"[0.06871472522616387, 0.03889241814613342, 0.03635693788528438]",90.10150819,118.4990532,28.39754501,1.500959725,gazebo_long_axis_parallel_180,0.338196544,-0.570002228,-0.54,0.005,-0.565002228,0.54570799,-0.145548858,0.549653717,-0.145428887,0.003945727,0.000119971,0.082193661,0.035788807,0.006828405,0.01686973,0.008251574,8,694,694,live_trial_x055_R1_20260804_001528_green_cuboid,/home/wei/code/learning_thousand_tasks/demo_library/scene_packages/live_trial_x055_R1_20260804_001528_green_cuboid,/home/wei/code/learning_thousand_tasks/demo_library/scene_packages/live_trial_x055_R1_20260804_001528_green_cuboid,/home/wei/code/learning_thousand_tasks/demo_library/scene_packages/icp_x055_R1_20260804_001528_green_cuboid,grasp,,,,,"["""", """", """"]",,,,,TRUE,top_grasp_demo_replay,,TRUE,TRUE,,53.9104681,0.953244209,0.043815136,45.48346376,/home/wei/code/learning_thousand_tasks/demo_library/rollout_trajectories/rollout_x055_R1_20260804_001528_green_cuboid.json,,TRUE,TRUE,TRUE,,,,,,rectangular_prism,green_cuboid,"[0.03, 0.1, 0.035]","["""", """", """"]",TRUE,"[0.549999998597894, -0.14999999894878158, 0.34249980384771783]","[0.5589436546371032, -0.15181416950019838, 0.39625959998901555]",green_rectangular_prism,0.011306959,,,accepted_with_lift_delta,,gazebo_model_states,FALSE,,,standard_replay,1.782424212,0.029728413,30.04553366,45.48346376,1,11,moveit_wrapper_v1,2026/8/4 0:16,0.053771075,"[0.5398892786120658, -0.1313169972884448]","[-0.009764438369341377, 0.014111889634888852]",0.539889279,-0.131316997,-0.009764438,0.01411189,0.017160702
,1785827946,x055_R2_20260804_001810_green_cuboid,pick up the green cuboid with rotated top grasp,x055_y-015_yaw30,2,full,green_cuboid,rectangular_prism,rectangular_prism,,FALSE,failed,controller_control_failed,trajectory_execution,controller_control_failed,cuboid_top_yaw_grasp,0.737218889,language_then_geometry,grasp,0.9921875,0.737218889,0.9921875,0.737218889,"[{""id"": ""cuboid_top_yaw_grasp"", ""task_type"": ""grasp"", ""language_score"": 0.9921875000000001, ""geometry_score"": 0.7372188891130648}]",,,LangSAM+depth_pointcloud,head_camera,0.549653641,-0.145429332,-0.593420187,"[0.549653640532854, -0.14542933231383856, -0.5934201874206932]",green_rectangular_prism,0.549999999,-0.149999999,0.342499804,30.0000129,"[0.5499999989647885, -0.14999999918743287, """"]","[0.5499999989647885, -0.14999999918743287, 0.34249980384771783]",gazebo_world_xy_only,base,,,120.0000129,30.0000129,120.0000129,118.4991673,0.004583771,0.004583771,0.549653641,-0.145429332,-0.565002324,"[0.549653640532854, -0.14542933231383856, -0.5650023241486075]","[0.5476540937724809, -0.144438672351345, -0.43801582728743865]",0.068714909,0.038892734,0.03635838,"[0.06871490851044657, 0.03889273405075078, 0.0363583803176879]",90.10143209,118.4991673,28.3977352,1.500845618,gazebo_long_axis_parallel_180,0.338196544,-0.570002324,-0.54,0.005,-0.565002324,0.545707928,-0.145549661,0.549653641,-0.145429332,0.003945713,0.000120329,0.082194074,0.035788702,0.006828132,0.01686966,0.008251559,8,694,694,live_trial_x055_R2_20260804_001810_green_cuboid,/home/wei/code/learning_thousand_tasks/demo_library/scene_packages/live_trial_x055_R2_20260804_001810_green_cuboid,/home/wei/code/learning_thousand_tasks/demo_library/scene_packages/live_trial_x055_R2_20260804_001810_green_cuboid,/home/wei/code/learning_thousand_tasks/demo_library/scene_packages/icp_x055_R2_20260804_001810_green_cuboid,grasp,,,,,"["""", """", """"]",,,,,TRUE,top_grasp_demo_replay,,TRUE,FALSE,,55.63941765,0.809209585,0.029721022,46.84876513,/home/wei/code/learning_thousand_tasks/demo_library/rollout_trajectories/rollout_x055_R2_20260804_001810_green_cuboid.json,,FALSE,FALSE,FALSE,controller_execution_failure,,,,,rectangular_prism,green_cuboid,"[0.03, 0.1, 0.035]","["""", """", """"]",TRUE,"[0.5499999989647885, -0.14999999918743287, 0.34249980384771783]","[0.6077345553363216, -0.1779228114180689, 0.34249980384772283]",green_rectangular_prism,0.066552377,,,,,gazebo_model_states,FALSE,,,standard_replay,1.569930553,0.040202379,32.72651076,46.84876513,1,11,moveit_wrapper_v1,2026/8/4 0:19,,"[0.5411393492784915, -0.13347007143790074]","[-0.008514291254362538, 0.011959260875937822]",0.541139349,-0.133470071,-0.008514291,0.011959261,0.0146805
,1785828553,x055_R4_20260804_002818_green_cuboid,pick up the green cuboid with rotated top grasp,x055_y-015_yaw30,4,full,green_cuboid,rectangular_prism,rectangular_prism,,FALSE,success,,,,cuboid_top_yaw_grasp,0.737218889,language_then_geometry,grasp,0.9921875,0.737218889,0.9921875,0.737218889,"[{""id"": ""cuboid_top_yaw_grasp"", ""task_type"": ""grasp"", ""language_score"": 0.9921875000000001, ""geometry_score"": 0.7372188891130648}]",,,LangSAM+depth_pointcloud,head_camera,0.549653714,-0.145429848,-0.5934231,"[0.5496537141489422, -0.14542984803493741, -0.593423100110927]",green_rectangular_prism,0.549999999,-0.149999999,0.342499804,30.0000129,"[0.5499999990685819, -0.1499999992503377, """"]","[0.5499999990685819, -0.1499999992503377, 0.34249980384767165]",gazebo_world_xy_only,base,,,120.0000129,30.0000129,120.0000129,118.4991192,0.004583252,0.004583252,0.549653714,-0.145429848,-0.565002309,"[0.5496537141489422, -0.14542984803493741, -0.5650023090276318]","[0.547654167388569, -0.14443918807244385, -0.43801581216646296]",0.068715326,0.038895237,0.03636167,"[0.06871532648801805, 0.03889523744583134, 0.03636167049407968]",90.10131007,118.4991192,28.3978091,1.500893726,gazebo_long_axis_parallel_180,0.338196544,-0.570002309,-0.54,0.005,-0.565002309,0.545704023,-0.145543365,0.549653714,-0.145429848,0.003949692,0.000113517,0.082194865,0.035787497,0.006821613,0.016859901,0.008251435,8,694,694,live_trial_x055_R4_20260804_002818_green_cuboid,/home/wei/code/learning_thousand_tasks/demo_library/scene_packages/live_trial_x055_R4_20260804_002818_green_cuboid,/home/wei/code/learning_thousand_tasks/demo_library/scene_packages/live_trial_x055_R4_20260804_002818_green_cuboid,/home/wei/code/learning_thousand_tasks/demo_library/scene_packages/icp_x055_R4_20260804_002818_green_cuboid,grasp,,,,,"["""", """", """"]",,,,,TRUE,top_grasp_demo_replay,,TRUE,TRUE,,53.59608793,0.923918247,0.09373641,43.09085083,/home/wei/code/learning_thousand_tasks/demo_library/rollout_trajectories/rollout_x055_R4_20260804_002818_green_cuboid.json,,TRUE,TRUE,TRUE,,,,,,rectangular_prism,green_cuboid,"[0.03, 0.1, 0.035]","["""", """", """"]",TRUE,"[0.5499999990685819, -0.1499999992503377, 0.34249980384767165]","[0.5668282351554621, -0.15574722874656144, 0.3919799116890704]",green_rectangular_prism,0.020071868,,,accepted_with_lift_delta,,gazebo_model_states,FALSE,,,standard_replay,2.691770315,0.031695366,27.6016078,43.09085083,1,11,moveit_wrapper_v1,2026/8/4 0:29,0.049513974,"[0.5395255114959918, -0.1336361831475638]","[-0.010128202652950336, 0.011793664887373628]",0.539525511,-0.133636183,-0.010128203,0.011793665,0.015545772
,1785829223,x055_R3_20260804_003934_green_cuboid,pick up the green cuboid with rotated top grasp,x055_y-015_yaw30,3,full,green_cuboid,rectangular_prism,rectangular_prism,,FALSE,success,,,,cuboid_top_yaw_grasp,0.737218889,language_then_geometry,grasp,0.9921875,0.737218889,0.9921875,0.737218889,"[{""id"": ""cuboid_top_yaw_grasp"", ""task_type"": ""grasp"", ""language_score"": 0.9921875000000001, ""geometry_score"": 0.7372188891130648}]",,,LangSAM+depth_pointcloud,head_camera,0.549653482,-0.145430948,-0.593423116,"[0.5496534818079306, -0.14543094842997512, -0.5934231157695145]",green_rectangular_prism,0.549999999,-0.149999999,0.342499804,30.00001292,"[0.5499999986862009, -0.14999999900126382, """"]","[0.5499999986862009, -0.14999999900126382, 0.34249980384767165]",gazebo_world_xy_only,base,,,120.0000129,30.00001292,120.0000129,118.4992301,0.004582172,0.004582172,0.549653482,-0.145430948,-0.565002382,"[0.5496534818079306, -0.14543094842997512, -0.5650023816340206]","[0.5476539350475574, -0.14444028846748155, -0.43801588477285175]",0.068715978,0.038898283,0.036367822,"[0.0687159776687622, 0.038898283243179343, 0.036367821693420455]",90.1010739,118.4992301,28.3981562,1.500782815,gazebo_long_axis_parallel_180,0.338196544,-0.570002382,-0.54,0.005,-0.565002382,0.545706897,-0.145550594,0.549653482,-0.145430948,0.003946585,0.000119646,0.082196459,0.035786085,0.006824079,0.016867078,0.008251351,8,694,694,live_trial_x055_R3_20260804_003934_green_cuboid,/home/wei/code/learning_thousand_tasks/demo_library/scene_packages/live_trial_x055_R3_20260804_003934_green_cuboid,/home/wei/code/learning_thousand_tasks/demo_library/scene_packages/live_trial_x055_R3_20260804_003934_green_cuboid,/home/wei/code/learning_thousand_tasks/demo_library/scene_packages/icp_x055_R3_20260804_003934_green_cuboid,grasp,,,,,"["""", """", """"]",,,,,TRUE,top_grasp_demo_replay,,TRUE,TRUE,,48.65622139,0.889559507,0.016747952,41.71228337,/home/wei/code/learning_thousand_tasks/demo_library/rollout_trajectories/rollout_x055_R3_20260804_003934_green_cuboid.json,,TRUE,TRUE,TRUE,,,,,,rectangular_prism,green_cuboid,"[0.03, 0.1, 0.035]","["""", """", """"]",TRUE,"[0.5499999986862009, -0.14999999900126382, 0.34249980384767165]","[0.5508730105215996, -0.14725693226400713, 0.4019233216546746]",green_rectangular_prism,0.002200251,,,accepted_with_lift_delta,,gazebo_model_states,FALSE,,,standard_replay,0.749703407,0.040390015,27.05721974,41.71228337,1,11,moveit_wrapper_v1,2026/8/4 0:40,0.059447969,"[0.5327164060991973, -0.12729901351179074]","[-0.016937075708733262, 0.018131934918184378]",0.532716406,-0.127299014,-0.016937076,0.018131935,0.024811925
,1785830581,x055_R1_20260804_010205_green_cuboid,pick up the green cuboid with rotated top grasp,x055_y-015_yaw45,1,full,green_cuboid,rectangular_prism,rectangular_prism,,FALSE,success,,,,cuboid_top_yaw_grasp,0.737218889,language_then_geometry,grasp,0.9921875,0.737218889,0.9921875,0.737218889,"[{""id"": ""cuboid_top_yaw_grasp"", ""task_type"": ""grasp"", ""language_score"": 0.9921875000000001, ""geometry_score"": 0.7372188891130648}]",,,LangSAM+depth_pointcloud,head_camera,0.548403719,-0.145680674,-0.594427528,"[0.5484037194299369, -0.14568067378395266, -0.594427528465624]",green_rectangular_prism,0.549999998,-0.149999997,0.342499804,44.99999076,"[0.5499999977719872, -0.14999999715914594, """"]","[0.5499999977719872, -0.14999999715914594, 0.3424998038476674]",gazebo_world_xy_only,base,,,134.9999908,44.99999076,134.9999908,133.7207417,0.004604852,0.004604852,0.548403719,-0.145680674,-0.565002223,"[0.5484037194299369, -0.14568067378395266, -0.5650022225929491]","[0.5464041726695638, -0.1446900138214591, -0.4380157257317802]",0.058818355,0.043730581,0.046546102,"[0.058818355202674866, 0.0437305808067322, 0.046546101570129395]",90.11516752,133.7207417,43.60557419,1.279249052,gazebo_long_axis_parallel_180,0.338196544,-0.570002223,-0.54,0.005,-0.565002223,0.542749737,-0.14624869,0.548403719,-0.145680674,0.005653983,0.000568016,0.082063805,0.035327127,0.00701782,0.017403311,0.008369257,11,655,655,live_trial_x055_R1_20260804_010205_green_cuboid,/home/wei/code/learning_thousand_tasks/demo_library/scene_packages/live_trial_x055_R1_20260804_010205_green_cuboid,/home/wei/code/learning_thousand_tasks/demo_library/scene_packages/live_trial_x055_R1_20260804_010205_green_cuboid,/home/wei/code/learning_thousand_tasks/demo_library/scene_packages/icp_x055_R1_20260804_010205_green_cuboid,grasp,,,,,"["""", """", """"]",,,,,TRUE,top_grasp_demo_replay,,TRUE,TRUE,,56.22352171,0.976972103,0.073639631,45.42299986,/home/wei/code/learning_thousand_tasks/demo_library/rollout_trajectories/rollout_x055_R1_20260804_010205_green_cuboid.json,,TRUE,TRUE,TRUE,,,,,,rectangular_prism,green_cuboid,"[0.03, 0.1, 0.035]","["""", """", """"]",TRUE,"[0.5499999977719872, -0.14999999715914594, 0.3424998038476674]","[0.5718369235628666, -0.1591935212403994, 0.3854371887569591]",green_rectangular_prism,0.027239428,,,accepted_with_lift_delta,,gazebo_model_states,FALSE,,,standard_replay,2.548713446,0.03665781,30.59218097,45.42299986,1,11,moveit_wrapper_v1,2026/8/4 1:03,0.043186615,"[0.5371983434526775, -0.12848641590558665]","[-0.011205375977259457, 0.01719425787836601]",0.537198343,-0.128486416,-0.011205376,0.017194258,0.02052323
,1785830754,x055_R2_20260804_010456_green_cuboid,pick up the green cuboid with rotated top grasp,x055_y-015_yaw45,2,full,green_cuboid,rectangular_prism,rectangular_prism,,FALSE,success,,,,cuboid_top_yaw_grasp,0.737218889,language_then_geometry,grasp,0.9921875,0.737218889,0.9921875,0.737218889,"[{""id"": ""cuboid_top_yaw_grasp"", ""task_type"": ""grasp"", ""language_score"": 0.9921875000000001, ""geometry_score"": 0.7372188891130648}]",,,LangSAM+depth_pointcloud,head_camera,0.545244856,-0.145477646,-0.590368036,"[0.5452448562383663, -0.14547764608655742, -0.5903680361098932]",green_rectangular_prism,0.550000011,-0.150000014,0.342499804,44.99999027,"[0.5500000106433971, -0.15000001406636626, """"]","[0.5500000106433971, -0.15000001406636626, 0.3424998041118659]",gazebo_world_xy_only,base,,,134.9999903,44.99999027,134.9999903,135.3117971,0.006562264,0.006562264,0.545244856,-0.145477646,-0.56500233,"[0.5452448562383663, -0.14547764608655742, -0.5650023299335182]","[0.5432453094779931, -0.14448698612406385, -0.4380158330723493]",0.059299265,0.041515887,0.04962101,"[0.059299264848232267, 0.041515886783599854, 0.04962100982666007]",90.10174324,135.3117971,45.2100539,0.311806874,gazebo_long_axis_parallel_180,0.338196544,-0.57000233,-0.54,0.005,-0.56500233,0.542080358,-0.14479382,0.545244856,-0.145477646,0.003164498,-0.000683826,0.086970743,0.03013408,0.006980175,0.017839017,0.008506108,9,655,655,live_trial_x055_R2_20260804_010456_green_cuboid,/home/wei/code/learning_thousand_tasks/demo_library/scene_packages/live_trial_x055_R2_20260804_010456_green_cuboid,/home/wei/code/learning_thousand_tasks/demo_library/scene_packages/live_trial_x055_R2_20260804_010456_green_cuboid,/home/wei/code/learning_thousand_tasks/demo_library/scene_packages/icp_x055_R2_20260804_010456_green_cuboid,grasp,,,,,"["""", """", """"]",,,,,TRUE,top_grasp_demo_replay,,TRUE,TRUE,,57.68535614,1.13216877,0.050924063,49.35859799,/home/wei/code/learning_thousand_tasks/demo_library/rollout_trajectories/rollout_x055_R2_20260804_010456_green_cuboid.json,,TRUE,TRUE,TRUE,,,,,,rectangular_prism,green_cuboid,"[0.03, 0.1, 0.035]","["""", """", """"]",TRUE,"[0.5500000106433971, -0.15000001406636626, 0.3424998041118659]","[0.5479702081254392, -0.1504807605990498, 0.3973466540057521]",green_rectangular_prism,0.005705562,,,accepted_with_lift_delta,,gazebo_model_states,FALSE,,,standard_replay,1.108791351,0.037231207,33.55741429,49.35859799,1,11,moveit_wrapper_v1,2026/8/4 1:05,0.054873211,"[0.534781635876741, -0.134457037011406]","[-0.01046322036162528, 0.011020609075151427]",0.534781636,-0.134457037,-0.01046322,0.011020609,0.015196473
,1785831419,x055_R3_20260804_011601_green_cuboid,pick up the green cuboid with rotated top grasp,x055_y-015_yaw45,3,full,green_cuboid,rectangular_prism,rectangular_prism,,FALSE,success,,,,cuboid_top_yaw_grasp,0.737218889,language_then_geometry,grasp,0.9921875,0.737218889,0.9921875,0.737218889,"[{""id"": ""cuboid_top_yaw_grasp"", ""task_type"": ""grasp"", ""language_score"": 0.9921875000000001, ""geometry_score"": 0.7372188891130648}]",,,LangSAM+depth_pointcloud,head_camera,0.548209077,-0.145729896,-0.594319276,"[0.5482090771210962, -0.14572989637593906, -0.5943192758700647]",green_rectangular_prism,0.549999998,-0.149999998,0.342499804,44.99999074,"[0.5499999981104018, -0.14999999759896054, """"]","[0.5499999981104018, -0.14999999759896054, 0.3424998038476674]",gazebo_world_xy_only,base,,,134.9999907,44.99999074,134.9999907,133.6697289,0.00463046,0.00463046,0.548209077,-0.145729896,-0.565002454,"[0.5482090771210962, -0.14572989637593906, -0.5650024540878152]","[0.5462095303607231, -0.1447392364134455, -0.4380159572266464]",0.059058018,0.04375124,0.046545982,"[0.059058018028736115, 0.04375123977661133, 0.046545982360839844]",90.07224148,133.6697289,43.59748738,1.330261887,gazebo_long_axis_parallel_180,0.338196544,-0.570002454,-0.54,0.005,-0.565002454,0.542753318,-0.146343546,0.548209077,-0.145729896,0.00545576,0.000613649,0.081892898,0.035066527,0.007049279,0.01746631,0.008382606,12,653,653,live_trial_x055_R3_20260804_011601_green_cuboid,/home/wei/code/learning_thousand_tasks/demo_library/scene_packages/live_trial_x055_R3_20260804_011601_green_cuboid,/home/wei/code/learning_thousand_tasks/demo_library/scene_packages/live_trial_x055_R3_20260804_011601_green_cuboid,/home/wei/code/learning_thousand_tasks/demo_library/scene_packages/icp_x055_R3_20260804_011601_green_cuboid,grasp,,,,,"["""", """", """"]",,,,,TRUE,top_grasp_demo_replay,,TRUE,TRUE,,57.23155761,1.135223389,0.081746817,48.09512925,/home/wei/code/learning_thousand_tasks/demo_library/rollout_trajectories/rollout_x055_R3_20260804_011601_green_cuboid.json,,TRUE,TRUE,TRUE,,,,,,rectangular_prism,green_cuboid,"[0.03, 0.1, 0.035]","["""", """", """"]",TRUE,"[0.5499999981104018, -0.14999999759896054, 0.3424998038476674]","[0.5650208314314843, -0.14157228704072394, 0.38899150945978106]",green_rectangular_prism,0.017320671,,,accepted_with_lift_delta,,gazebo_model_states,FALSE,,,standard_replay,1.10871315,0.043911695,34.03669119,48.09512925,1,11,moveit_wrapper_v1,2026/8/4 1:16,0.046554354,"[0.5327518249284382, -0.12946178613646986]","[-0.015457252192658033, 0.016268110239469197]",0.532751825,-0.129461786,-0.015457252,0.01626811,0.022440545
,1785831575,x055_R4_20260804_011838_green_cuboid,pick up the green cuboid with rotated top grasp,x055_y-015_yaw45,4,full,green_cuboid,rectangular_prism,rectangular_prism,,FALSE,failed,方块拖地抓的不准,,,cuboid_top_yaw_grasp,0.737218889,language_then_geometry,grasp,0.9921875,0.737218889,0.9921875,0.737218889,"[{""id"": ""cuboid_top_yaw_grasp"", ""task_type"": ""grasp"", ""language_score"": 0.9921875000000001, ""geometry_score"": 0.7372188891130648}]",,,LangSAM+depth_pointcloud,head_camera,0.549801024,-0.144331605,-0.594314959,"[0.5498010238064438, -0.14433160511131432, -0.594314958718937]",green_rectangular_prism,0.549999999,-0.149999998,0.342499804,44.9999907,"[0.549999998781131, -0.14999999847066198, """"]","[0.549999998781131, -0.14999999847066198, 0.3424998038476674]",gazebo_world_xy_only,base,,,134.9999907,44.9999907,134.9999907,133.7040119,0.005671885,0.005671885,0.549801024,-0.144331605,-0.565002264,"[0.5498010238064438, -0.14433160511131432, -0.5650022637539649]","[0.5478014770460706, -0.14334094514882076, -0.43801576689279603]",0.05885967,0.043879616,0.046546102,"[0.058859670162200936, 0.04387961626052861, 0.046546101570129395]",90.10132239,133.7040119,43.60268948,1.295978831,gazebo_long_axis_parallel_180,0.338196544,-0.570002264,-0.54,0.005,-0.565002264,0.542758037,-0.146368266,0.549801024,-0.144331605,0.007042987,0.002036661,0.082074337,0.039186979,0.007033151,0.017749115,0.008416214,12,653,653,live_trial_x055_R4_20260804_011838_green_cuboid,/home/wei/code/learning_thousand_tasks/demo_library/scene_packages/live_trial_x055_R4_20260804_011838_green_cuboid,/home/wei/code/learning_thousand_tasks/demo_library/scene_packages/live_trial_x055_R4_20260804_011838_green_cuboid,/home/wei/code/learning_thousand_tasks/demo_library/scene_packages/icp_x055_R4_20260804_011838_green_cuboid,grasp,,,,,"["""", """", """"]",,,,,TRUE,top_grasp_demo_replay,,TRUE,TRUE,,56.02500606,0.793880939,0.028686285,47.64031887,/home/wei/code/learning_thousand_tasks/demo_library/rollout_trajectories/rollout_x055_R4_20260804_011838_green_cuboid.json,,TRUE,TRUE,TRUE,,,,,,rectangular_prism,green_cuboid,"[0.03, 0.1, 0.035]","["""", """", """"]",TRUE,"[0.549999998781131, -0.14999999847066198, 0.3424998038476674]","[0.5594848394793712, -0.14872753384646753, 0.39065756641404825]",green_rectangular_prism,0.01069723,,,accepted_with_lift_delta,,gazebo_model_states,FALSE,,,standard_replay,1.498944044,0.054912806,33.19325447,47.64031887,1,11,moveit_wrapper_v1,2026/8/4 1:19,0.048230387,"[0.5322661774558494, -0.1329028321674127]","[-0.017534846350594435, 0.011428772943901627]",0.532266177,-0.132902832,-0.017534846,0.011428773,0.020930544
,1785832367,x065_R1_20260804_013146_green_cuboid,pick up the green cuboid with rotated top grasp,x065_y015_yaw45,1,full,green_cuboid,rectangular_prism,rectangular_prism,,FALSE,success,,,,cuboid_top_yaw_grasp,0.737218889,language_then_geometry,grasp,0.9921875,0.737218889,0.9921875,0.737218889,"[{""id"": ""cuboid_top_yaw_grasp"", ""task_type"": ""grasp"", ""language_score"": 0.9921875000000001, ""geometry_score"": 0.7372188891130648}]",,,LangSAM+depth_pointcloud,head_camera,0.653057907,0.158333054,-0.595383443,"[0.6530579067823296, 0.15833305412292178, -0.5953834427100376]",green_rectangular_prism,0.649999998,0.150000003,0.342499804,44.99999075,"[0.6499999979594869, 0.15000000259717325, """"]","[0.6499999979594869, 0.15000000259717325, 0.3424998038476674]",gazebo_world_xy_only,base,,,134.9999908,44.99999075,134.9999908,133.1915825,0.008876404,0.008876404,0.653057907,0.158333054,-0.565002799,"[0.6530579067823296, 0.15833305412292178, -0.5650027989438985]","[0.6510583600219564, 0.15932371408541535, -0.4380163020827296]",0.058129498,0.043099666,0.047317863,"[0.05812949836254122, 0.04309966564178469, 0.04731786251068115]",90.10151728,133.1915825,43.09006526,1.808408211,gazebo_long_axis_parallel_180,0.338196544,-0.570002799,-0.54,0.005,-0.565002799,0.643111662,0.152586804,0.653057907,0.158333054,0.009946245,0.00574625,0.082546943,0.048376639,0.006858913,0.017560096,0.008278494,8,613,613,live_trial_x065_R1_20260804_013146_green_cuboid,/home/wei/code/learning_thousand_tasks/demo_library/scene_packages/live_trial_x065_R1_20260804_013146_green_cuboid,/home/wei/code/learning_thousand_tasks/demo_library/scene_packages/live_trial_x065_R1_20260804_013146_green_cuboid,/home/wei/code/learning_thousand_tasks/demo_library/scene_packages/icp_x065_R1_20260804_013146_green_cuboid,grasp,,,,,"["""", """", """"]",,,,,TRUE,top_grasp_demo_replay,,TRUE,TRUE,,60.28978419,1.049505472,0.014626503,51.45358443,/home/wei/code/learning_thousand_tasks/demo_library/rollout_trajectories/rollout_x065_R1_20260804_013146_green_cuboid.json,,TRUE,TRUE,TRUE,,,,,,rectangular_prism,green_cuboid,"[0.03, 0.1, 0.035]","["""", """", """"]",TRUE,"[0.6499999979594869, 0.15000000259717325, 0.3424998038476674]","[0.6602641193232817, 0.16353740088378874, 0.4037656306797313]",green_rectangular_prism,0.008864989,,,accepted_with_lift_delta,,gazebo_model_states,FALSE,,,standard_replay,1.645640135,0.081276178,36.65818119,51.45358443,1,11,moveit_wrapper_v1,2026/8/4 1:32,0.061261306,"[0.6467763560994864, 0.1524311488299786]","[-0.0062815506828431955, -0.0059019052929431826]",0.646776356,0.152431149,-0.006281551,-0.005901905,0.008619186
,1785832516,x065_R2_20260804_013416_green_cuboid,pick up the green cuboid with rotated top grasp,x065_y015_yaw45,2,full,green_cuboid,rectangular_prism,rectangular_prism,,FALSE,success,,,,cuboid_top_yaw_grasp,0.737218889,language_then_geometry,grasp,0.9921875,0.737218889,0.9921875,0.737218889,"[{""id"": ""cuboid_top_yaw_grasp"", ""task_type"": ""grasp"", ""language_score"": 0.9921875000000001, ""geometry_score"": 0.7372188891130648}]",,,LangSAM+depth_pointcloud,head_camera,0.653014536,0.158404815,-0.595372439,"[0.653014536093287, 0.15840481496855655, -0.595372439206699]",green_rectangular_prism,0.649999999,0.150000001,0.342499804,44.99999068,"[0.6499999990714854, 0.15000000115198403, """"]","[0.6499999990714854, 0.15000000115198403, 0.3424998038476674]",gazebo_world_xy_only,base,,,134.9999907,44.99999068,134.9999907,133.1486658,0.008929072,0.008929072,0.653014536,0.158404815,-0.565002634,"[0.653014536093287, 0.15840481496855655, -0.5650026339756701]","[0.6510149893329138, 0.1593954749310501, -0.4380161371145012]",0.058152561,0.04437362,0.047382784,"[0.05815256088972094, 0.044373619556426935, 0.04738278388977046]",90.11399089,133.1486658,43.03467493,1.851324867,gazebo_long_axis_parallel_180,0.338196544,-0.570002634,-0.54,0.005,-0.565002634,0.642992619,0.152850069,0.653014536,0.158404815,0.010021917,0.005554746,0.082457446,0.048474813,0.006862551,0.017541659,0.008291572,8,613,613,live_trial_x065_R2_20260804_013416_green_cuboid,/home/wei/code/learning_thousand_tasks/demo_library/scene_packages/live_trial_x065_R2_20260804_013416_green_cuboid,/home/wei/code/learning_thousand_tasks/demo_library/scene_packages/live_trial_x065_R2_20260804_013416_green_cuboid,/home/wei/code/learning_thousand_tasks/demo_library/scene_packages/icp_x065_R2_20260804_013416_green_cuboid,grasp,,,,,"["""", """", """"]",,,,,TRUE,top_grasp_demo_replay,,TRUE,TRUE,,58.64425182,1.079321861,0.056259155,49.25504494,/home/wei/code/learning_thousand_tasks/demo_library/rollout_trajectories/rollout_x065_R2_20260804_013416_green_cuboid.json,,TRUE,TRUE,TRUE,,,,,,rectangular_prism,green_cuboid,"[0.03, 0.1, 0.035]","["""", """", """"]",TRUE,"[0.6499999990714854, 0.15000000115198403, 0.3424998038476674]","[0.6540979507497546, 0.1546868287800348, 0.39672932735499056]",green_rectangular_prism,0.003906868,,,accepted_with_lift_delta,,gazebo_model_states,FALSE,,,standard_replay,1.687762737,0.043161154,34.5483911,49.25504494,1,11,moveit_wrapper_v1,2026/8/4 1:35,0.054236842,"[0.6505735966015191, 0.15227813719657785]","[-0.002440939491767824, -0.0061266777719787]",0.650573597,0.152278137,-0.002440939,-0.006126678,0.006595026
,1785832695,x065_R3_20260804_013719_green_cuboid,pick up the green cuboid with rotated top grasp,x065_y015_yaw45,3,full,green_cuboid,rectangular_prism,rectangular_prism,,FALSE,success,,,,cuboid_top_yaw_grasp,0.737218889,language_then_geometry,grasp,0.9921875,0.737218889,0.9921875,0.737218889,"[{""id"": ""cuboid_top_yaw_grasp"", ""task_type"": ""grasp"", ""language_score"": 0.9921875000000001, ""geometry_score"": 0.7372188891130648}]",,,LangSAM+depth_pointcloud,head_camera,0.653057555,0.158333279,-0.595382714,"[0.6530575548826675, 0.15833327907037134, -0.5953827138180656]",green_rectangular_prism,0.649999999,0.150000001,0.342499804,44.9999907,"[0.6499999988334794, 0.1500000014613044, """"]","[0.6499999988334794, 0.1500000014613044, 0.3424998038476674]",gazebo_world_xy_only,base,,,134.9999907,44.9999907,134.9999907,133.1913627,0.008876495,0.008876495,0.653057555,0.158333279,-0.565002634,"[0.6530575548826675, 0.15833327907037134, -0.5650026339756707]","[0.6510580081222943, 0.1593239390328649, -0.4380161371145019]",0.058129764,0.043099403,0.047317624,"[0.058129763603210455, 0.043099403381347656, 0.04731762409210205]",90.10157068,133.1913627,43.08979198,1.808628037,gazebo_long_axis_parallel_180,0.338196544,-0.570002634,-0.54,0.005,-0.565002634,0.643111457,0.152596011,0.653057555,0.158333279,0.009946098,0.005737269,0.082546443,0.04837732,0.006860821,0.017558694,0.008278641,8,613,613,live_trial_x065_R3_20260804_013719_green_cuboid,/home/wei/code/learning_thousand_tasks/demo_library/scene_packages/live_trial_x065_R3_20260804_013719_green_cuboid,/home/wei/code/learning_thousand_tasks/demo_library/scene_packages/live_trial_x065_R3_20260804_013719_green_cuboid,/home/wei/code/learning_thousand_tasks/demo_library/scene_packages/icp_x065_R3_20260804_013719_green_cuboid,grasp,,,,,"["""", """", """"]",,,,,TRUE,top_grasp_demo_replay,,TRUE,TRUE,,55.80566692,0.8268435,0.023993731,47.61121964,/home/wei/code/learning_thousand_tasks/demo_library/rollout_trajectories/rollout_x065_R3_20260804_013719_green_cuboid.json,,TRUE,TRUE,TRUE,,,,,,rectangular_prism,green_cuboid,"[0.03, 0.1, 0.035]","["""", """", """"]",TRUE,"[0.6499999988334794, 0.1500000014613044, 0.3424998038476674]","[0.6439734343216734, 0.14656251844514068, 0.3987045657454601]",green_rectangular_prism,0.014782157,,,accepted_with_lift_delta,,gazebo_model_states,FALSE,,,standard_replay,1.187220573,0.053515911,33.67293763,47.61121964,1,11,moveit_wrapper_v1,2026/8/4 1:38,0.056193579,"[0.6460323134789534, 0.15083152353445575]","[-0.007025241403714078, -0.0075017555359155885]",0.646032313,0.150831524,-0.007025241,-0.007501756,0.010277663
,1785832855,x065_R4_20260804_013952_green_cuboid,pick up the green cuboid with rotated top grasp,x065_y015_yaw45,4,full,green_cuboid,rectangular_prism,rectangular_prism,,FALSE,success,,,,cuboid_top_yaw_grasp,0.737218889,language_then_geometry,grasp,0.9921875,0.737218889,0.9921875,0.737218889,"[{""id"": ""cuboid_top_yaw_grasp"", ""task_type"": ""grasp"", ""language_score"": 0.9921875000000001, ""geometry_score"": 0.7372188891130648}]",,,LangSAM+depth_pointcloud,head_camera,0.653058771,0.158330984,-0.595385441,"[0.6530587705963486, 0.1583309840556746, -0.595385440538936]",green_rectangular_prism,0.649999999,0.150000002,0.342499804,44.9999907,"[0.64999999873523, 0.15000000158899252, """"]","[0.64999999873523, 0.15000000158899252, 0.3424998038476674]",gazebo_world_xy_only,base,,,134.9999907,44.9999907,134.9999907,133.1927322,0.008874759,0.008874759,0.653058771,0.158330984,-0.565002572,"[0.6530587705963486, 0.1583309840556746, -0.5650025715063245]","[0.6510592238359755, 0.15932164401816817, -0.43801607464515563]",0.058127734,0.043100023,0.047317743,"[0.058127734065055864, 0.04310002326965334, 0.0473177433013916]",90.10117509,133.1927322,43.09155709,1.80725852,gazebo_long_axis_parallel_180,0.338196544,-0.570002572,-0.54,0.005,-0.565002572,0.643112597,0.152582825,0.653058771,0.158330984,0.009946173,0.005748159,0.082549458,0.048374325,0.006858404,0.017558307,0.008278156,8,613,613,live_trial_x065_R4_20260804_013952_green_cuboid,/home/wei/code/learning_thousand_tasks/demo_library/scene_packages/live_trial_x065_R4_20260804_013952_green_cuboid,/home/wei/code/learning_thousand_tasks/demo_library/scene_packages/live_trial_x065_R4_20260804_013952_green_cuboid,/home/wei/code/learning_thousand_tasks/demo_library/scene_packages/icp_x065_R4_20260804_013952_green_cuboid,grasp,,,,,"["""", """", """"]",,,,,TRUE,top_grasp_demo_replay,,TRUE,TRUE,,62.59098291,0.898556471,0.081674814,54.24657559,/home/wei/code/learning_thousand_tasks/demo_library/rollout_trajectories/rollout_x065_R4_20260804_013952_green_cuboid.json,,TRUE,TRUE,TRUE,,,,,,rectangular_prism,green_cuboid,"[0.03, 0.1, 0.035]","["""", """", """"]",TRUE,"[0.64999999873523, 0.15000000158899252, 0.3424998038476674]","[0.6350874255819207, 0.15135982699439365, 0.4069821058099951]",green_rectangular_prism,0.0192712,,,accepted_with_lift_delta,,gazebo_model_states,FALSE,,,standard_replay,1.98374939,0.022639513,39.66910434,54.24657559,1,11,moveit_wrapper_v1,2026/8/4 1:40,0.064484404,"[0.649145114737617, 0.14393826072939683]","[-0.003913655858731602, -0.014392723326277779]",0.649145115,0.143938261,-0.003913656,-0.014392723,0.014915334
,1785833330,x065_R2_20260804_014737_green_cuboid,pick up the green cuboid with rotated top grasp,x065_y015_yaw60,2,full,green_cuboid,rectangular_prism,rectangular_prism,,FALSE,success,,,,cuboid_top_yaw_grasp,0.737218889,language_then_geometry,grasp,0.9921875,0.737218889,0.9921875,0.737218889,"[{""id"": ""cuboid_top_yaw_grasp"", ""task_type"": ""grasp"", ""language_score"": 0.9921875000000001, ""geometry_score"": 0.7372188891130648}]",,,LangSAM+depth_pointcloud,head_camera,0.649588483,0.157851119,-0.595488671,"[0.6495884825865557, 0.1578511193724819, -0.5954886709845697]",green_rectangular_prism,0.649999999,0.150000001,0.342499804,60.00014035,"[0.6499999993492714, 0.15000000113902684, """"]","[0.6499999993492714, 0.15000000113902684, 0.34249980384767165]",gazebo_world_xy_only,base,,,150.0001403,60.00014035,150.0001403,148.2880892,0.007861896,0.007861896,0.649588483,0.157851119,-0.565002622,"[0.6495884825865557, 0.1578511193724819, -0.5650026216301551]","[0.6475889358261825, 0.15884177933497545, -0.43801612476898627]",0.047824115,0.047361046,0.055672705,"[0.04782411456108093, 0.04736104607582092, 0.05567270517349243]",90.10156386,148.2880892,58.1865253,1.712051188,gazebo_long_axis_parallel_180,0.338196544,-0.570002622,-0.54,0.005,-0.565002622,0.641563915,0.151048053,0.649588483,0.157851119,0.008024568,0.006803067,0.081632364,0.045340762,0.00683013,0.017939192,0.008371141,11,586,586,live_trial_x065_R2_20260804_014737_green_cuboid,/home/wei/code/learning_thousand_tasks/demo_library/scene_packages/live_trial_x065_R2_20260804_014737_green_cuboid,/home/wei/code/learning_thousand_tasks/demo_library/scene_packages/live_trial_x065_R2_20260804_014737_green_cuboid,/home/wei/code/learning_thousand_tasks/demo_library/scene_packages/icp_x065_R2_20260804_014737_green_cuboid,grasp,,,,,"["""", """", """"]",,,,,TRUE,top_grasp_demo_replay,,TRUE,TRUE,,71.88216972,0.959125519,0.065163374,59.86017847,/home/wei/code/learning_thousand_tasks/demo_library/rollout_trajectories/rollout_x065_R2_20260804_014737_green_cuboid.json,,TRUE,TRUE,TRUE,,,,,,rectangular_prism,green_cuboid,"[0.03, 0.1, 0.035]","["""", """", """"]",TRUE,"[0.6499999993492714, 0.15000000113902684, 0.34249980384767165]","[0.6548932052655464, 0.14471363179419464, 0.40208782176888164]",green_rectangular_prism,0.014205085,,,accepted_with_lift_delta,,gazebo_model_states,FALSE,,,standard_replay,2.119414806,0.032554626,44.11418748,59.86017847,1,11,moveit_wrapper_v1,2026/8/4 1:48,0.059579401,"[0.6479491853435458, 0.14668648467584222]","[-0.0016392972430098185, -0.01116463469663967]",0.647949185,0.146686485,-0.001639297,-0.011164635,0.011284342
,1785833507,x065_R3_20260804_015047_green_cuboid,pick up the green cuboid with rotated top grasp,x065_y015_yaw60,3,full,green_cuboid,rectangular_prism,rectangular_prism,,FALSE,success,,,,cuboid_top_yaw_grasp,0.737218889,language_then_geometry,grasp,0.9921875,0.737218889,0.9921875,0.737218889,"[{""id"": ""cuboid_top_yaw_grasp"", ""task_type"": ""grasp"", ""language_score"": 0.9921875000000001, ""geometry_score"": 0.7372188891130648}]",,,LangSAM+depth_pointcloud,head_camera,0.64958882,0.157850055,-0.595487427,"[0.6495888200858745, 0.15785005493247445, -0.5954874265223054]",green_rectangular_prism,0.649999999,0.150000001,0.342499804,60.00014036,"[0.6499999992394, 0.15000000140165815, """"]","[0.6499999992394, 0.15000000140165815, 0.34249980384767165]",gazebo_world_xy_only,base,,,150.0001404,60.00014036,150.0001404,148.2881578,0.007860815,0.007860815,0.64958882,0.157850055,-0.565002508,"[0.6495888200858745, 0.15785005493247445, -0.5650025079113673]","[0.6475892733255013, 0.158840714894968, -0.43801601105019844]",0.047823802,0.047358662,0.055679619,"[0.04782380163669586, 0.04735866189002991, 0.05567961931228638]",90.10136667,148.2881578,58.18679113,1.711982557,gazebo_long_axis_parallel_180,0.338196544,-0.570002508,-0.54,0.005,-0.565002508,0.641588543,0.151065748,0.64958882,0.157850055,0.008000277,0.006784307,0.081633879,0.045338876,0.006814678,0.017909212,0.008371083,11,586,586,live_trial_x065_R3_20260804_015047_green_cuboid,/home/wei/code/learning_thousand_tasks/demo_library/scene_packages/live_trial_x065_R3_20260804_015047_green_cuboid,/home/wei/code/learning_thousand_tasks/demo_library/scene_packages/live_trial_x065_R3_20260804_015047_green_cuboid,/home/wei/code/learning_thousand_tasks/demo_library/scene_packages/icp_x065_R3_20260804_015047_green_cuboid,grasp,,,,,"["""", """", """"]",,,,,TRUE,top_grasp_demo_replay,,TRUE,TRUE,,59.92660642,0.594805002,0.061252117,51.23239398,/home/wei/code/learning_thousand_tasks/demo_library/rollout_trajectories/rollout_x065_R3_20260804_015047_green_cuboid.json,,TRUE,TRUE,TRUE,,,,,,rectangular_prism,green_cuboid,"[0.03, 0.1, 0.035]","["""", """", """"]",TRUE,"[0.6499999992394, 0.15000000140165815, 0.34249980384767165]","[0.6349837571491198, 0.14871890883136005, 0.4030245756407374]",green_rectangular_prism,0.017230275,,,accepted_with_lift_delta,,gazebo_model_states,FALSE,,,standard_replay,1.544711828,0.045442581,36.90435624,51.23239398,1,10,moveit_wrapper_v1,2026/8/4 1:51,0.060493815,"[0.6369502703950601, 0.14651800126786454]","[-0.012638549690814349, -0.011332053664609903]",0.63695027,0.146518001,-0.01263855,-0.011332054,0.016974934
,1785833729,x065_R1_20260804_015427_green_cuboid,pick up the green cuboid with rotated top grasp,x065_y015_yaw60,1,full,green_cuboid,rectangular_prism,rectangular_prism,,FALSE,success,,,,cuboid_top_yaw_grasp,0.737218889,language_then_geometry,grasp,0.9921875,0.737218889,0.9921875,0.737218889,"[{""id"": ""cuboid_top_yaw_grasp"", ""task_type"": ""grasp"", ""language_score"": 0.9921875000000001, ""geometry_score"": 0.7372188891130648}]",,,LangSAM+depth_pointcloud,head_camera,0.649588224,0.157851714,-0.595486837,"[0.6495882242566701, 0.15785171415279664, -0.5954868368385754]",green_rectangular_prism,0.649999999,0.150000001,0.342499804,60.00014036,"[0.6499999992742245, 0.15000000131841543, """"]","[0.6499999992742245, 0.15000000131841543, 0.34249980384767165]",gazebo_world_xy_only,base,,,150.0001404,60.00014036,150.0001404,148.2880809,0.007862503,0.007862503,0.649588224,0.157851714,-0.565002408,"[0.6495882242566701, 0.15785171415279664, -0.5650024075916691]","[0.6475886774962969, 0.1588423741152902, -0.4380159107305002]",0.047824331,0.047362536,0.05566895,"[0.04782433062791824, 0.04736253619194031, 0.05566895008087158]",90.10168328,148.2880809,58.18639762,1.712059452,gazebo_long_axis_parallel_180,0.338196544,-0.570002408,-0.54,0.005,-0.565002408,0.64156322,0.151049361,0.649588224,0.157851714,0.008025005,0.006802353,0.08163144,0.045341877,0.006830534,0.017939753,0.008371316,11,586,586,live_trial_x065_R1_20260804_015427_green_cuboid,/home/wei/code/learning_thousand_tasks/demo_library/scene_packages/live_trial_x065_R1_20260804_015427_green_cuboid,/home/wei/code/learning_thousand_tasks/demo_library/scene_packages/live_trial_x065_R1_20260804_015427_green_cuboid,/home/wei/code/learning_thousand_tasks/demo_library/scene_packages/icp_x065_R1_20260804_015427_green_cuboid,grasp,,,,,"["""", """", """"]",,,,,TRUE,top_grasp_demo_replay,,TRUE,TRUE,,60.86380053,1.003047466,0.021293163,52.74151134,/home/wei/code/learning_thousand_tasks/demo_library/rollout_trajectories/rollout_x065_R1_20260804_015427_green_cuboid.json,,TRUE,TRUE,TRUE,,,,,,rectangular_prism,green_cuboid,"[0.03, 0.1, 0.035]","["""", """", """"]",TRUE,"[0.6499999992742245, 0.15000000131841543, 0.34249980384767165]","[0.64747242069475, 0.13536206279081328, 0.397361705656256]",green_rectangular_prism,0.022587966,,,accepted_with_lift_delta,,gazebo_model_states,FALSE,,,standard_replay,1.474049091,0.071243763,38.11536646,52.74151134,1,11,moveit_wrapper_v1,2026/8/4 1:55,0.054866496,"[0.6336383507435827, 0.15036470716494543]","[-0.01594987351308741, -0.007487006987851208]",0.633638351,0.150364707,-0.015949874,-0.007487007,0.017619697
,1785833896,x065_R4_20260804_015711_green_cuboid,pick up the green cuboid with rotated top grasp,x065_y015_yaw60,4,full,green_cuboid,rectangular_prism,rectangular_prism,,FALSE,success,,,,cuboid_top_yaw_grasp,0.737218889,language_then_geometry,grasp,0.9921875,0.737218889,0.9921875,0.737218889,"[{""id"": ""cuboid_top_yaw_grasp"", ""task_type"": ""grasp"", ""language_score"": 0.9921875000000001, ""geometry_score"": 0.7372188891130648}]",,,LangSAM+depth_pointcloud,head_camera,0.649596216,0.157806746,-0.595570918,"[0.6495962160016457, 0.15780674623054142, -0.5955709179850253]",green_rectangular_prism,0.649999999,0.150000001,0.342499804,60.00014035,"[0.6499999993618394, 0.15000000110898504, """"]","[0.6499999993618394, 0.15000000110898504, 0.34249980384767165]",gazebo_world_xy_only,base,,,150.0001403,60.00014035,150.0001403,148.678107,0.00781718,0.00781718,0.649596216,0.157806746,-0.56500263,"[0.6495962160016457, 0.15780674623054142, -0.5650026295494455]","[0.6475966692412726, 0.15879740619303498, -0.4380161326882766]",0.047768623,0.046931475,0.055630624,"[0.047768622636795044, 0.04693147540092468, 0.055630624294281006]",90.06749014,148.678107,58.61061684,1.322033367,gazebo_long_axis_parallel_180,0.338196544,-0.57000263,-0.54,0.005,-0.56500263,0.641942738,0.150688206,0.649596216,0.157806746,0.007653478,0.00711854,0.081600761,0.044836566,0.006725358,0.017913982,0.008322712,11,586,586,live_trial_x065_R4_20260804_015711_green_cuboid,/home/wei/code/learning_thousand_tasks/demo_library/scene_packages/live_trial_x065_R4_20260804_015711_green_cuboid,/home/wei/code/learning_thousand_tasks/demo_library/scene_packages/live_trial_x065_R4_20260804_015711_green_cuboid,/home/wei/code/learning_thousand_tasks/demo_library/scene_packages/icp_x065_R4_20260804_015711_green_cuboid,grasp,,,,,"["""", """", """"]",,,,,TRUE,top_grasp_demo_replay,,TRUE,TRUE,,64.05225325,0.961171627,0.03046751,54.48847842,/home/wei/code/learning_thousand_tasks/demo_library/rollout_trajectories/rollout_x065_R4_20260804_015711_green_cuboid.json,,TRUE,TRUE,TRUE,,,,,,rectangular_prism,green_cuboid,"[0.03, 0.1, 0.035]","["""", """", """"]",TRUE,"[0.6499999993618394, 0.15000000110898504, 0.34249980384767165]","[0.6582750760427866, 0.1444829015558644, 0.3932519072404648]",green_rectangular_prism,0.015904472,,,accepted_with_lift_delta,,gazebo_model_states,FALSE,,,standard_replay,1.861467838,0.023449421,39.92018294,54.48847842,1,11,moveit_wrapper_v1,2026/8/4 1:58,0.050781849,"[0.638084984370344, 0.15132373639753813]","[-0.011511231631301744, -0.006483009833003289]",0.638084984,0.151323736,-0.011511232,-0.00648301,0.013211278
,1785834361,x065_R1_20260804_020456_green_cuboid,pick up the green cuboid with rotated top grasp,x065_y015_yaw75,1,full,green_cuboid,rectangular_prism,rectangular_prism,,FALSE,success,,,,cuboid_top_yaw_grasp,0.737218889,language_then_geometry,grasp,0.9921875,0.737218889,0.9921875,0.737218889,"[{""id"": ""cuboid_top_yaw_grasp"", ""task_type"": ""grasp"", ""language_score"": 0.9921875000000001, ""geometry_score"": 0.7372188891130648}]",,,LangSAM+depth_pointcloud,head_camera,0.647102178,0.155548468,-0.594730439,"[0.6471021783558184, 0.1555484677727662, -0.5947304390159965]",green_rectangular_prism,0.65,0.150000001,0.342499804,75.00017539,"[0.6499999995975978, 0.1500000006416868, """"]","[0.6499999995975978, 0.1500000006416868, 0.34249980384768564]",gazebo_world_xy_only,base,,,165.0001754,75.00017539,165.0001754,163.8358454,0.006259621,0.006259621,0.647102178,0.155548468,-0.565002653,"[0.6471021783558184, 0.1555484677727662, -0.5650026525143798]","[0.6451026315954452, 0.15653912773525977, -0.4380161556532109]",0.034988227,0.052620405,0.063770056,"[0.0349882274866104, 0.052620404958725, 0.06377005577087402]",90.10128425,163.8358454,73.73456115,1.164329997,gazebo_long_axis_parallel_180,0.338196544,-0.570002653,-0.54,0.005,-0.565002653,0.641000812,0.149460836,0.647102178,0.155548468,0.006101366,0.006087632,0.081822141,0.040584761,0.006908057,0.018056881,0.008551887,13,550,550,live_trial_x065_R1_20260804_020456_green_cuboid,/home/wei/code/learning_thousand_tasks/demo_library/scene_packages/live_trial_x065_R1_20260804_020456_green_cuboid,/home/wei/code/learning_thousand_tasks/demo_library/scene_packages/live_trial_x065_R1_20260804_020456_green_cuboid,/home/wei/code/learning_thousand_tasks/demo_library/scene_packages/icp_x065_R1_20260804_020456_green_cuboid,grasp,,,,,"["""", """", """"]",,,,,TRUE,top_grasp_demo_replay,,TRUE,TRUE,,63.82921481,1.039640188,0.064975023,54.95709968,/home/wei/code/learning_thousand_tasks/demo_library/rollout_trajectories/rollout_x065_R1_20260804_020456_green_cuboid.json,,TRUE,TRUE,TRUE,,,,,,rectangular_prism,green_cuboid,"[0.03, 0.1, 0.035]","["""", """", """"]",TRUE,"[0.6499999995975978, 0.1500000006416868, 0.34249980384768564]","[0.6534862710758261, 0.14935713900313344, 0.40477716381141543]",green_rectangular_prism,0.008900615,,,accepted_with_lift_delta,,gazebo_model_states,FALSE,,,standard_replay,2.129445076,0.047592878,39.9605701,54.95709968,1,11,moveit_wrapper_v1,2026/8/4 2:06,0.062284184,"[0.6403369974917574, 0.14983385701575888]","[-0.006765180864060971, -0.005714610757007327]",0.640336997,0.149833857,-0.006765181,-0.005714611,0.008855758
,1785834528,x065_R2_20260804_020743_green_cuboid,pick up the green cuboid with rotated top grasp,x065_y015_yaw75,2,full,green_cuboid,rectangular_prism,rectangular_prism,,FALSE,success,,,,cuboid_top_yaw_grasp,0.737218889,language_then_geometry,grasp,0.9921875,0.737218889,0.9921875,0.737218889,"[{""id"": ""cuboid_top_yaw_grasp"", ""task_type"": ""grasp"", ""language_score"": 0.9921875000000001, ""geometry_score"": 0.7372188891130648}]",,,LangSAM+depth_pointcloud,head_camera,0.647018942,0.154925996,-0.595358571,"[0.6470189422451158, 0.15492599596773604, -0.5953585710016895]",green_rectangular_prism,0.65,0.15,0.342499804,75.00017539,"[0.6499999996702677, 0.1500000003469701, """"]","[0.6499999996702677, 0.1500000003469701, 0.34249980384768564]",gazebo_world_xy_only,base,,,165.0001754,75.00017539,165.0001754,163.9008374,0.005757789,0.005757789,0.647018942,0.154925996,-0.56500257,"[0.6470189422451158, 0.15492599596773604, -0.5650025702848418]","[0.6450193954847426, 0.1559166559302296, -0.43801607342367294]",0.034809595,0.051267296,0.063769937,"[0.03480959534645081, 0.05126729607582092, 0.06376993656158447]",90.07267934,163.9008374,73.82815803,1.099338013,gazebo_long_axis_parallel_180,0.338196544,-0.57000257,-0.54,0.005,-0.56500257,0.64124657,0.148860557,0.647018942,0.154925996,0.005772372,0.006065439,0.081978192,0.039277151,0.006875979,0.017793445,0.008474367,15,550,550,live_trial_x065_R2_20260804_020743_green_cuboid,/home/wei/code/learning_thousand_tasks/demo_library/scene_packages/live_trial_x065_R2_20260804_020743_green_cuboid,/home/wei/code/learning_thousand_tasks/demo_library/scene_packages/live_trial_x065_R2_20260804_020743_green_cuboid,/home/wei/code/learning_thousand_tasks/demo_library/scene_packages/icp_x065_R2_20260804_020743_green_cuboid,grasp,,,,,"["""", """", """"]",,,,,TRUE,top_grasp_demo_replay,,TRUE,TRUE,,64.97618151,0.605065823,0.027285576,55.61900067,/home/wei/code/learning_thousand_tasks/demo_library/rollout_trajectories/rollout_x065_R2_20260804_020743_green_cuboid.json,,TRUE,TRUE,TRUE,,,,,,rectangular_prism,green_cuboid,"[0.03, 0.1, 0.035]","["""", """", """"]",TRUE,"[0.6499999996702677, 0.1500000003469701, 0.34249980384768564]","[0.657945458937788, 0.14746945133317654, 0.4022730258989734]",green_rectangular_prism,0.013227571,,,accepted_with_lift_delta,,gazebo_model_states,FALSE,,,standard_replay,1.857937813,0.045666456,40.1971066,55.61900067,1,11,moveit_wrapper_v1,2026/8/4 2:08,0.059773231,"[0.6338217587843693, 0.15190051298817053]","[-0.013197183460746498, -0.003025482979565508]",0.633821759,0.151900513,-0.013197183,-0.003025483,0.013539542
,1785834753,x065_R3_20260804_021124_green_cuboid,pick up the green cuboid with rotated top grasp,x065_y015_yaw75,3,full,green_cuboid,rectangular_prism,rectangular_prism,,FALSE,success,,,,cuboid_top_yaw_grasp,0.737218889,language_then_geometry,grasp,0.9921875,0.737218889,0.9921875,0.737218889,"[{""id"": ""cuboid_top_yaw_grasp"", ""task_type"": ""grasp"", ""language_score"": 0.9921875000000001, ""geometry_score"": 0.7372188891130648}]",,,LangSAM+depth_pointcloud,head_camera,0.647101987,0.15555053,-0.594724636,"[0.647101987079296, 0.15555052963377852, -0.594724635844348]",green_rectangular_prism,0.65,0.15,0.342499804,75.00017539,"[0.6499999996713138, 0.15000000034272734, """"]","[0.6499999996713138, 0.15000000034272734, 0.34249980384768564]",gazebo_world_xy_only,base,,,165.0001754,75.00017539,165.0001754,163.8362719,0.006261538,0.006261538,0.647101987,0.15555053,-0.565002395,"[0.647101987079296, 0.15555052963377852, -0.5650023949060522]","[0.6451024403189228, 0.15654118959627208, -0.43801589804488333]",0.034989257,0.052621287,0.063769937,"[0.03498925715684889, 0.05262128710746761, 0.06376993656158447]",90.10145356,163.8362719,73.73481834,1.163903488,gazebo_long_axis_parallel_180,0.338196544,-0.570002395,-0.54,0.005,-0.565002395,0.640990779,0.149485861,0.647101987,0.15555053,0.006111209,0.006064669,0.081820661,0.04058435,0.006928075,0.018048942,0.008551195,13,550,550,live_trial_x065_R3_20260804_021124_green_cuboid,/home/wei/code/learning_thousand_tasks/demo_library/scene_packages/live_trial_x065_R3_20260804_021124_green_cuboid,/home/wei/code/learning_thousand_tasks/demo_library/scene_packages/live_trial_x065_R3_20260804_021124_green_cuboid,/home/wei/code/learning_thousand_tasks/demo_library/scene_packages/icp_x065_R3_20260804_021124_green_cuboid,grasp,,,,,"["""", """", """"]",,,,,TRUE,top_grasp_demo_replay,,TRUE,TRUE,,67.79275513,0.868877411,0.047771931,57.25950694,/home/wei/code/learning_thousand_tasks/demo_library/rollout_trajectories/rollout_x065_R3_20260804_021124_green_cuboid.json,,TRUE,TRUE,TRUE,,,,,,rectangular_prism,green_cuboid,"[0.03, 0.1, 0.035]","["""", """", """"]",TRUE,"[0.6499999996713138, 0.15000000034272734, 0.34249980384768564]","[0.6542103399986001, 0.1425042665724529, 0.4011654040333099]",green_rectangular_prism,0.014873921,,,accepted_with_lift_delta,,gazebo_model_states,FALSE,,,standard_replay,2.354989767,0.054391384,42.15349364,57.25950694,1,11,moveit_wrapper_v1,2026/8/4 2:12,0.058670513,"[0.6415324503929752, 0.14593707082540563]","[-0.005569536686320764, -0.009613458808372888]",0.64153245,0.145937071,-0.005569537,-0.009613459,0.01111028
,1785834978,x065_R4_20260804_021516_green_cuboid,pick up the green cuboid with rotated top grasp,x065_y015_yaw75,4,full,green_cuboid,rectangular_prism,rectangular_prism,,FALSE,success,,,,cuboid_top_yaw_grasp,0.737218889,language_then_geometry,grasp,0.9921875,0.737218889,0.9921875,0.737218889,"[{""id"": ""cuboid_top_yaw_grasp"", ""task_type"": ""grasp"", ""language_score"": 0.9921875000000001, ""geometry_score"": 0.7372188891130648}]",,,LangSAM+depth_pointcloud,head_camera,0.647101858,0.15555493,-0.594721637,"[0.6471018576599055, 0.15555492971335938, -0.5947216374967473]",green_rectangular_prism,0.65,0.15,0.342499804,75.00017539,"[0.6499999996456174, 0.1500000004469407, """"]","[0.6499999996456174, 0.1500000004469407, 0.34249980384768564]",gazebo_world_xy_only,base,,,165.0001754,75.00017539,165.0001754,163.8372918,0.006265498,0.006265498,0.647101858,0.15555493,-0.56500253,"[0.6471018576599055, 0.15555492971335938, -0.5650025300203276]","[0.6451023108995323, 0.15654558967585294, -0.43801603315915877]",0.034991299,0.052622771,0.063769937,"[0.034991298615932476, 0.052622771263122536, 0.06376993656158447]",90.10181254,163.8372918,73.73547923,1.162883624,gazebo_long_axis_parallel_180,0.338196544,-0.57000253,-0.54,0.005,-0.56500253,0.640995759,0.149487909,0.647101858,0.15555493,0.006106099,0.006067021,0.081817934,0.040583301,0.00692645,0.018052977,0.008551836,13,550,550,live_trial_x065_R4_20260804_021516_green_cuboid,/home/wei/code/learning_thousand_tasks/demo_library/scene_packages/live_trial_x065_R4_20260804_021516_green_cuboid,/home/wei/code/learning_thousand_tasks/demo_library/scene_packages/live_trial_x065_R4_20260804_021516_green_cuboid,/home/wei/code/learning_thousand_tasks/demo_library/scene_packages/icp_x065_R4_20260804_021516_green_cuboid,grasp,,,,,"["""", """", """"]",,,,,TRUE,top_grasp_demo_replay,,TRUE,TRUE,,61.46821952,0.860090017,0.020573378,53.59981561,/home/wei/code/learning_thousand_tasks/demo_library/rollout_trajectories/rollout_x065_R4_20260804_021516_green_cuboid.json,,TRUE,TRUE,TRUE,,,,,,rectangular_prism,green_cuboid,"[0.03, 0.1, 0.035]","["""", """", """"]",TRUE,"[0.6499999996456174, 0.1500000004469407, 0.34249980384768564]","[0.6486399335566555, 0.1434717470253997, 0.4020810744391151]",green_rectangular_prism,0.01218174,,,accepted_with_lift_delta,,gazebo_model_states,FALSE,,,standard_replay,1.198284149,0.04226613,38.37312078,53.59981561,1,11,moveit_wrapper_v1,2026/8/4 2:16,0.059589225,"[0.6311252335321451, 0.1495134744568887]","[-0.015976624127760353, -0.006041455256470679]",0.631125234,0.149513474,-0.015976624,-0.006041455,0.017080741
,1785835487,x055_R1_20260804_022350_green_cuboid,pick up the green cuboid with rotated top grasp,x055_y-015_yaw75,1,full,green_cuboid,rectangular_prism,rectangular_prism,,FALSE,failed,failed,方块拖地抓的不准,,cuboid_top_yaw_grasp,0.737218889,language_then_geometry,grasp,0.9921875,0.737218889,0.9921875,0.737218889,"[{""id"": ""cuboid_top_yaw_grasp"", ""task_type"": ""grasp"", ""language_score"": 0.9921875000000001, ""geometry_score"": 0.7372188891130648}]",,,LangSAM+depth_pointcloud,head_camera,0.545046218,-0.149060578,-0.597564273,"[0.5450462179425274, -0.14906057807344847, -0.5975642732673836]",green_rectangular_prism,0.55,-0.149999999,0.342499804,75.00017539,"[0.5499999996041706, -0.1499999993849693, """"]","[0.5499999996041706, -0.1499999993849693, 0.34249980384768564]",gazebo_world_xy_only,base,,,165.0001754,75.00017539,165.0001754,164.6116592,0.00504207,0.00504207,0.545046218,-0.149060578,-0.565002316,"[0.5450462179425274, -0.14906057807344847, -0.5650023159525537]","[0.5430466711821542, -0.1480699181109549, -0.4380158190913848]",0.032734197,0.053284144,0.061212873,"[0.03273419737815855, 0.05328414440155027, 0.061212873458862394]",90.06141988,164.6116592,74.55023932,0.388516199,gazebo_long_axis_parallel_180,0.338196544,-0.570002316,-0.54,0.005,-0.565002316,0.540073522,-0.148621985,0.545046218,-0.149060578,0.004972696,-0.000438593,0.080124682,0.032517685,0.008903932,0.018334808,0.009928212,19,573,573,live_trial_x055_R1_20260804_022350_green_cuboid,/home/wei/code/learning_thousand_tasks/demo_library/scene_packages/live_trial_x055_R1_20260804_022350_green_cuboid,/home/wei/code/learning_thousand_tasks/demo_library/scene_packages/live_trial_x055_R1_20260804_022350_green_cuboid,/home/wei/code/learning_thousand_tasks/demo_library/scene_packages/icp_x055_R1_20260804_022350_green_cuboid,grasp,,,,,"["""", """", """"]",,,,,TRUE,top_grasp_demo_replay,,TRUE,TRUE,,55.6672821,1.175150394,0.028248549,44.94056773,/home/wei/code/learning_thousand_tasks/demo_library/rollout_trajectories/rollout_x055_R1_20260804_022350_green_cuboid.json,,TRUE,TRUE,TRUE,,,,,,rectangular_prism,green_cuboid,"[0.03, 0.1, 0.035]","["""", """", """"]",TRUE,"[0.5499999996041706, -0.1499999993849693, 0.34249980384768564]","[0.5390928267202044, -0.14008186615561205, 0.3932614229546203]",green_rectangular_prism,0.010786192,,,accepted_with_lift_delta,,gazebo_model_states,FALSE,,,standard_replay,2.317307234,0.044282436,30.59743953,44.94056773,1,11,moveit_wrapper_v1,2026/8/4 2:24,0.050782517,"[0.5293538568557904, -0.13425161095970167]","[-0.015692361086736994, 0.014808967113746796]",0.529353857,-0.134251611,-0.015692361,0.014808967,0.02157674
,1785905759,x055_R2_20260804_215503_green_cuboid,pick up the green cuboid with rotated top grasp,x055_y-015_yaw75,2,full,green_cuboid,rectangular_prism,rectangular_prism,,FALSE,success,,,,cuboid_top_yaw_grasp,0.737218889,language_then_geometry,grasp,0.9921875,0.737218889,0.9921875,0.737218889,"[{""id"": ""cuboid_top_yaw_grasp"", ""task_type"": ""grasp"", ""language_score"": 0.9921875000000001, ""geometry_score"": 0.7372188891130648}]",,,LangSAM+depth_pointcloud,head_camera,0.545168565,-0.148663679,-0.59728457,"[0.5451685645211187, -0.14866367929481256, -0.5972845704981186]",green_rectangular_prism,0.55,-0.149999999,0.342499804,75.00017539,"[0.549999999619817, -0.1499999994484245, """"]","[0.549999999619817, -0.1499999994484245, 0.34249980384768564]",gazebo_world_xy_only,base,,,165.0001754,75.00017539,165.0001754,164.7881769,0.005012835,0.005012835,0.545168565,-0.148663679,-0.5650022,"[0.5451685645211187, -0.14866367929481256, -0.5650021997511189]","[0.5431690177607456, -0.147673019332319, -0.43801570288995]",0.032616797,0.053198385,0.061373758,"[0.03261679708957674, 0.053198385238647505, 0.061373758316040083]",90.1014626,164.7881769,74.68671426,0.21199853,gazebo_long_axis_parallel_180,0.338196544,-0.5700022,-0.54,0.005,-0.5650022,0.539626545,-0.148189561,0.545168565,-0.148663679,0.00554202,-0.000474119,0.080075398,0.032442237,0.009102364,0.018565294,0.010064253,16,573,573,live_trial_x055_R2_20260804_215503_green_cuboid,/home/wei/code/learning_thousand_tasks/demo_library/scene_packages/live_trial_x055_R2_20260804_215503_green_cuboid,/home/wei/code/learning_thousand_tasks/demo_library/scene_packages/live_trial_x055_R2_20260804_215503_green_cuboid,/home/wei/code/learning_thousand_tasks/demo_library/scene_packages/icp_x055_R2_20260804_215503_green_cuboid,grasp,,,,,"["""", """", """"]",,,,,TRUE,top_grasp_demo_replay,,TRUE,TRUE,,55.15804291,1.190227509,0.362707138,46.81921458,/home/wei/code/learning_thousand_tasks/demo_library/rollout_trajectories/rollout_x055_R2_20260804_215503_green_cuboid.json,,TRUE,TRUE,TRUE,,,,,,rectangular_prism,green_cuboid,"[0.03, 0.1, 0.035]","["""", """", """"]",TRUE,"[0.549999999619817, -0.1499999994484245, 0.34249980384768564]","[0.5493970040495071, -0.13309301765643014, 0.40222099812813156]",green_rectangular_prism,0.016145588,,,accepted_with_lift_delta,,gazebo_model_states,FALSE,,,standard_replay,1.584492445,0.059015512,31.90735984,46.81921458,1,11,moveit_wrapper_v1,2026/8/4 21:55,0.059770215,"[0.5383075430957109, -0.14025498776912879]","[-0.006861021425407787, 0.00840869152568377]",0.538307543,-0.140254988,-0.006861021,0.008408692,0.010852636
,1785905934,x055_R3_20260804_215757_green_cuboid,pick up the green cuboid with rotated top grasp,x055_y-015_yaw75,3,full,green_cuboid,rectangular_prism,rectangular_prism,,FALSE,failed,failed,方块拖地抓的不准,,cuboid_top_yaw_grasp,0.737218889,language_then_geometry,grasp,0.9921875,0.737218889,0.9921875,0.737218889,"[{""id"": ""cuboid_top_yaw_grasp"", ""task_type"": ""grasp"", ""language_score"": 0.9921875000000001, ""geometry_score"": 0.7372188891130648}]",,,LangSAM+depth_pointcloud,head_camera,0.545053287,-0.149035469,-0.597564135,"[0.5450532872492552, -0.14903546916380842, -0.5975641348779203]",green_rectangular_prism,0.55,-0.15,0.342499804,75.00017539,"[0.5499999996601208, -0.14999999961187863, """"]","[0.5499999996601208, -0.14999999961187863, 0.34249980384768564]",gazebo_world_xy_only,base,,,165.0001754,75.00017539,165.0001754,164.6143455,0.005039869,0.005039869,0.545053287,-0.149035469,-0.565002382,"[0.5450532872492552, -0.14903546916380842, -0.56500238163402]","[0.543053740488882, -0.14804480920131485, -0.4380158847728511]",0.032734147,0.053283715,0.061212373,"[0.032734146714210516, 0.05328371524810793, 0.06121237277984615]",90.06406427,164.6143455,74.55028122,0.385829896,gazebo_long_axis_parallel_180,0.338196544,-0.570002382,-0.54,0.005,-0.565002382,0.540080348,-0.148597043,0.545053287,-0.149035469,0.004972939,-0.000438427,0.080124244,0.03251766,0.008903943,0.0183349,0.009928226,19,573,573,live_trial_x055_R3_20260804_215757_green_cuboid,/home/wei/code/learning_thousand_tasks/demo_library/scene_packages/live_trial_x055_R3_20260804_215757_green_cuboid,/home/wei/code/learning_thousand_tasks/demo_library/scene_packages/live_trial_x055_R3_20260804_215757_green_cuboid,/home/wei/code/learning_thousand_tasks/demo_library/scene_packages/icp_x055_R3_20260804_215757_green_cuboid,grasp,,,,,"["""", """", """"]",,,,,TRUE,top_grasp_demo_replay,,TRUE,TRUE,,56.28263807,1.099509478,0.02799201,46.23887825,/home/wei/code/learning_thousand_tasks/demo_library/rollout_trajectories/rollout_x055_R3_20260804_215757_green_cuboid.json,,TRUE,TRUE,TRUE,,,,,,rectangular_prism,green_cuboid,"[0.03, 0.1, 0.035]","["""", """", """"]",TRUE,"[0.5499999996601208, -0.14999999961187863, 0.34249980384768564]","[0.5706572757884653, -0.12826088066285807, 0.38584190196110996]",green_rectangular_prism,0.033091589,,,accepted_with_lift_delta,,gazebo_model_states,FALSE,,,standard_replay,2.153208256,0.027605534,31.91395473,46.23887825,1,11,moveit_wrapper_v1,2026/8/4 21:58,0.043556006,"[0.5394911785603227, -0.13289398131097885]","[-0.005562108688932477, 0.016141487852829567]",0.539491179,-0.132893981,-0.005562109,0.016141488,0.017072923
,1785908139,x07_R1_20260804_223434_green_cuboid,pick up the green cuboid with rotated top grasp,x07_y-008_yaw75,1,full,green_cuboid,rectangular_prism,rectangular_prism,,FALSE,success,,,,cuboid_top_yaw_grasp,0.737218889,language_then_geometry,grasp,0.9921875,0.737218889,0.9921875,0.737218889,"[{""id"": ""cuboid_top_yaw_grasp"", ""task_type"": ""grasp"", ""language_score"": 0.9921875000000001, ""geometry_score"": 0.7372188891130648}]",,,LangSAM+depth_pointcloud,head_camera,0.696098398,-0.077442842,-0.596395723,"[0.6960983981853922, -0.07744284185549322, -0.5963957228865765]",green_rectangular_prism,0.7,-0.079999999,0.342499804,75.00017539,"[0.6999999996256653, -0.07999999947214266, """"]","[0.6999999996256653, -0.07999999947214266, 0.34249980384768564]",gazebo_world_xy_only,base,,,165.0001754,75.00017539,165.0001754,163.6699568,0.004664928,0.004664928,0.696098398,-0.077442842,-0.565002901,"[0.6960983981853922, -0.07744284185549322, -0.5650029006334827]","[0.694098851425019, -0.07645218189299965, -0.4380164037723138]",0.034650664,0.054142088,0.063394904,"[0.03465066365897656, 0.05414208769798279, 0.06339490413665771]",90.08968719,163.6699568,73.58026966,1.330218544,gazebo_long_axis_parallel_180,0.338196544,-0.570002901,-0.54,0.005,-0.565002901,0.689658917,-0.080213257,0.696098398,-0.077442842,0.006439481,0.002770415,0.081598476,0.035123278,0.007351568,0.017754056,0.008773867,13,458,458,live_trial_x07_R1_20260804_223434_green_cuboid,/home/wei/code/learning_thousand_tasks/demo_library/scene_packages/live_trial_x07_R1_20260804_223434_green_cuboid,/home/wei/code/learning_thousand_tasks/demo_library/scene_packages/live_trial_x07_R1_20260804_223434_green_cuboid,/home/wei/code/learning_thousand_tasks/demo_library/scene_packages/icp_x07_R1_20260804_223434_green_cuboid,grasp,,,,,"["""", """", """"]",,,,,TRUE,top_grasp_demo_replay,,TRUE,TRUE,,64.70736194,1.167434692,0.041858196,56.59190178,/home/wei/code/learning_thousand_tasks/demo_library/rollout_trajectories/rollout_x07_R1_20260804_223434_green_cuboid.json,,TRUE,TRUE,TRUE,,,,,,rectangular_prism,green_cuboid,"[0.03, 0.1, 0.035]","["""", """", """"]",TRUE,"[0.6999999996256653, -0.07999999947214266, 0.34249980384768564]","[0.7026784853265033, -0.08835572877407966, 0.3987612485511134]",green_rectangular_prism,0.012733274,,,accepted_with_lift_delta,,gazebo_model_states,FALSE,,,standard_replay,1.366910696,0.039674997,41.86868978,56.59190178,1,11,moveit_wrapper_v1,2026/8/4 22:35,0.05625504,"[0.6963242405755259, -0.08442203951576896]","[0.00022584239013367924, -0.006979197660275743]",0.696324241,-0.08442204,0.000225842,-0.006979198,0.006982851
,1785908398,x07_R2_20260804_223853_green_cuboid,pick up the green cuboid with rotated top grasp,x07_y-008_yaw75,2,full,green_cuboid,rectangular_prism,rectangular_prism,,FALSE,success,,,,cuboid_top_yaw_grasp,0.737218889,language_then_geometry,grasp,0.9921875,0.737218889,0.9921875,0.737218889,"[{""id"": ""cuboid_top_yaw_grasp"", ""task_type"": ""grasp"", ""language_score"": 0.9921875000000001, ""geometry_score"": 0.7372188891130648}]",,,LangSAM+depth_pointcloud,head_camera,0.696073278,-0.077890113,-0.596871501,"[0.6960732780283936, -0.07789011337301995, -0.5968715006549556]",green_rectangular_prism,0.7,-0.079999999,0.342499804,75.00017539,"[0.6999999996306403, -0.07999999949231913, """"]","[0.6999999996306403, -0.07999999949231913, 0.34249980384768564]",gazebo_world_xy_only,base,,,165.0001754,75.00017539,165.0001754,163.4902868,0.004457663,0.004457663,0.696073278,-0.077890113,-0.565002943,"[0.6960732780283936, -0.07789011337301995, -0.5650029426206011]","[0.6940737312680204, -0.07689945341052638, -0.43801644575943227]",0.034674869,0.054929847,0.063395023,"[0.03467486873269081, 0.05492984652519228, 0.06339502334594727]",90.05726722,163.4902868,73.43301961,1.509888552,gazebo_long_axis_parallel_180,0.338196544,-0.570002943,-0.54,0.005,-0.565002943,0.690177598,-0.080875239,0.696073278,-0.077890113,0.00589568,0.002985126,0.081842062,0.035003473,0.007277729,0.017501354,0.008673687,15,458,458,live_trial_x07_R2_20260804_223853_green_cuboid,/home/wei/code/learning_thousand_tasks/demo_library/scene_packages/live_trial_x07_R2_20260804_223853_green_cuboid,/home/wei/code/learning_thousand_tasks/demo_library/scene_packages/live_trial_x07_R2_20260804_223853_green_cuboid,/home/wei/code/learning_thousand_tasks/demo_library/scene_packages/icp_x07_R2_20260804_223853_green_cuboid,grasp,,,,,"["""", """", """"]",,,,,TRUE,top_grasp_demo_replay,,TRUE,TRUE,,64.44331217,0.805845737,0.034399509,56.44015431,/home/wei/code/learning_thousand_tasks/demo_library/rollout_trajectories/rollout_x07_R2_20260804_223853_green_cuboid.json,,TRUE,TRUE,TRUE,,,,,,rectangular_prism,green_cuboid,"[0.03, 0.1, 0.035]","["""", """", """"]",TRUE,"[0.6999999996306403, -0.07999999949231913, 0.34249980384768564]","[0.7079009499764787, -0.09187756765423644, 0.3862173340281441]",green_rectangular_prism,0.018387831,,,accepted_with_lift_delta,,gazebo_model_states,FALSE,,,standard_replay,1.494414091,0.034678936,41.76795888,56.44015431,1,11,moveit_wrapper_v1,2026/8/4 22:39,0.04379054,"[0.684646302807889, -0.08513853619043954]","[-0.01142697522050462, -0.007248422817419595]",0.684646303,-0.085138536,-0.011426975,-0.007248423,0.013532014
,1785908606,x07_R3_20260804_224221_green_cuboid,pick up the green cuboid with rotated top grasp,x07_y-008_yaw75,3,full,green_cuboid,rectangular_prism,rectangular_prism,,FALSE,success,,,,cuboid_top_yaw_grasp,0.737218889,language_then_geometry,grasp,0.9921875,0.737218889,0.9921875,0.737218889,"[{""id"": ""cuboid_top_yaw_grasp"", ""task_type"": ""grasp"", ""language_score"": 0.9921875000000001, ""geometry_score"": 0.7372188891130648}]",,,LangSAM+depth_pointcloud,head_camera,0.696012348,-0.077284518,-0.596548134,"[0.6960123478942793, -0.07728451774868875, -0.5965481338147768]",green_rectangular_prism,0.7,-0.08,0.342499804,75.00017539,"[0.6999999996459311, -0.0799999995543317, """"]","[0.6999999996459311, -0.0799999995543317, 0.34249980384768564]",gazebo_world_xy_only,base,,,165.0001754,75.00017539,165.0001754,163.7926534,0.004824439,0.004824439,0.696012348,-0.077284518,-0.565002652,"[0.6960123478942793, -0.07728451774868875, -0.5650026517751979]","[0.6940128011339062, -0.07629385778619518, -0.43801615491402907]",0.034566895,0.054148859,0.063395262,"[0.034566895291209224, 0.05414885878562925, 0.06339526176452637]",90.10150309,163.7926534,73.69115036,1.207521943,gazebo_long_axis_parallel_180,0.338196544,-0.570002652,-0.54,0.005,-0.565002652,0.688927971,-0.079838463,0.696012348,-0.077284518,0.007084377,0.002553945,0.081310647,0.035115671,0.007474324,0.017737389,0.008831767,13,458,458,live_trial_x07_R3_20260804_224221_green_cuboid,/home/wei/code/learning_thousand_tasks/demo_library/scene_packages/live_trial_x07_R3_20260804_224221_green_cuboid,/home/wei/code/learning_thousand_tasks/demo_library/scene_packages/live_trial_x07_R3_20260804_224221_green_cuboid,/home/wei/code/learning_thousand_tasks/demo_library/scene_packages/icp_x07_R3_20260804_224221_green_cuboid,grasp,,,,,"["""", """", """"]",,,,,TRUE,top_grasp_demo_replay,,TRUE,TRUE,,64.36938715,1.053436041,0.037365437,56.6384511,/home/wei/code/learning_thousand_tasks/demo_library/rollout_trajectories/rollout_x07_R3_20260804_224221_green_cuboid.json,,TRUE,TRUE,TRUE,,,,,,rectangular_prism,green_cuboid,"[0.03, 0.1, 0.035]","["""", """", """"]",TRUE,"[0.6999999996459311, -0.0799999995543317, 0.34249980384768564]","[0.6982632239290288, -0.07656103151630055, 0.3959037066477564]",green_rectangular_prism,0.002370954,,,accepted_with_lift_delta,,gazebo_model_states,FALSE,,,standard_replay,1.123660088,0.034370661,41.76886058,56.6384511,1,11,moveit_wrapper_v1,2026/8/4 22:43,0.053448486,"[0.6803886433920014, -0.08042041505026942]","[-0.015623704502277902, -0.0031358973015806757]",0.680388643,-0.080420415,-0.015623705,-0.003135897,0.015935307
,1785909575,x07_R4_20260804_225831_green_cuboid,pick up the green cuboid with rotated top grasp,x07_y-008_yaw75,4,full,green_cuboid,rectangular_prism,rectangular_prism,,FALSE,success,,,,cuboid_top_yaw_grasp,0.737218889,language_then_geometry,grasp,0.9921875,0.737218889,0.9921875,0.737218889,"[{""id"": ""cuboid_top_yaw_grasp"", ""task_type"": ""grasp"", ""language_score"": 0.9921875000000001, ""geometry_score"": 0.7372188891130648}]",,,LangSAM+depth_pointcloud,head_camera,0.696034364,-0.077328332,-0.59645035,"[0.6960343640937591, -0.07732833201921144, -0.5964503500776616]",green_rectangular_prism,0.7,-0.079999999,0.342499804,75.00017539,"[0.6999999995989666, -0.07999999936386483, """"]","[0.6999999995989666, -0.07999999936386483, 0.34249980384768564]",gazebo_world_xy_only,base,,,165.0001754,75.00017539,165.0001754,164.0469237,0.004781639,0.004781639,0.696034364,-0.077328332,-0.565002872,"[0.6960343640937591, -0.07732833201921144, -0.5650028719248752]","[0.6940348173333859, -0.07633767205671788, -0.43801637506370633]",0.03427927,0.055601525,0.063395262,"[0.03427927047014238, 0.055601525306701705, 0.06339526176452637]",90.06924987,164.0469237,73.97767387,0.953251651,gazebo_long_axis_parallel_180,0.338196544,-0.570002872,-0.54,0.005,-0.565002872,0.689156051,-0.080048517,0.696034364,-0.077328332,0.006878313,0.002720185,0.08131373,0.035211402,0.007404245,0.017742348,0.008808192,14,457,457,live_trial_x07_R4_20260804_225831_green_cuboid,/home/wei/code/learning_thousand_tasks/demo_library/scene_packages/live_trial_x07_R4_20260804_225831_green_cuboid,/home/wei/code/learning_thousand_tasks/demo_library/scene_packages/live_trial_x07_R4_20260804_225831_green_cuboid,/home/wei/code/learning_thousand_tasks/demo_library/scene_packages/icp_x07_R4_20260804_225831_green_cuboid,grasp,,,,,"["""", """", """"]",,,,,TRUE,top_grasp_demo_replay,,TRUE,TRUE,,62.82021904,0.913564444,0.013004541,56.52661657,/home/wei/code/learning_thousand_tasks/demo_library/rollout_trajectories/rollout_x07_R4_20260804_225831_green_cuboid.json,,TRUE,TRUE,TRUE,,,,,,rectangular_prism,green_cuboid,"[0.03, 0.1, 0.035]","["""", """", """"]",TRUE,"[0.6999999995989666, -0.07999999936386483, 0.34249980384768564]","[0.7047660228614743, -0.08036472567602704, 0.4049421775607443]",green_rectangular_prism,0.009248885,,,accepted_with_lift_delta,,gazebo_model_states,FALSE,,,standard_replay,1.141873837,0.040979862,42.35739803,56.52661657,1,11,moveit_wrapper_v1,2026/8/4 22:59,0.062529001,"[0.6898983411953024, -0.07843889795719577]","[-0.006136022898456717, -0.001110565937984337]",0.689898341,-0.078438898,-0.006136023,-0.001110566,0.006235714
,1785910079,x07_R1_20260804_230655_green_cuboid,pick up the green cuboid with rotated top grasp,x07_y-008_yaw60,1,full,green_cuboid,rectangular_prism,rectangular_prism,,FALSE,success,,,,cuboid_top_yaw_grasp,0.737218889,language_then_geometry,grasp,0.9921875,0.737218889,0.9921875,0.737218889,"[{""id"": ""cuboid_top_yaw_grasp"", ""task_type"": ""grasp"", ""language_score"": 0.9921875000000001, ""geometry_score"": 0.7372188891130648}]",,,LangSAM+depth_pointcloud,head_camera,0.698702209,-0.073984115,-0.596730874,"[0.6987022092775498, -0.07398411452909316, -0.5967308737505531]",green_rectangular_prism,0.699999999,-0.079999998,0.342499804,60.00014038,"[0.6999999990221567, -0.07999999807742561, """"]","[0.6999999990221567, -0.07999999807742561, 0.34249980384767165]",gazebo_world_xy_only,base,,,150.0001404,60.00014038,150.0001404,149.0325099,0.006154276,0.006154276,0.698702209,-0.073984115,-0.565002941,"[0.6987022092775498, -0.07398411452909316, -0.5650029413824329]","[0.6967026625171766, -0.0729934545665996, -0.43801644452126404]",0.047373056,0.04952237,0.056555808,"[0.047373056411743164, 0.04952237010002136, 0.05655580759048462]",90.10099818,149.0325099,58.93151176,0.967630436,gazebo_long_axis_parallel_180,0.338196544,-0.570002941,-0.54,0.005,-0.565002941,0.691034153,-0.079002117,0.698702209,-0.073984115,0.007668057,0.005018003,0.081978176,0.0401452,0.00694608,0.018070025,0.00854017,17,496,496,live_trial_x07_R1_20260804_230655_green_cuboid,/home/wei/code/learning_thousand_tasks/demo_library/scene_packages/live_trial_x07_R1_20260804_230655_green_cuboid,/home/wei/code/learning_thousand_tasks/demo_library/scene_packages/live_trial_x07_R1_20260804_230655_green_cuboid,/home/wei/code/learning_thousand_tasks/demo_library/scene_packages/icp_x07_R1_20260804_230655_green_cuboid,grasp,,,,,"["""", """", """"]",,,,,TRUE,top_grasp_demo_replay,,TRUE,TRUE,,63.61722183,0.962137461,0.025779963,54.28198695,/home/wei/code/learning_thousand_tasks/demo_library/rollout_trajectories/rollout_x07_R1_20260804_230655_green_cuboid.json,,TRUE,TRUE,TRUE,,,,,,rectangular_prism,green_cuboid,"[0.03, 0.1, 0.035]","["""", """", """"]",TRUE,"[0.6999999990221567, -0.07999999807742561, 0.34249980384767165]","[0.7086619499769669, -0.08447566213810029, 0.3980414305456749]",green_rectangular_prism,0.014463372,,,accepted_with_lift_delta,,gazebo_model_states,FALSE,,,standard_replay,1.850531578,0.059740543,39.28490949,54.28198695,1,11,moveit_wrapper_v1,2026/8/4 23:07,0.055551222,"[0.6887317784899016, -0.08116686004640916]","[-0.009970430787648144, -0.007182745517316]",0.688731778,-0.08116686,-0.009970431,-0.007182746,0.01228826
,1785910256,x07_R2_20260804_230951_green_cuboid,pick up the green cuboid with rotated top grasp,x07_y-008_yaw60,2,full,green_cuboid,rectangular_prism,rectangular_prism,,FALSE,success,,,,cuboid_top_yaw_grasp,0.737218889,language_then_geometry,grasp,0.9921875,0.737218889,0.9921875,0.737218889,"[{""id"": ""cuboid_top_yaw_grasp"", ""task_type"": ""grasp"", ""language_score"": 0.9921875000000001, ""geometry_score"": 0.7372188891130648}]",,,LangSAM+depth_pointcloud,head_camera,0.698702166,-0.073984013,-0.596739338,"[0.698702165872539, -0.07398401336636778, -0.5967393377801246]",green_rectangular_prism,0.699999999,-0.079999999,0.342499804,60.00014035,"[0.6999999992998539, -0.07999999874182834, """"]","[0.6999999992998539, -0.07999999874182834, 0.34249980384767165]",gazebo_world_xy_only,base,,,150.0001404,60.00014035,150.0001404,149.0322853,0.006154385,0.006154385,0.698702166,-0.073984013,-0.565002753,"[0.698702165872539, -0.07398401336636778, -0.5650027529360608]","[0.6967026191121658, -0.07299335340387422, -0.438016256074892]",0.04737315,0.049523056,0.056556046,"[0.047373149544000626, 0.04952305555343628, 0.05655604600906372]",90.10098862,149.0322853,58.93129673,0.967855005,gazebo_long_axis_parallel_180,0.338196544,-0.570002753,-0.54,0.005,-0.565002753,0.691030279,-0.079005098,0.698702166,-0.073984013,0.007671886,0.005021084,0.081978305,0.040144931,0.006943515,0.018073567,0.008539609,17,496,496,live_trial_x07_R2_20260804_230951_green_cuboid,/home/wei/code/learning_thousand_tasks/demo_library/scene_packages/live_trial_x07_R2_20260804_230951_green_cuboid,/home/wei/code/learning_thousand_tasks/demo_library/scene_packages/live_trial_x07_R2_20260804_230951_green_cuboid,/home/wei/code/learning_thousand_tasks/demo_library/scene_packages/icp_x07_R2_20260804_230951_green_cuboid,grasp,,,,,"["""", """", """"]",,,,,TRUE,top_grasp_demo_replay,,TRUE,TRUE,,63.81694198,0.781701565,0.022765398,54.65030575,/home/wei/code/learning_thousand_tasks/demo_library/rollout_trajectories/rollout_x07_R2_20260804_230951_green_cuboid.json,,TRUE,TRUE,TRUE,,,,,,rectangular_prism,green_cuboid,"[0.03, 0.1, 0.035]","["""", """", """"]",TRUE,"[0.6999999992998539, -0.07999999874182834, 0.34249980384767165]","[0.6964826229881219, -0.0872105103968742, 0.4034510206068209]",green_rectangular_prism,0.013516668,,,accepted_with_lift_delta,,gazebo_model_states,FALSE,,,standard_replay,2.19428134,0.046929836,40.79445839,54.65030575,1,10,moveit_wrapper_v1,2026/8/4 23:10,0.061035805,"[0.6898327288537716, -0.07593340198653865]","[-0.008869437018767412, -0.0019493886201708693]",0.689832729,-0.075933402,-0.008869437,-0.001949389,0.009081136
,1785910452,x07_R3_20260804_231307_green_cuboid,pick up the green cuboid with rotated top grasp,x07_y-008_yaw60,3,full,green_cuboid,rectangular_prism,rectangular_prism,,FALSE,success,,,,cuboid_top_yaw_grasp,0.737218889,language_then_geometry,grasp,0.9921875,0.737218889,0.9921875,0.737218889,"[{""id"": ""cuboid_top_yaw_grasp"", ""task_type"": ""grasp"", ""language_score"": 0.9921875000000001, ""geometry_score"": 0.7372188891130648}]",,,LangSAM+depth_pointcloud,head_camera,0.698377926,-0.073936001,-0.597123573,"[0.6983779264094476, -0.07393600079646886, -0.5971235731466299]",green_rectangular_prism,0.699999999,-0.079999998,0.342499804,60.00014037,"[0.699999999156373, -0.079999998398544, """"]","[0.699999999156373, -0.079999998398544, 0.34249980384767165]",gazebo_world_xy_only,base,,,150.0001404,60.00014037,150.0001404,149.2447644,0.006277196,0.006277196,0.698377926,-0.073936001,-0.56500298,"[0.6983779264094476, -0.07393600079646886, -0.5650029803736356]","[0.6963783796490745, -0.0729453408339753, -0.43801648351246675]",0.047427354,0.048967689,0.056852996,"[0.047427354380488396, 0.04896768927574158, 0.05685299634933472]",90.07079584,149.2447644,59.17396857,0.755375957,gazebo_long_axis_parallel_180,0.338196544,-0.57000298,-0.54,0.005,-0.56500298,0.691132255,-0.079664333,0.698377926,-0.073936001,0.007245671,0.005728332,0.081387531,0.039803732,0.006874135,0.017919443,0.008432897,20,496,496,live_trial_x07_R3_20260804_231307_green_cuboid,/home/wei/code/learning_thousand_tasks/demo_library/scene_packages/live_trial_x07_R3_20260804_231307_green_cuboid,/home/wei/code/learning_thousand_tasks/demo_library/scene_packages/live_trial_x07_R3_20260804_231307_green_cuboid,/home/wei/code/learning_thousand_tasks/demo_library/scene_packages/icp_x07_R3_20260804_231307_green_cuboid,grasp,,,,,"["""", """", """"]",,,,,TRUE,top_grasp_demo_replay,,TRUE,TRUE,,63.64601946,0.630550385,0.039618492,55.19280195,/home/wei/code/learning_thousand_tasks/demo_library/rollout_trajectories/rollout_x07_R3_20260804_231307_green_cuboid.json,,TRUE,TRUE,TRUE,,,,,,rectangular_prism,green_cuboid,"[0.03, 0.1, 0.035]","["""", """", """"]",TRUE,"[0.699999999156373, -0.079999998398544, 0.34249980384767165]","[0.6949174992779866, -0.10019322651517204, 0.39781761241202673]",green_rectangular_prism,0.026478726,,,accepted_with_lift_delta,,gazebo_model_states,FALSE,,,standard_replay,2.090637684,0.039868116,41.03695059,55.19280195,1,11,moveit_wrapper_v1,2026/8/4 23:14,0.055327073,"[0.685459071793264, -0.08264175331944694]","[-0.012918854616183584, -0.008705752522978075]",0.685459072,-0.082641753,-0.012918855,-0.008705753,0.015578412
,1785910732,x07_R4_20260804_231747_green_cuboid,pick up the green cuboid with rotated top grasp,x07_y-008_yaw60,4,full,green_cuboid,rectangular_prism,rectangular_prism,,FALSE,success,,,,cuboid_top_yaw_grasp,0.737218889,language_then_geometry,grasp,0.9921875,0.737218889,0.9921875,0.737218889,"[{""id"": ""cuboid_top_yaw_grasp"", ""task_type"": ""grasp"", ""language_score"": 0.9921875000000001, ""geometry_score"": 0.7372188891130648}]",,,LangSAM+depth_pointcloud,head_camera,0.698702524,-0.073981389,-0.59679241,"[0.6987025240926954, -0.07398138859315007, -0.5967924095182624]",green_rectangular_prism,0.699999999,-0.079999999,0.342499804,60.00014036,"[0.6999999992526513, -0.0799999986288941, """"]","[0.6999999992526513, -0.0799999986288941, 0.34249980384767165]",gazebo_world_xy_only,base,,,150.0001404,60.00014036,150.0001404,149.0341412,0.006156875,0.006156875,0.698702524,-0.073981389,-0.565002809,"[0.6987025240926954, -0.07398138859315007, -0.5650028089051362]","[0.6967029773323222, -0.0729907286306565, -0.43801631204396735]",0.047372079,0.049517184,0.056552291,"[0.04737207852303982, 0.0495171844959259, 0.05655229091644287]",90.10140893,149.0341412,58.93273231,0.965999113,gazebo_long_axis_parallel_180,0.338196544,-0.570002809,-0.54,0.005,-0.565002809,0.691173941,-0.079194788,0.698702524,-0.073981389,0.007528584,0.005213399,0.08197624,0.040148197,0.006959926,0.018099155,0.008534351,18,496,496,live_trial_x07_R4_20260804_231747_green_cuboid,/home/wei/code/learning_thousand_tasks/demo_library/scene_packages/live_trial_x07_R4_20260804_231747_green_cuboid,/home/wei/code/learning_thousand_tasks/demo_library/scene_packages/live_trial_x07_R4_20260804_231747_green_cuboid,/home/wei/code/learning_thousand_tasks/demo_library/scene_packages/icp_x07_R4_20260804_231747_green_cuboid,grasp,,,,,"["""", """", """"]",,,,,TRUE,top_grasp_demo_replay,,TRUE,TRUE,,63.92448568,0.920053244,0.064294815,53.94225812,/home/wei/code/learning_thousand_tasks/demo_library/rollout_trajectories/rollout_x07_R4_20260804_231747_green_cuboid.json,,TRUE,TRUE,TRUE,,,,,,rectangular_prism,green_cuboid,"[0.03, 0.1, 0.035]","["""", """", """"]",TRUE,"[0.6999999992526513, -0.0799999986288941, 0.34249980384767165]","[0.6970044498325796, -0.08672345487003344, 0.39910919558633373]",green_rectangular_prism,0.012923491,,,accepted_with_lift_delta,,gazebo_model_states,FALSE,,,standard_replay,2.170706034,0.045884848,38.36275721,53.94225812,1,11,moveit_wrapper_v1,2026/8/4 23:18,0.056612073,"[0.6930086401785629, -0.08082123832363357]","[-0.005693883914132503, -0.006839849730483502]",0.69300864,-0.080821238,-0.005693884,-0.00683985,0.008899655
,1785910949,x07_R1_20260804_232127_green_cuboid,pick up the green cuboid with rotated top grasp,x07_y-008_yaw45,1,full,green_cuboid,rectangular_prism,rectangular_prism,,FALSE,success,,,,cuboid_top_yaw_grasp,0.737218889,language_then_geometry,grasp,0.9921875,0.737218889,0.9921875,0.737218889,"[{""id"": ""cuboid_top_yaw_grasp"", ""task_type"": ""grasp"", ""language_score"": 0.9921875000000001, ""geometry_score"": 0.7372188891130648}]",,,LangSAM+depth_pointcloud,head_camera,0.698702164,-0.073984027,-0.596739338,"[0.698702164475228, -0.0739840265625215, -0.5967393377801251]",green_rectangular_prism,0.699999999,-0.079999998,0.342499804,44.99999076,"[0.6999999990951445, -0.07999999825233021, """"]","[0.6999999990951445, -0.07999999825233021, 0.34249980384767165]",gazebo_world_xy_only,base,,,134.9999908,44.99999076,134.9999908,133.4434338,0.006154372,0.006154372,0.698702164,-0.073984027,-0.565002753,"[0.698702164475228, -0.0739840265625215, -0.565002752936061]","[0.6967026177148549, -0.07299336660002793, -0.4380162560748921]",0.04737315,0.049523056,0.056556046,"[0.047373149544000626, 0.04952305555343628, 0.05655604600906372]",90.10098754,133.0322843,43.93129673,1.06870327,gazebo_long_axis_parallel_180,0.338196544,-0.570002753,-0.54,0.005,-0.565002753,0.691030278,-0.079005111,0.698702164,-0.073984027,0.007671886,0.005021084,0.081978305,0.040144931,0.006943515,0.018073567,0.008539609,17,496,496,live_trial_x07_R1_20260804_232127_green_cuboid,/home/wei/code/learning_thousand_tasks/demo_library/scene_packages/live_trial_x07_R1_20260804_232127_green_cuboid,/home/wei/code/learning_thousand_tasks/demo_library/scene_packages/live_trial_x07_R1_20260804_232127_green_cuboid,/home/wei/code/learning_thousand_tasks/demo_library/scene_packages/icp_x07_R1_20260804_232127_green_cuboid,grasp,,,,,"["""", """", """"]",,,,,TRUE,top_grasp_demo_replay,,TRUE,TRUE,,61.66898704,0.916926146,0.020598412,52.2763319,/home/wei/code/learning_thousand_tasks/demo_library/rollout_trajectories/rollout_x07_R1_20260804_232127_green_cuboid.json,,TRUE,TRUE,TRUE,,,,,,rectangular_prism,green_cuboid,"[0.03, 0.1, 0.035]","["""", """", """"]",TRUE,"[0.6999999990951445, -0.07999999825233021, 0.34249980384767165]","[0.6899510215416359, -0.0893029026554077, 0.40542985580249413]",green_rectangular_prism,0.017642724,,,accepted_with_lift_delta,,gazebo_model_states,FALSE,,,standard_replay,1.772260904,0.041032314,37.62082458,52.2763319,1,11,moveit_wrapper_v1,2026/8/4 23:22,0.062930495,"[0.6868547623749482, -0.07912518905980466]","[-0.011847402100279791, -0.005141162497283164]",0.686854762,-0.079125189,-0.011847402,-0.005141162,0.012914817
,1785911166,x07_R2_20260804_232500_green_cuboid,pick up the green cuboid with rotated top grasp,x07_y-008_yaw45,2,full,green_cuboid,rectangular_prism,rectangular_prism,,FALSE,success,,,,cuboid_top_yaw_grasp,0.737218889,language_then_geometry,grasp,0.9921875,0.737218889,0.9921875,0.737218889,"[{""id"": ""cuboid_top_yaw_grasp"", ""task_type"": ""grasp"", ""language_score"": 0.9921875000000001, ""geometry_score"": 0.7372188891130648}]",,,LangSAM+depth_pointcloud,head_camera,0.698502099,-0.074185167,-0.596292893,"[0.6985020990972446, -0.07418516672238082, -0.5962928930901799]",green_rectangular_prism,0.699999999,-0.079999999,0.342499804,44.99999076,"[0.6999999993024334, -0.07999999874827789, """"]","[0.6999999993024334, -0.07999999874827789, 0.34249980384767165]",gazebo_world_xy_only,base,,,134.9999908,44.99999076,134.9999908,133.4434338,0.006004663,0.006004663,0.698502099,-0.074185167,-0.565002828,"[0.6985020990972446, -0.07418516672238082, -0.5650028276636457]","[0.6965025523368714, -0.07319450675988726, -0.43801633080247687]",0.047428723,0.049086124,0.056910276,"[0.04742872342467308, 0.04908612370491028, 0.05691027641296387]",90.06486971,133.851746,43.78687627,1.21312373,gazebo_long_axis_parallel_180,0.338196544,-0.570002828,-0.54,0.005,-0.565002828,0.69080969,-0.078636168,0.698502099,-0.074185167,0.007692409,0.004451001,0.081871,0.039974348,0.006860323,0.018024777,0.008476321,16,496,496,live_trial_x07_R2_20260804_232500_green_cuboid,/home/wei/code/learning_thousand_tasks/demo_library/scene_packages/live_trial_x07_R2_20260804_232500_green_cuboid,/home/wei/code/learning_thousand_tasks/demo_library/scene_packages/live_trial_x07_R2_20260804_232500_green_cuboid,/home/wei/code/learning_thousand_tasks/demo_library/scene_packages/icp_x07_R2_20260804_232500_green_cuboid,grasp,,,,,"["""", """", """"]",,,,,TRUE,top_grasp_demo_replay,,TRUE,TRUE,,65.89289284,0.759196281,0.016412258,57.6758287,/home/wei/code/learning_thousand_tasks/demo_library/rollout_trajectories/rollout_x07_R2_20260804_232500_green_cuboid.json,,TRUE,TRUE,TRUE,,,,,,rectangular_prism,green_cuboid,"[0.03, 0.1, 0.035]","["""", """", """"]",TRUE,"[0.6999999993024334, -0.07999999874827789, 0.34249980384767165]","[0.7162588185225248, -0.10607431493275651, 0.39845730243463956]",green_rectangular_prism,0.036499004,,,accepted_with_lift_delta,,gazebo_model_states,FALSE,,,standard_replay,1.478812218,0.028380632,42.60605073,57.6758287,1,11,moveit_wrapper_v1,2026/8/4 23:26,0.055965891,"[0.6888211494351515, -0.08836552485327204]","[-0.009680949662093097, -0.014180358130891219]",0.688821149,-0.088365525,-0.00968095,-0.014180358,0.017169838
,1785911356,x07_R3_20260804_232812_green_cuboid,pick up the green cuboid with rotated top grasp,x07_y-008_yaw45,3,full,green_cuboid,rectangular_prism,rectangular_prism,,FALSE,success,,,,cuboid_top_yaw_grasp,0.737218889,language_then_geometry,grasp,0.9921875,0.737218889,0.9921875,0.737218889,"[{""id"": ""cuboid_top_yaw_grasp"", ""task_type"": ""grasp"", ""language_score"": 0.9921875000000001, ""geometry_score"": 0.7372188891130648}]",,,LangSAM+depth_pointcloud,head_camera,0.69870259,-0.073980758,-0.59670981,"[0.6987025895976388, -0.07398075773738005, -0.596709810014766]",green_rectangular_prism,0.699999999,-0.079999999,0.342499804,44.99999076,"[0.6999999993772589, -0.07999999892730113, """"]","[0.6999999993772589, -0.07999999892730113, 0.34249980384767165]",gazebo_world_xy_only,base,,,134.9999908,44.99999076,134.9999908,133.4434338,0.006157478,0.006157478,0.69870259,-0.073980758,-0.565002761,"[0.6987025895976388, -0.07398075773738005, -0.5650027609999583]","[0.6967030428372656, -0.07299009777488649, -0.4380162641387894]",0.047371872,0.049516082,0.056551218,"[0.04737187176942825, 0.04951608180999756, 0.056551218032836914]",90.10149866,133.0344947,43.93299605,1.06700395,gazebo_long_axis_parallel_180,0.338196544,-0.570002761,-0.54,0.005,-0.565002761,0.691054427,-0.078993527,0.69870259,-0.073980758,0.007648162,0.005012769,0.08197575,0.040148867,0.0069474,0.018078877,0.008542357,17,496,496,live_trial_x07_R3_20260804_232812_green_cuboid,/home/wei/code/learning_thousand_tasks/demo_library/scene_packages/live_trial_x07_R3_20260804_232812_green_cuboid,/home/wei/code/learning_thousand_tasks/demo_library/scene_packages/live_trial_x07_R3_20260804_232812_green_cuboid,/home/wei/code/learning_thousand_tasks/demo_library/scene_packages/icp_x07_R3_20260804_232812_green_cuboid,grasp,,,,,"["""", """", """"]",,,,,TRUE,top_grasp_demo_replay,,TRUE,TRUE,,63.4210155,0.676085234,0.128830433,55.34905028,/home/wei/code/learning_thousand_tasks/demo_library/rollout_trajectories/rollout_x07_R3_20260804_232812_green_cuboid.json,,TRUE,TRUE,TRUE,,,,,,rectangular_prism,green_cuboid,"[0.03, 0.1, 0.035]","["""", """", """"]",TRUE,"[0.6999999993772589, -0.07999999892730113, 0.34249980384767165]","[0.7058531037772573, -0.07705032997708096, 0.3888170866488089]",green_rectangular_prism,0.007785782,,,accepted_with_lift_delta,,gazebo_model_states,FALSE,,,standard_replay,1.366098166,0.040122509,40.50297308,55.34905028,1,11,moveit_wrapper_v1,2026/8/4 23:29,0.046353513,"[0.6839626690799501, -0.08016708146101753]","[-0.014739920517688687, -0.006186323723637477]",0.683962669,-0.080167081,-0.014739921,-0.006186324,0.015985489
,1785911612,x07_R4_20260804_233226_green_cuboid,pick up the green cuboid with rotated top grasp,x07_y-008_yaw45,4,full,green_cuboid,rectangular_prism,rectangular_prism,,FALSE,success,,,,cuboid_top_yaw_grasp,0.737218889,language_then_geometry,grasp,0.9921875,0.737218889,0.9921875,0.737218889,"[{""id"": ""cuboid_top_yaw_grasp"", ""task_type"": ""grasp"", ""language_score"": 0.9921875000000001, ""geometry_score"": 0.7372188891130648}]",,,LangSAM+depth_pointcloud,head_camera,0.69849954,-0.074199245,-0.596229883,"[0.6984995402981836, -0.07419924525618858, -0.596229882936447]",green_rectangular_prism,0.699999999,-0.079999999,0.342499804,44.99999076,"[0.6999999992986681, -0.07999999873926919, """"]","[0.6999999992986681, -0.07999999873926919, 0.34249980384767165]",gazebo_world_xy_only,base,,,134.9999908,44.99999076,134.9999908,133.4434338,0.005991671,0.005991671,0.69849954,-0.074199245,-0.565002741,"[0.6984995402981836, -0.07419924525618858, -0.5650027408445133]","[0.6964999935378104, -0.07320858529369502, -0.43801624398334443]",0.047429236,0.049110532,0.056929588,"[0.04742923565208912, 0.0491105318069458, 0.056929588317871094]",90.06273121,133.8441547,43.78142349,1.21857651,gazebo_long_axis_parallel_180,0.338196544,-0.570002741,-0.54,0.005,-0.565002741,0.690761999,-0.078546693,0.69849954,-0.074199245,0.007737542,0.004347448,0.081882197,0.039954116,0.006948287,0.018024772,0.008489226,16,496,496,live_trial_x07_R4_20260804_233226_green_cuboid,/home/wei/code/learning_thousand_tasks/demo_library/scene_packages/live_trial_x07_R4_20260804_233226_green_cuboid,/home/wei/code/learning_thousand_tasks/demo_library/scene_packages/live_trial_x07_R4_20260804_233226_green_cuboid,/home/wei/code/learning_thousand_tasks/demo_library/scene_packages/icp_x07_R4_20260804_233226_green_cuboid,grasp,,,,,"["""", """", """"]",,,,,TRUE,top_grasp_demo_replay,,TRUE,TRUE,,64.82503891,0.877420902,0.023451567,56.39394403,/home/wei/code/learning_thousand_tasks/demo_library/rollout_trajectories/rollout_x07_R4_20260804_233226_green_cuboid.json,,TRUE,TRUE,TRUE,,,,,,rectangular_prism,green_cuboid,"[0.03, 0.1, 0.035]","["""", """", """"]",TRUE,"[0.6999999992986681, -0.07999999873926919, 0.34249980384767165]","[0.7033224669222568, -0.09045365124541792, 0.39968623481101356]",green_rectangular_prism,0.016948779,,,accepted_with_lift_delta,,gazebo_model_states,FALSE,,,standard_replay,1.92305088,0.028205156,41.63175797,56.39394403,1,11,moveit_wrapper_v1,2026/8/4 23:33,0.057199415,"[0.692464752166946, -0.08228682161213503]","[-0.0060347881312375895, -0.008087576355946452]",0.692464752,-0.082286822,-0.006034788,-0.008087576,0.010090964
,1785911822,x07_R1_20260804_233553_green_cuboid,pick up the green cuboid with rotated top grasp,x07_y-008_yaw30,1,full,green_cuboid,rectangular_prism,rectangular_prism,,FALSE,success,,,,cuboid_top_yaw_grasp,0.737218889,language_then_geometry,grasp,0.9921875,0.737218889,0.9921875,0.737218889,"[{""id"": ""cuboid_top_yaw_grasp"", ""task_type"": ""grasp"", ""language_score"": 0.9921875000000001, ""geometry_score"": 0.7372188891130648}]",,,LangSAM+depth_pointcloud,head_camera,0.698532848,-0.074047931,-0.596932732,"[0.6985328475024551, -0.07404793051941841, -0.5969327319952984]",green_rectangular_prism,0.699999998,-0.079999998,0.342499804,30.0000129,"[0.6999999976755358, -0.07999999756260986, """"]","[0.6999999976755358, -0.07999999756260986, 0.34249980384767165]",gazebo_world_xy_only,base,,,120.0000129,30.00001292,120.0000129,118.4992301,0.006130223,0.006130223,0.698532848,-0.074047931,-0.56500282,"[0.6985328475024551, -0.07404793051941841, -0.5650028195947657]","[0.696533300742082, -0.07305727055692485, -0.43801632273359686]",0.047424952,0.048676372,0.056753159,"[0.04742495156824589, 0.048676371574401855, 0.05675315856933594]",90.08094809,118.7309607,28.3981562,1.2690393,gazebo_long_axis_parallel_180,0.338196544,-0.57000282,-0.54,0.005,-0.56500282,0.690901368,-0.079178614,0.698532848,-0.074047931,0.00763148,0.005130684,0.081828989,0.039932092,0.006914365,0.017849612,0.008465442,18,496,496,live_trial_x07_R1_20260804_233553_green_cuboid,/home/wei/code/learning_thousand_tasks/demo_library/scene_packages/live_trial_x07_R1_20260804_233553_green_cuboid,/home/wei/code/learning_thousand_tasks/demo_library/scene_packages/live_trial_x07_R1_20260804_233553_green_cuboid,/home/wei/code/learning_thousand_tasks/demo_library/scene_packages/icp_x07_R1_20260804_233553_green_cuboid,grasp,,,,,"["""", """", """"]",,,,,TRUE,top_grasp_demo_replay,,TRUE,TRUE,,68.20522738,0.89659214,0.128995895,57.89600539,/home/wei/code/learning_thousand_tasks/demo_library/rollout_trajectories/rollout_x07_R1_20260804_233553_green_cuboid.json,,TRUE,TRUE,TRUE,,,,,,rectangular_prism,green_cuboid,"[0.03, 0.1, 0.035]","["""", """", """"]",TRUE,"[0.6999999976755358, -0.07999999756260986, 0.34249980384767165]","[0.6946511716142955, -0.08677677573570901, 0.40154460689180105]",green_rectangular_prism,0.013505476,,,accepted_with_lift_delta,,gazebo_model_states,FALSE,,,standard_replay,1.697368622,0.048317671,42.91743064,57.89600539,1,11,moveit_wrapper_v1,2026/8/4 23:37,0.059142707,"[0.6868859705175736, -0.08566291571687348]","[-0.011646876984881538, -0.011614985197455074]",0.686885971,-0.085662916,-0.011646877,-0.011614985,0.016448636
,1785911993,x07_R2_20260804_233849_green_cuboid,pick up the green cuboid with rotated top grasp,x07_y-008_yaw30,2,full,green_cuboid,rectangular_prism,rectangular_prism,,FALSE,success,,,,cuboid_top_yaw_grasp,0.737218889,language_then_geometry,grasp,0.9921875,0.737218889,0.9921875,0.737218889,"[{""id"": ""cuboid_top_yaw_grasp"", ""task_type"": ""grasp"", ""language_score"": 0.9921875000000001, ""geometry_score"": 0.7372188891130648}]",,,LangSAM+depth_pointcloud,head_camera,0.698702432,-0.073982454,-0.596794941,"[0.6987024319775438, -0.07398245352991428, -0.5967949411705499]",green_rectangular_prism,0.699999998,-0.079999998,0.342499804,30.0000129,"[0.6999999977943744, -0.07999999784693644, """"]","[0.6999999977943744, -0.07999999784693644, 0.34249980384767165]",gazebo_world_xy_only,base,,,120.0000129,30.00001292,120.0000129,118.4992301,0.006155852,0.006155852,0.698702432,-0.073982454,-0.565002816,"[0.6987024319775438, -0.07398245352991428, -0.5650028160416438]","[0.6967028852171706, -0.07299179356742072, -0.43801631918047496]",0.047372503,0.049519509,0.056553781,"[0.04737250320613384, 0.049519509077072144, 0.056553781032562256]",90.10124489,118.2349607,28.3981462,1.7650393,gazebo_long_axis_parallel_180,0.338196544,-0.570002816,-0.54,0.005,-0.565002816,0.69117548,-0.07919712,0.698702432,-0.073982454,0.007526952,0.005214667,0.081976993,0.040147016,0.006960223,0.018097893,0.008533803,18,496,496,live_trial_x07_R2_20260804_233849_green_cuboid,/home/wei/code/learning_thousand_tasks/demo_library/scene_packages/live_trial_x07_R2_20260804_233849_green_cuboid,/home/wei/code/learning_thousand_tasks/demo_library/scene_packages/live_trial_x07_R2_20260804_233849_green_cuboid,/home/wei/code/learning_thousand_tasks/demo_library/scene_packages/icp_x07_R2_20260804_233849_green_cuboid,grasp,,,,,"["""", """", """"]",,,,,TRUE,top_grasp_demo_replay,,TRUE,TRUE,,63.20781779,0.82674408,0.090742111,55.45984006,/home/wei/code/learning_thousand_tasks/demo_library/rollout_trajectories/rollout_x07_R2_20260804_233849_green_cuboid.json,,TRUE,TRUE,TRUE,,,,,,rectangular_prism,green_cuboid,"[0.03, 0.1, 0.035]","["""", """", """"]",TRUE,"[0.6999999977943744, -0.07999999784693644, 0.34249980384767165]","[0.6895390151937347, -0.09363911663216587, 0.3959055465671373]",green_rectangular_prism,0.021738018,,,accepted_with_lift_delta,,gazebo_model_states,FALSE,,,standard_replay,1.77404952,0.043399334,40.4176929,55.45984006,1,11,moveit_wrapper_v1,2026/8/4 23:39,0.053423132,"[0.6832932775673269, -0.08200388872214906]","[-0.015409154410216841, -0.008021435192234777]",0.683293278,-0.082003889,-0.015409154,-0.008021435,0.017371973
,1785912148,x07_R3_20260804_234124_green_cuboid,pick up the green cuboid with rotated top grasp,x07_y-008_yaw30,3,full,green_cuboid,rectangular_prism,rectangular_prism,,FALSE,success,,,,cuboid_top_yaw_grasp,0.737218889,language_then_geometry,grasp,0.9921875,0.737218889,0.9921875,0.737218889,"[{""id"": ""cuboid_top_yaw_grasp"", ""task_type"": ""grasp"", ""language_score"": 0.9921875000000001, ""geometry_score"": 0.7372188891130648}]",,,LangSAM+depth_pointcloud,head_camera,0.698702452,-0.073981536,-0.596793136,"[0.6987024515336248, -0.07398153622775641, -0.5967931360437734]",green_rectangular_prism,0.699999998,-0.079999998,0.342499804,30.0000129,"[0.6999999978105368, -0.0799999978856057, """"]","[0.6999999978105368, -0.0799999978856057, 0.34249980384767165]",gazebo_world_xy_only,base,,,120.0000129,30.00001292,120.0000129,118.4992301,0.006156745,0.006156745,0.698702452,-0.073981536,-0.565002741,"[0.6987024515336248, -0.07398153622775641, -0.5650027408445135]","[0.6967029047732516, -0.07299087626526285, -0.43801624398334466]",0.047372205,0.049517989,0.05655241,"[0.047372205182909966, 0.04951798915863037, 0.05655241012573242]",90.10136983,119.0308365,28.3981735,0.9691635,gazebo_long_axis_parallel_180,0.338196544,-0.570002741,-0.54,0.005,-0.565002741,0.691174396,-0.079195364,0.698702452,-0.073981536,0.007528056,0.005213828,0.081976357,0.040147794,0.006960017,0.018098757,0.008534168,18,496,496,live_trial_x07_R3_20260804_234124_green_cuboid,/home/wei/code/learning_thousand_tasks/demo_library/scene_packages/live_trial_x07_R3_20260804_234124_green_cuboid,/home/wei/code/learning_thousand_tasks/demo_library/scene_packages/live_trial_x07_R3_20260804_234124_green_cuboid,/home/wei/code/learning_thousand_tasks/demo_library/scene_packages/icp_x07_R3_20260804_234124_green_cuboid,grasp,,,,,"["""", """", """"]",,,,,TRUE,top_grasp_demo_replay,,TRUE,TRUE,,63.74699092,0.982186317,0.017347336,54.41958714,/home/wei/code/learning_thousand_tasks/demo_library/rollout_trajectories/rollout_x07_R3_20260804_234124_green_cuboid.json,,TRUE,TRUE,TRUE,,,,,,rectangular_prism,green_cuboid,"[0.03, 0.1, 0.035]","["""", """", """"]",TRUE,"[0.6999999978105368, -0.0799999978856057, 0.34249980384767165]","[0.6982394180232, -0.09258419001265926, 0.39659764128334857]",green_rectangular_prism,0.018606676,,,accepted_with_lift_delta,,gazebo_model_states,FALSE,,,standard_replay,1.771158934,0.047883511,38.96597886,54.41958714,1,11,moveit_wrapper_v1,2026/8/4 23:42,0.054098336,"[0.6890447097361893, -0.07858553498697352]","[-0.009657741797435504, -0.004603998759217104]",0.68904471,-0.078585535,-0.009657742,-0.004603999,0.010699008
,1785912338,x07_R4_20260804_234431_green_cuboid,pick up the green cuboid with rotated top grasp,x07_y-008_yaw30,4,full,green_cuboid,rectangular_prism,rectangular_prism,,FALSE,success,,,,cuboid_top_yaw_grasp,0.737218889,language_then_geometry,grasp,0.9921875,0.737218889,0.9921875,0.737218889,"[{""id"": ""cuboid_top_yaw_grasp"", ""task_type"": ""grasp"", ""language_score"": 0.9921875000000001, ""geometry_score"": 0.7372188891130648}]",,,LangSAM+depth_pointcloud,head_camera,0.698695916,-0.074014224,-0.596883195,"[0.6986959159434688, -0.07401422409495925, -0.5968831950544684]",green_rectangular_prism,0.699999998,-0.079999998,0.342499804,30.0000129,"[0.6999999977167961, -0.07999999766132701, """"]","[0.6999999977167961, -0.07999999766132701, 0.34249980384767165]",gazebo_world_xy_only,base,,,120.0000129,30.00001292,120.0000129,118.4992301,0.006126183,0.006126183,0.698695916,-0.074014224,-0.565002741,"[0.6986959159434688, -0.07401422409495925, -0.5650027408445133]","[0.6966963691830956, -0.07302356413246569, -0.43801624398334443]",0.047386166,0.049292505,0.056605458,"[0.04738616570830345, 0.04929250478744507, 0.05660545825958252]",90.09596837,118.846486,28.3987495,1.153514,gazebo_long_axis_parallel_180,0.338196544,-0.570002741,-0.54,0.005,-0.565002741,0.691111264,-0.079276946,0.698695916,-0.074014224,0.007584652,0.005262722,0.082008345,0.04011559,0.006962982,0.018042204,0.008517796,18,496,496,live_trial_x07_R4_20260804_234431_green_cuboid,/home/wei/code/learning_thousand_tasks/demo_library/scene_packages/live_trial_x07_R4_20260804_234431_green_cuboid,/home/wei/code/learning_thousand_tasks/demo_library/scene_packages/live_trial_x07_R4_20260804_234431_green_cuboid,/home/wei/code/learning_thousand_tasks/demo_library/scene_packages/icp_x07_R4_20260804_234431_green_cuboid,grasp,,,,,"["""", """", """"]",,,,,TRUE,top_grasp_demo_replay,,TRUE,TRUE,,66.33968925,0.600350857,0.017499685,57.36250615,/home/wei/code/learning_thousand_tasks/demo_library/rollout_trajectories/rollout_x07_R4_20260804_234431_green_cuboid.json,,TRUE,TRUE,TRUE,,,,,,rectangular_prism,green_cuboid,"[0.03, 0.1, 0.035]","["""", """", """"]",TRUE,"[0.6999999977167961, -0.07999999766132701, 0.34249980384767165]","[0.7112421881418104, -0.08826661510677647, 0.3843029846544836]",green_rectangular_prism,0.01899796,,,accepted_with_lift_delta,,gazebo_model_states,FALSE,,,standard_replay,2.100137949,0.027202606,42.10036755,57.36250615,1,11,moveit_wrapper_v1,2026/8/4 23:45,0.041844272,"[0.6898829267201958, -0.07322452253103244]","[-0.008812989223273004, 0.0007897015639268118]",0.689882927,-0.073224523,-0.008812989,0.000789702,0.0088483
,1785912929,x07_R2_20260804_235423_green_cuboid,pick up the green cuboid with rotated top grasp,x07_y-008_yaw15,2,full,green_cuboid,rectangular_prism,rectangular_prism,,FALSE,success,,,,cuboid_top_yaw_grasp,0.737218889,language_then_geometry,grasp,0.9921875,0.737218889,0.9921875,0.737218889,"[{""id"": ""cuboid_top_yaw_grasp"", ""task_type"": ""grasp"", ""language_score"": 0.9921875000000001, ""geometry_score"": 0.7372188891130648}]",,,LangSAM+depth_pointcloud,head_camera,0.698968078,-0.07744285,-0.594085018,"[0.6989680777068583, -0.07744285034473888, -0.594085017892183]",green_rectangular_prism,0.699999916,-0.079999684,0.342499804,14.99997778,"[0.6999999156362776, -0.07999968446180598, """"]","[0.6999999156362776, -0.07999968446180598, 0.34249980384768564]",gazebo_world_xy_only,base,,,104.9999778,14.99997778,104.9999778,104.7430207,0.002757189,0.002757189,0.698968078,-0.07744285,-0.565002789,"[0.6989680777068583, -0.07744285034473888, -0.5650027890890454]","[0.6969685309464851, -0.07645219038224532, -0.4380162922278766]",0.072655293,0.036105287,0.025397205,"[0.0726552926003933, 0.03610528707504268, 0.025397205352783114]",90.10150468,104.7430207,14.64151605,0.256957056,gazebo_long_axis_parallel_180,0.338196544,-0.570002789,-0.54,0.005,-0.565002789,0.69718148,-0.078188047,0.698968078,-0.07744285,0.001786598,0.000745197,0.084445665,0.029704276,0.00690944,0.016652971,0.008202412,7,559,559,live_trial_x07_R2_20260804_235423_green_cuboid,/home/wei/code/learning_thousand_tasks/demo_library/scene_packages/live_trial_x07_R2_20260804_235423_green_cuboid,/home/wei/code/learning_thousand_tasks/demo_library/scene_packages/live_trial_x07_R2_20260804_235423_green_cuboid,/home/wei/code/learning_thousand_tasks/demo_library/scene_packages/icp_x07_R2_20260804_235423_green_cuboid,grasp,,,,,"["""", """", """"]",,,,,TRUE,top_grasp_demo_replay,,TRUE,TRUE,,64.70198059,0.983883858,0.035398245,56.39219809,/home/wei/code/learning_thousand_tasks/demo_library/rollout_trajectories/rollout_x07_R2_20260804_235423_green_cuboid.json,,TRUE,TRUE,TRUE,,,,,,rectangular_prism,green_cuboid,"[0.03, 0.1, 0.035]","["""", """", """"]",TRUE,"[0.6999999156362776, -0.07999968446180598, 0.34249980384768564]","[0.6799411893304353, -0.08180318875795968, 0.4040081774493038]",green_rectangular_prism,0.019528056,,,accepted_with_lift_delta,,gazebo_model_states,FALSE,,,standard_replay,1.077536345,0.043450832,41.80745649,56.39219809,1,11,moveit_wrapper_v1,2026/8/4 23:55,0.061522044,"[0.6868762534137909, -0.08185854666098835]","[-0.012091824293067432, -0.004415696316249468]",0.686876253,-0.081858547,-0.012091824,-0.004415696,0.012872862
,1785913573,x07_R4_20260805_000510_green_cuboid,pick up the green cuboid with rotated top grasp,x07_y-008_yaw15,4,full,green_cuboid,rectangular_prism,rectangular_prism,,FALSE,success,,,,cuboid_top_yaw_grasp,0.737218889,language_then_geometry,grasp,0.9921875,0.737218889,0.9921875,0.737218889,"[{""id"": ""cuboid_top_yaw_grasp"", ""task_type"": ""grasp"", ""language_score"": 0.9921875000000001, ""geometry_score"": 0.7372188891130648}]",,,LangSAM+depth_pointcloud,head_camera,0.698968068,-0.077442913,-0.594084997,"[0.6989680676137567, -0.07744291309471747, -0.5940849971560849]",green_rectangular_prism,0.699999916,-0.079999684,0.342499804,14.99997778,"[0.6999999156189431, -0.07999968445745577, """"]","[0.6999999156189431, -0.07999968445745577, 0.34249980384768564]",gazebo_world_xy_only,base,,,104.9999778,14.99997778,104.9999778,104.7430104,0.002757134,0.002757134,0.698968068,-0.077442913,-0.565002896,"[0.6989680676137567, -0.07744291309471747, -0.5650028955599995]","[0.6969685208533836, -0.07645225313222391, -0.43801639869883063]",0.07265529,0.036105287,0.025396967,"[0.07265528962016105, 0.03610528707504268, 0.025396966934204013]",90.10149964,104.7430104,14.64151076,0.25696738,gazebo_long_axis_parallel_180,0.338196544,-0.570002896,-0.54,0.005,-0.565002896,0.697181484,-0.07818811,0.698968068,-0.077442913,0.001786583,0.000745197,0.084445664,0.029704276,0.006909433,0.016652965,0.008202406,7,559,559,live_trial_x07_R4_20260805_000510_green_cuboid,/home/wei/code/learning_thousand_tasks/demo_library/scene_packages/live_trial_x07_R4_20260805_000510_green_cuboid,/home/wei/code/learning_thousand_tasks/demo_library/scene_packages/live_trial_x07_R4_20260805_000510_green_cuboid,/home/wei/code/learning_thousand_tasks/demo_library/scene_packages/icp_x07_R4_20260805_000510_green_cuboid,grasp,,,,,"["""", """", """"]",,,,,TRUE,top_grasp_demo_replay,,TRUE,TRUE,,62.31660509,0.521906614,0.022240639,55.16499496,/home/wei/code/learning_thousand_tasks/demo_library/rollout_trajectories/rollout_x07_R4_20260805_000510_green_cuboid.json,,TRUE,TRUE,TRUE,,,,,,rectangular_prism,green_cuboid,"[0.03, 0.1, 0.035]","["""", """", """"]",TRUE,"[0.6999999156189431, -0.07999968445745577, 0.34249980384768564]","[0.6692496589530256, -0.08088948315167613, 0.3969041214977069]",green_rectangular_prism,0.029923377,,,accepted_with_lift_delta,,gazebo_model_states,FALSE,,,standard_replay,0.753011703,0.032781124,40.62383366,55.16499496,1,11,moveit_wrapper_v1,2026/8/5 0:06,0.054426435,"[0.6843462537742827, -0.08654954312200273]","[-0.01462181383947403, -0.009106630027285262]",0.684346254,-0.086549543,-0.014621814,-0.00910663,0.017225799
,1785913738,x07_R1_20260805_000755_green_cuboid,pick up the green cuboid with rotated top grasp,x07_y-008_yaw15,1,full,green_cuboid,rectangular_prism,rectangular_prism,,FALSE,success,,,,cuboid_top_yaw_grasp,0.737218889,language_then_geometry,grasp,0.9921875,0.737218889,0.9921875,0.737218889,"[{""id"": ""cuboid_top_yaw_grasp"", ""task_type"": ""grasp"", ""language_score"": 0.9921875000000001, ""geometry_score"": 0.7372188891130648}]",,,LangSAM+depth_pointcloud,head_camera,0.698974506,-0.077557094,-0.59392351,"[0.698974506384564, -0.07755709354901882, -0.5939235100055877]",green_rectangular_prism,0.699999916,-0.079999684,0.342499804,14.99997778,"[0.6999999155978278, -0.0799996844521567, """"]","[0.6999999155978278, -0.0799996844521567, 0.34249980384768564]",gazebo_world_xy_only,base,,,104.9999778,14.99997778,104.9999778,104.7617521,0.002649097,0.002649097,0.698974506,-0.077557094,-0.565002789,"[0.698974506384564, -0.07755709354901882, -0.5650027890890457]","[0.6969749596241909, -0.07656643358652526, -0.4380162922278768]",0.072658835,0.03601253,0.025397301,"[0.07265883460640907, 0.03601253032684326, 0.025397300720214844]",90.08299416,104.7617521,14.67875797,0.238225654,gazebo_long_axis_parallel_180,0.338196544,-0.570002789,-0.54,0.005,-0.565002789,0.697185416,-0.078262044,0.698974506,-0.077557094,0.001789091,0.000704951,0.084669884,0.029632183,0.006909502,0.016657378,0.008190742,7,559,559,live_trial_x07_R1_20260805_000755_green_cuboid,/home/wei/code/learning_thousand_tasks/demo_library/scene_packages/live_trial_x07_R1_20260805_000755_green_cuboid,/home/wei/code/learning_thousand_tasks/demo_library/scene_packages/live_trial_x07_R1_20260805_000755_green_cuboid,/home/wei/code/learning_thousand_tasks/demo_library/scene_packages/icp_x07_R1_20260805_000755_green_cuboid,grasp,,,,,"["""", """", """"]",,,,,TRUE,top_grasp_demo_replay,,TRUE,TRUE,,63.02725363,0.884726048,0.065624475,54.77299666,/home/wei/code/learning_thousand_tasks/demo_library/rollout_trajectories/rollout_x07_R1_20260805_000755_green_cuboid.json,,TRUE,TRUE,TRUE,,,,,,rectangular_prism,green_cuboid,"[0.03, 0.1, 0.035]","["""", """", """"]",TRUE,"[0.6999999155978278, -0.0799996844521567, 0.34249980384768564]","[0.678893207312572, -0.07736298856423046, 0.3962619714156882]",green_rectangular_prism,0.020053572,,,accepted_with_lift_delta,,gazebo_model_states,FALSE,,,standard_replay,1.682887316,0.026356697,40.21906161,54.77299666,1,11,moveit_wrapper_v1,2026/8/5 0:08,0.053746937,"[0.68380944710204, -0.08194300966052213]","[-0.015165059282524096, -0.00438591611150331]",0.683809447,-0.08194301,-0.015165059,-0.004385916,0.015786554
,1785913885,x07_R3_20260805_001022_green_cuboid,pick up the green cuboid with rotated top grasp,x07_y-008_yaw15,3,full,green_cuboid,rectangular_prism,rectangular_prism,,FALSE,success,,,,cuboid_top_yaw_grasp,0.737218889,language_then_geometry,grasp,0.9921875,0.737218889,0.9921875,0.737218889,"[{""id"": ""cuboid_top_yaw_grasp"", ""task_type"": ""grasp"", ""language_score"": 0.9921875000000001, ""geometry_score"": 0.7372188891130648}]",,,LangSAM+depth_pointcloud,head_camera,0.698967996,-0.077442865,-0.594084672,"[0.6989679963604818, -0.07744286542742945, -0.5940846723310531]",green_rectangular_prism,0.699999916,-0.079999684,0.342499804,14.99997778,"[0.699999915654125, -0.07999968446628493, """"]","[0.699999915654125, -0.07999968446628493, 0.34249980384768564]",gazebo_world_xy_only,base,,,104.9999778,14.99997778,104.9999778,104.7430733,0.002757205,0.002757205,0.698967996,-0.077442865,-0.565002782,"[0.6989679963604818, -0.07744286542742945, -0.5650027818412122]","[0.6969684496001086, -0.07645220546493589, -0.43801628498004336]",0.072655272,0.036104345,0.025396729,"[0.07265527248382568, 0.036104345321655296, 0.02539672851562491]",90.10148453,104.7430733,14.64158875,0.256904501,gazebo_long_axis_parallel_180,0.338196544,-0.570002782,-0.54,0.005,-0.565002782,0.697178504,-0.078193165,0.698967996,-0.077442865,0.001789493,0.000750299,0.084446009,0.02970422,0.00690487,0.016651154,0.0082021,7,559,559,live_trial_x07_R3_20260805_001022_green_cuboid,/home/wei/code/learning_thousand_tasks/demo_library/scene_packages/live_trial_x07_R3_20260805_001022_green_cuboid,/home/wei/code/learning_thousand_tasks/demo_library/scene_packages/live_trial_x07_R3_20260805_001022_green_cuboid,/home/wei/code/learning_thousand_tasks/demo_library/scene_packages/icp_x07_R3_20260805_001022_green_cuboid,grasp,,,,,"["""", """", """"]",,,,,TRUE,top_grasp_demo_replay,,TRUE,TRUE,,61.94678712,1.093040466,0.039085388,55.47247148,/home/wei/code/learning_thousand_tasks/demo_library/rollout_trajectories/rollout_x07_R3_20260805_001022_green_cuboid.json,,TRUE,TRUE,TRUE,,,,,,rectangular_prism,green_cuboid,"[0.03, 0.1, 0.035]","["""", """", """"]",TRUE,"[0.699999915654125, -0.07999968446628493, 0.34249980384768564]","[0.6711652684690714, -0.07284147605037608, 0.39802097570513445]",green_rectangular_prism,0.028214052,,,accepted_with_lift_delta,,gazebo_model_states,FALSE,,,standard_replay,1.11393261,0.044487238,41.71289253,55.47247148,1,11,moveit_wrapper_v1,2026/8/5 0:11,0.055529451,"[0.6846594053615602, -0.08655459364359429]","[-0.014308590998921566, -0.009111728216164836]",0.684659405,-0.086554594,-0.014308591,-0.009111728,0.016963472
2026/7/29 1:21,1785313266,C08_R1_20260729_012006_green_cuboid,pick up the green cuboid with rotated top grasp,x06_y0_yaw45,1,full,green_cuboid,rectangular_prism,rectangular_prism,,FALSE,success,,,,cuboid_top_yaw_grasp,0.737218889,language_then_geometry,grasp,0.9921875,0.737218889,0.9921875,0.737218889,"[{""id"": ""cuboid_top_yaw_grasp"", ""task_type"": ""grasp"", ""language_score"": 0.9921875000000001, ""geometry_score"": 0.7372188891130648}]",,,LangSAM+depth_pointcloud,head_camera,0.604210515,0.003868345,-0.590712152,"[0.6042105153990138, 0.0038683452771919357, -0.5907121517252792]",green_rectangular_prism,0.614618538,0.001192172,0.401618988,42.55565148,"[0.6146185384588079, 0.0011921718222711911, """"]","[0.6146185384588079, 0.0011921718222711911, 0.40161898779765937]",gazebo_world_xy_only,base,,,132.5556515,42.55565148,132.5556515,133.5492431,0.010746574,0.010746574,0.604210515,0.003868345,-0.565002231,"[0.6042105153990138, 0.0038683452771919357, -0.5650022305985528]","[0.6022109686386407, 0.004859005239685498, -0.43801573373738395]",0.060242363,0.036904168,0.050755882,"[0.06024236269295216, 0.03690416812896724, 0.05075588226318373]",90.1040978,133.5492431,43.44514534,0.99359166,gazebo_long_axis_parallel_180,0.338196544,-0.570002231,-0.54,0.005,-0.565002231,0.599015666,-0.001960951,0.604210515,0.003868345,0.005194849,0.005829296,0.091301313,0.043049272,0.007543409,0.018197009,0.008804288,8,623,623,live_trial_C08_R1_20260729_012006_green_cuboid,/home/wei/code/learning_thousand_tasks/demo_library/scene_packages/live_trial_C08_R1_20260729_012006_green_cuboid,/home/wei/code/learning_thousand_tasks/demo_library/scene_packages/live_trial_C08_R1_20260729_012006_green_cuboid,/home/wei/code/learning_thousand_tasks/demo_library/scene_packages/icp_C08_R1_20260729_012006_green_cuboid,grasp,,,,,"["""", """", """"]",,,,,TRUE,top_grasp_demo_replay,,TRUE,TRUE,,59.99706197,1.122229099,0.043150902,49.95164251,/home/wei/code/learning_thousand_tasks/demo_library/rollout_trajectories/rollout_C08_R1_20260729_012006_green_cuboid.json,,,,,,,,,,,,,,,,,,,,,,,,,,,,,,,,,,,,,,,,,,,
2026/7/29 1:23,1785313416,C08_R2_20260729_012240_green_cuboid,pick up the green cuboid with rotated top grasp,x06_y0_yaw45,2,full,green_cuboid,rectangular_prism,rectangular_prism,,FALSE,success,,,,cuboid_top_yaw_grasp,0.737218889,language_then_geometry,grasp,0.9921875,0.737218889,0.9921875,0.737218889,"[{""id"": ""cuboid_top_yaw_grasp"", ""task_type"": ""grasp"", ""language_score"": 0.9921875000000001, ""geometry_score"": 0.7372188891130648}]",,,LangSAM+depth_pointcloud,head_camera,0.604220594,0.003843806,-0.590721434,"[0.6042205937606745, 0.0038438056812061055, -0.590721434207554]",green_rectangular_prism,0.604036037,-0.001428556,0.401326359,43.25343498,"[0.604036037214653, -0.0014285564237964629, """"]","[0.604036037214653, -0.0014285564237964629, 0.40132635919265375]",gazebo_world_xy_only,base,,,133.253435,43.25343498,133.253435,133.5445219,0.005275591,0.005275591,0.604220594,0.003843806,-0.565002453,"[0.6042205937606745, 0.0038438056812061055, -0.5650024532446023]","[0.6022210470003013, 0.004834465643699668, -0.43801595638343344]",0.060242378,0.036936569,0.050767922,"[0.06024237833917141, 0.03693656921386723, 0.050767922401428356]",90.10178105,133.5445219,43.44274081,0.291086888,gazebo_long_axis_parallel_180,0.338196544,-0.570002453,-0.54,0.005,-0.565002453,0.5990536,-0.001948068,0.604220594,0.003843806,0.005166994,0.005791874,0.0913138,0.043033014,0.007507425,0.018199857,0.008804429,8,623,623,live_trial_C08_R2_20260729_012240_green_cuboid,/home/wei/code/learning_thousand_tasks/demo_library/scene_packages/live_trial_C08_R2_20260729_012240_green_cuboid,/home/wei/code/learning_thousand_tasks/demo_library/scene_packages/live_trial_C08_R2_20260729_012240_green_cuboid,/home/wei/code/learning_thousand_tasks/demo_library/scene_packages/icp_C08_R2_20260729_012240_green_cuboid,grasp,,,,,"["""", """", """"]",,,,,TRUE,top_grasp_demo_replay,,TRUE,TRUE,,55.50333261,0.944255829,0.012091398,47.38326788,/home/wei/code/learning_thousand_tasks/demo_library/rollout_trajectories/rollout_C08_R2_20260729_012240_green_cuboid.json,,,,,,,,,,,,,,,,,,,,,,,,,,,,,,,,,,,,,,,,,,,
2026/7/29 1:26,1785313567,C08_R3_20260729_012512_green_cuboid,pick up the green cuboid with rotated top grasp,x06_y0_yaw45,3,full,green_cuboid,rectangular_prism,rectangular_prism,,FALSE,success,,,,cuboid_top_yaw_grasp,0.737218889,language_then_geometry,grasp,0.9921875,0.737218889,0.9921875,0.737218889,"[{""id"": ""cuboid_top_yaw_grasp"", ""task_type"": ""grasp"", ""language_score"": 0.9921875000000001, ""geometry_score"": 0.7372188891130648}]",,,LangSAM+depth_pointcloud,head_camera,0.604199999,0.003895715,-0.590519936,"[0.6041999993279134, 0.003895715434769861, -0.5905199357761464]",green_rectangular_prism,0.625530217,-0.00877597,0.403148033,40.31340975,"[0.6255302170826883, -0.008775970190552332, """"]","[0.6255302170826883, -0.008775970190552332, 0.4031480331425755]",gazebo_world_xy_only,base,,,130.3134098,40.31340975,130.3134098,133.5544615,0.024810276,0.024810276,0.604199999,0.003895715,-0.565002455,"[0.6041999993279134, 0.003895715434769861, -0.5650024552192596]","[0.6022004525675402, 0.004886375397263423, -0.43801595835809076]",0.060242367,0.036868513,0.050742459,"[0.06024236716330052, 0.036868512630462646, 0.05074245929718013]",90.10672366,133.5544615,43.44773788,3.241051788,gazebo_long_axis_parallel_180,0.338196544,-0.570002455,-0.54,0.005,-0.565002455,0.599042741,-0.001885841,0.604199999,0.003895715,0.005157258,0.005781556,0.091288827,0.04306726,0.007509936,0.018220958,0.00880974,8,623,623,live_trial_C08_R3_20260729_012512_green_cuboid,/home/wei/code/learning_thousand_tasks/demo_library/scene_packages/live_trial_C08_R3_20260729_012512_green_cuboid,/home/wei/code/learning_thousand_tasks/demo_library/scene_packages/live_trial_C08_R3_20260729_012512_green_cuboid,/home/wei/code/learning_thousand_tasks/demo_library/scene_packages/icp_C08_R3_20260729_012512_green_cuboid,grasp,,,,,"["""", """", """"]",,,,,TRUE,top_grasp_demo_replay,,TRUE,TRUE,,54.43949795,0.761389494,0.030177116,47.030092,/home/wei/code/learning_thousand_tasks/demo_library/rollout_trajectories/rollout_C08_R3_20260729_012512_green_cuboid.json,,,,,,,,,,,,,,,,,,,,,,,,,,,,,,,,,,,,,,,,,,,
2026/7/29 1:29,1785313755,C08_R4_20260729_012813_green_cuboid,pick up the green cuboid with rotated top grasp,x06_y0_yaw45,4,full,green_cuboid,rectangular_prism,rectangular_prism,,FALSE,success,,,,cuboid_top_yaw_grasp,0.737218889,language_then_geometry,grasp,0.9921875,0.737218889,0.9921875,0.737218889,"[{""id"": ""cuboid_top_yaw_grasp"", ""task_type"": ""grasp"", ""language_score"": 0.9921875000000001, ""geometry_score"": 0.7372188891130648}]",,,LangSAM+depth_pointcloud,head_camera,0.604199398,0.003947475,-0.590574174,"[0.6041993984529729, 0.003947475062917764, -0.590574173986812]",green_rectangular_prism,0.635038416,0.00149808,0.406732208,45.28058493,"[0.6350384163791631, 0.0014980802278234742, """"]","[0.6350384163791631, 0.0014980802278234742, 0.40673220837184876]",gazebo_world_xy_only,base,,,135.2805849,45.28058493,135.2805849,133.5655208,0.030936137,0.030936137,0.604199398,0.003947475,-0.565002487,"[0.6041993984529729, 0.003947475062917764, -0.5650024865181045]","[0.6021998516925997, 0.004938135025411326, -0.4380159896569356]",0.060924726,0.037138772,0.050775003,"[0.060924725607037544, 0.03713877201080329, 0.050775003433227495]",90.11142169,133.5655208,43.45409906,1.715064178,gazebo_long_axis_parallel_180,0.338196544,-0.570002487,-0.54,0.005,-0.565002487,0.599006848,-0.001861564,0.604199398,0.003947475,0.00519255,0.005809039,0.091288583,0.043128139,0.007531324,0.018220391,0.00881791,8,623,623,live_trial_C08_R4_20260729_012813_green_cuboid,/home/wei/code/learning_thousand_tasks/demo_library/scene_packages/live_trial_C08_R4_20260729_012813_green_cuboid,/home/wei/code/learning_thousand_tasks/demo_library/scene_packages/live_trial_C08_R4_20260729_012813_green_cuboid,/home/wei/code/learning_thousand_tasks/demo_library/scene_packages/icp_C08_R4_20260729_012813_green_cuboid,grasp,,,,,"["""", """", """"]",,,,,TRUE,top_grasp_demo_replay,,TRUE,TRUE,,61.0715704,0.664432049,0.095551491,52.1668818,/home/wei/code/learning_thousand_tasks/demo_library/rollout_trajectories/rollout_C08_R4_20260729_012813_green_cuboid.json,,,,,,,,,,,,,,,,,,,,,,,,,,,,,,,,,,,,,,,,,,,
2026/7/29 4:25,1785324302,C09_R1_20260729_042401_green_cuboid,pick up the green cuboid with rotated top grasp,x055_y-015_yaw60,1,full,green_cuboid,rectangular_prism,rectangular_prism,,FALSE,success,,,,cuboid_top_yaw_grasp,0.737218889,language_then_geometry,grasp,0.9921875,0.737218889,0.9921875,0.737218889,"[{""id"": ""cuboid_top_yaw_grasp"", ""task_type"": ""grasp"", ""language_score"": 0.9921875000000001, ""geometry_score"": 0.7372188891130648}]",,,LangSAM+depth_pointcloud,head_camera,0.546753914,-0.145480963,-0.590739633,"[0.5467539144200192, -0.1454809631426924, -0.5907396334969508]",green_rectangular_prism,0.560321788,-0.15205201,0.404658825,61.62319793,"[0.5603217875425927, -0.15205200959083073, """"]","[0.5603217875425927, -0.15205200959083073, 0.4046588246873344]",gazebo_world_xy_only,base,,,151.6231979,61.62319793,151.6231979,149.1771862,0.015075339,0.015075339,0.546753914,-0.145480963,-0.565002324,"[0.5467539144200192, -0.1454809631426924, -0.5650023241486078]","[0.544754367659646, -0.14449030318019884, -0.438015827287439]",0.049221388,0.046100998,0.062952614,"[0.04922138750553132, 0.04610099792480471, 0.0629526138305665]",90.10116653,149.1771862,59.07601969,2.446011717,gazebo_long_axis_parallel_180,0.338196544,-0.570002324,-0.54,0.005,-0.565002324,0.540132938,-0.146269097,0.546753914,-0.145480963,0.006620976,0.000788133,0.090036952,0.035381886,0.007218207,0.018493232,0.00881441,10,639,639,live_trial_C09_R1_20260729_042401_green_cuboid,/home/wei/code/learning_thousand_tasks/demo_library/scene_packages/live_trial_C09_R1_20260729_042401_green_cuboid,/home/wei/code/learning_thousand_tasks/demo_library/scene_packages/live_trial_C09_R1_20260729_042401_green_cuboid,/home/wei/code/learning_thousand_tasks/demo_library/scene_packages/icp_C09_R1_20260729_042401_green_cuboid,grasp,,,,,"["""", """", """"]",,,,,TRUE,top_grasp_demo_replay,,TRUE,TRUE,,60.4684844,1.352385283,0.016777754,50.85901642,/home/wei/code/learning_thousand_tasks/demo_library/rollout_trajectories/rollout_C09_R1_20260729_042401_green_cuboid.json,,,,,,,,,,,,,,,,,,,,,,,,,,,,,,,,,,,,,,,,,,,
2026/7/29 4:27,1785324479,C09_R2_20260729_042658_green_cuboid,pick up the green cuboid with rotated top grasp,x055_y-015_yaw60,2,full,green_cuboid,rectangular_prism,rectangular_prism,,FALSE,success,,,,cuboid_top_yaw_grasp,0.737218889,language_then_geometry,grasp,0.9921875,0.737218889,0.9921875,0.737218889,"[{""id"": ""cuboid_top_yaw_grasp"", ""task_type"": ""grasp"", ""language_score"": 0.9921875000000001, ""geometry_score"": 0.7372188891130648}]",,,LangSAM+depth_pointcloud,head_camera,0.546754208,-0.14548033,-0.590736466,"[0.5467542075463203, -0.14548033005697777, -0.5907364660436508]",green_rectangular_prism,0.572375321,-0.154298017,0.392745805,62.62747946,"[0.5723753212114095, -0.15429801707016405, """"]","[0.5723753212114095, -0.15429801707016405, 0.3927458052328061]",gazebo_world_xy_only,base,,,152.6274795,62.62747946,152.6274795,149.1776726,0.027095997,0.027095997,0.546754208,-0.14548033,-0.565002389,"[0.5467542075463203, -0.14548033005697777, -0.5650023894583516]","[0.5447546607859471, -0.1444896700944842, -0.4380158925971827]",0.049221379,0.046100068,0.062952185,"[0.04922137856483462, 0.046100068092346236, 0.06295218467712393]",90.10128946,149.1776726,59.07638313,3.449806871,gazebo_long_axis_parallel_180,0.338196544,-0.570002389,-0.54,0.005,-0.565002389,0.540131779,-0.14626719,0.546754208,-0.14548033,0.006622429,0.00078686,0.090036481,0.035382735,0.00722071,0.018494797,0.008814806,10,639,639,live_trial_C09_R2_20260729_042658_green_cuboid,/home/wei/code/learning_thousand_tasks/demo_library/scene_packages/live_trial_C09_R2_20260729_042658_green_cuboid,/home/wei/code/learning_thousand_tasks/demo_library/scene_packages/live_trial_C09_R2_20260729_042658_green_cuboid,/home/wei/code/learning_thousand_tasks/demo_library/scene_packages/icp_C09_R2_20260729_042658_green_cuboid,grasp,,,,,"["""", """", """"]",,,,,TRUE,top_grasp_demo_replay,,TRUE,TRUE,,59.765692,0.70294261,0.011988878,49.95608258,/home/wei/code/learning_thousand_tasks/demo_library/rollout_trajectories/rollout_C09_R2_20260729_042658_green_cuboid.json,,,,,,,,,,,,,,,,,,,,,,,,,,,,,,,,,,,,,,,,,,,
2026/7/29 4:30,1785324646,C09_R3_20260729_042945_green_cuboid,pick up the green cuboid with rotated top grasp,x055_y-015_yaw60,3,full,green_cuboid,rectangular_prism,rectangular_prism,,FALSE,success,,,,cuboid_top_yaw_grasp,0.737218889,language_then_geometry,grasp,0.9921875,0.737218889,0.9921875,0.737218889,"[{""id"": ""cuboid_top_yaw_grasp"", ""task_type"": ""grasp"", ""language_score"": 0.9921875000000001, ""geometry_score"": 0.7372188891130648}]",,,LangSAM+depth_pointcloud,head_camera,0.546640161,-0.145754808,-0.590923305,"[0.5466401608461896, -0.14575480798834684, -0.5909233053314822]",green_rectangular_prism,0.555900368,-0.146960447,0.399836524,59.01304787,"[0.5559003677680977, -0.14696044740630357, """"]","[0.5559003677680977, -0.14696044740630357, 0.39983652396096536]",gazebo_world_xy_only,base,,,149.0130479,59.01304787,149.0130479,149.0585997,0.009338362,0.009338362,0.546640161,-0.145754808,-0.565002395,"[0.5466401608461896, -0.14575480798834684, -0.5650023948649994]","[0.5446406140858164, -0.14476414802585327, -0.4380158980038305]",0.049702525,0.047022009,0.062760472,"[0.04970252513885498, 0.047022008895874046, 0.06276047229766846]",90.065121,149.0585997,58.99347871,0.045551847,gazebo_long_axis_parallel_180,0.338196544,-0.570002395,-0.54,0.005,-0.565002395,0.540078186,-0.146547334,0.546640161,-0.145754808,0.006561975,0.000792526,0.090135616,0.035055285,0.007093756,0.01821248,0.008702079,10,639,639,live_trial_C09_R3_20260729_042945_green_cuboid,/home/wei/code/learning_thousand_tasks/demo_library/scene_packages/live_trial_C09_R3_20260729_042945_green_cuboid,/home/wei/code/learning_thousand_tasks/demo_library/scene_packages/live_trial_C09_R3_20260729_042945_green_cuboid,/home/wei/code/learning_thousand_tasks/demo_library/scene_packages/icp_C09_R3_20260729_042945_green_cuboid,grasp,,,,,"["""", """", """"]",,,,,TRUE,top_grasp_demo_replay,,TRUE,TRUE,,60.37741804,1.00218606,0.025468349,50.16060114,/home/wei/code/learning_thousand_tasks/demo_library/rollout_trajectories/rollout_C09_R3_20260729_042945_green_cuboid.json,,,,,,,,,,,,,,,,,,,,,,,,,,,,,,,,,,,,,,,,,,,
2026/7/29 4:33,1785324823,C09_R4_20260729_043244_green_cuboid,pick up the green cuboid with rotated top grasp,x055_y-015_yaw60,4,full,green_cuboid,rectangular_prism,rectangular_prism,,FALSE,success,,,,cuboid_top_yaw_grasp,0.737218889,language_then_geometry,grasp,0.9921875,0.737218889,0.9921875,0.737218889,"[{""id"": ""cuboid_top_yaw_grasp"", ""task_type"": ""grasp"", ""language_score"": 0.9921875000000001, ""geometry_score"": 0.7372188891130648}]",,,LangSAM+depth_pointcloud,head_camera,0.546777942,-0.145404659,-0.590397662,"[0.5467779422448598, -0.14540465893073745, -0.5903976617171065]",green_rectangular_prism,0.55476812,-0.15896118,0.399927955,56.09351903,"[0.5547681203444802, -0.15896117998622433, """"]","[0.5547681203444802, -0.15896117998622433, 0.39992795471448217]",gazebo_world_xy_only,base,,,146.093519,56.09351903,146.093519,149.1968329,0.015736016,0.015736016,0.546777942,-0.145404659,-0.565002392,"[0.5467779422448598, -0.14540465893073745, -0.5650023921987459]","[0.5447783954844866, -0.1444139989682439, -0.43801589533757707]",0.04922139,0.045720613,0.061990047,"[0.04922139048576356, 0.04572061300277708, 0.0619900465011598]",90.11503389,149.1968329,59.08179905,3.103313906,gazebo_long_axis_parallel_180,0.338196544,-0.570002392,-0.54,0.005,-0.565002392,0.540216159,-0.14615264,0.546777942,-0.145404659,0.006561784,0.000747981,0.089999538,0.035487328,0.007250413,0.018523766,0.008837602,10,639,639,live_trial_C09_R4_20260729_043244_green_cuboid,/home/wei/code/learning_thousand_tasks/demo_library/scene_packages/live_trial_C09_R4_20260729_043244_green_cuboid,/home/wei/code/learning_thousand_tasks/demo_library/scene_packages/live_trial_C09_R4_20260729_043244_green_cuboid,/home/wei/code/learning_thousand_tasks/demo_library/scene_packages/icp_C09_R4_20260729_043244_green_cuboid,grasp,,,,,"["""", """", """"]",,,,,TRUE,top_grasp_demo_replay,,TRUE,TRUE,,57.95593452,0.987025738,0.018410206,48.54451203,/home/wei/code/learning_thousand_tasks/demo_library/rollout_trajectories/rollout_C09_R4_20260729_043244_green_cuboid.json,,,,,,,,,,,,,,,,,,,,,,,,,,,,,,,,,,,,,,,,,,,
,1787979786,x065_R1_20260828_220207_green_cuboid,pick up the green cuboid with rotated top grasp,x065_y015_yaw30,1,full,green_cuboid,rectangular_prism,rectangular_prism,,FALSE,success,,,,cuboid_top_yaw_grasp,0.737218889,language_then_geometry,grasp,0.9921875,0.737218889,0.9921875,0.737218889,"[{""id"": ""cuboid_top_yaw_grasp"", ""task_type"": ""grasp"", ""language_score"": 0.9921875000000001, ""geometry_score"": 0.7372188891130648}]",,,LangSAM+depth_pointcloud,head_camera,0.648363173,0.15261137,-0.593721526,"[0.648363172675522, 0.1526113696998028, -0.5937215263570206]",green_rectangular_prism,0.649999836,0.150000284,0.342499804,30.00001291,"[0.649999836120664, 0.15000028359824888, """"]","[0.649999836120664, 0.15000028359824888, 0.34249980384767165]",gazebo_world_xy_only,base,,,120.0000129,30.00001291,120.0000129,119.7526112,0.003081629,0.003081629,0.648363173,0.15261137,-0.565002513,"[0.648363172675522, 0.1526113696998028, -0.5650025129155859]","[0.6463636259151488, 0.15360202966229636, -0.43801601605441703]",0.045205401,0.065101715,0.031360751,"[0.045205400760656045, 0.06510171512636369, 0.0313607507398751]",90.10157564,119.7526112,29.6510356,0.247401667,gazebo_long_axis_parallel_180,0.338196544,-0.570002513,-0.54,0.005,-0.565002513,0.646322996,0.152079053,0.648363173,0.15261137,0.002040177,0.000532316,0.083759607,0.030131606,0.00674736,0.016953213,0.008238231,7,608,608,live_trial_x065_R1_20260828_220207_green_cuboid,/home/wei/code/learning_thousand_tasks/demo_library/scene_packages/live_trial_x065_R1_20260828_220207_green_cuboid,/home/wei/code/learning_thousand_tasks/demo_library/scene_packages/live_trial_x065_R1_20260828_220207_green_cuboid,/home/wei/code/learning_thousand_tasks/demo_library/scene_packages/icp_x065_R1_20260828_220207_green_cuboid,grasp,,,,,"["""", """", """"]",,,,,TRUE,top_grasp_demo_replay,,TRUE,TRUE,,57.65042901,0.736033201,0.022052288,50.76682615,/home/wei/code/learning_thousand_tasks/demo_library/rollout_trajectories/rollout_x065_R1_20260828_220207_green_cuboid.json,,TRUE,TRUE,TRUE,,,,,,rectangular_prism,green_cuboid,"[0.03, 0.1, 0.035]","["""", """", """"]",TRUE,"[0.649999836120664, 0.15000028359824888, 0.34249980384767165]","[0.648270010883727, 0.14701912089215904, 0.3981051549595427]",green_rectangular_prism,0.005595072,,,accepted_with_lift_delta,,gazebo_model_states,FALSE,,,standard_replay,1.501027584,0.038822651,36.40616536,50.76682615,1,11,moveit_wrapper_v1,2026/8/28 22:03,0.055603225,"[0.6431693742432578, 0.14527475662206038]","[-0.005193798432264196, -0.0073366130777424154]",0.643169374,0.145274757,-0.005193798,-0.007336613,0.008988962
,1787979984,x065_R2_20260828_220528_green_cuboid,pick up the green cuboid with rotated top grasp,x065_y015_yaw30,2,full,green_cuboid,rectangular_prism,rectangular_prism,,FALSE,success,,,,cuboid_top_yaw_grasp,0.737218889,language_then_geometry,grasp,0.9921875,0.737218889,0.9921875,0.737218889,"[{""id"": ""cuboid_top_yaw_grasp"", ""task_type"": ""grasp"", ""language_score"": 0.9921875000000001, ""geometry_score"": 0.7372188891130648}]",,,LangSAM+depth_pointcloud,head_camera,0.648363725,0.152610469,-0.593719204,"[0.6483637247513775, 0.1526104692802496, -0.5937192043813913]",green_rectangular_prism,0.649999837,0.150000283,0.342499804,30.00001289,"[0.6499998365593893, 0.1500002833124737, """"]","[0.6499998365593893, 0.1500002833124737, 0.34249980384767165]",gazebo_world_xy_only,base,,,120.0000129,30.00001289,120.0000129,119.7535702,0.003080573,0.003080573,0.648363725,0.152610469,-0.56500257,"[0.6483637247513775, 0.1526104692802496, -0.5650025702848414]","[0.6463641779910043, 0.15360112924274316, -0.4380160734236725]",0.045205228,0.065101699,0.031355913,"[0.04520522838086083, 0.06510169853217833, 0.03135591334073384]",90.10136951,119.7535702,29.6522007,0.246442677,gazebo_long_axis_parallel_180,0.338196544,-0.57000257,-0.54,0.005,-0.56500257,0.646319331,0.152081216,0.648363725,0.152610469,0.002044393,0.000529253,0.083762329,0.030130163,0.006750062,0.016953864,0.008238375,7,608,608,live_trial_x065_R2_20260828_220528_green_cuboid,/home/wei/code/learning_thousand_tasks/demo_library/scene_packages/live_trial_x065_R2_20260828_220528_green_cuboid,/home/wei/code/learning_thousand_tasks/demo_library/scene_packages/live_trial_x065_R2_20260828_220528_green_cuboid,/home/wei/code/learning_thousand_tasks/demo_library/scene_packages/icp_x065_R2_20260828_220528_green_cuboid,grasp,,,,,"["""", """", """"]",,,,,TRUE,top_grasp_demo_replay,,TRUE,TRUE,,54.72184062,0.691602707,0.023207188,47.61077905,/home/wei/code/learning_thousand_tasks/demo_library/rollout_trajectories/rollout_x065_R2_20260828_220528_green_cuboid.json,,TRUE,TRUE,TRUE,,,,,,rectangular_prism,green_cuboid,"[0.03, 0.1, 0.035]","["""", """", """"]",TRUE,"[0.6499998365593893, 0.1500002833124737, 0.34249980384767165]","[0.6354011933944453, 0.1619231521743293, 0.3904559562004454]",green_rectangular_prism,0.015988783,,,accepted_with_lift_delta,,gazebo_model_states,FALSE,,,standard_replay,1.241541624,0.050340176,33.24744105,47.61077905,1,11,moveit_wrapper_v1,2026/8/28 22:06,0.047965175,"[0.6493589919915781, 0.1359735282531504]","[0.0009952672402006035, -0.0166369410270992]",0.649358992,0.135973528,0.000995267,-0.016636941,0.016666684
,1787980156,x065_R3_20260828_220822_green_cuboid,pick up the green cuboid with rotated top grasp,x065_y015_yaw30,3,full,green_cuboid,rectangular_prism,rectangular_prism,,FALSE,success,,,,cuboid_top_yaw_grasp,0.737218889,language_then_geometry,grasp,0.9921875,0.737218889,0.9921875,0.737218889,"[{""id"": ""cuboid_top_yaw_grasp"", ""task_type"": ""grasp"", ""language_score"": 0.9921875000000001, ""geometry_score"": 0.7372188891130648}]",,,LangSAM+depth_pointcloud,head_camera,0.648364677,0.152608466,-0.593719209,"[0.6483646772981497, 0.15260846612545256, -0.5937192094981141]",green_rectangular_prism,0.649999837,0.150000283,0.342499804,30.00001288,"[0.6499998367456424, 0.15000028319115286, """"]","[0.6499998367456424, 0.15000028319115286, 0.34249980384767165]",gazebo_world_xy_only,base,,,120.0000129,30.00001288,120.0000129,119.7549855,0.00307837,0.00307837,0.648364677,0.152608466,-0.565002539,"[0.6483646772981497, 0.15260846612545256, -0.5650025387955926]","[0.6463651305377766, 0.15359912608794613, -0.4380160419344237]",0.045204911,0.065101674,0.031347225,"[0.04520491075156163, 0.06510167408531922, 0.03134722503764742]",90.10098427,119.7549855,29.65400118,0.245027421,gazebo_long_axis_parallel_180,0.338196544,-0.570002539,-0.54,0.005,-0.565002539,0.646319637,0.152070691,0.648364677,0.152608466,0.002045041,0.000537775,0.083766903,0.030127617,0.006744951,0.016954053,0.008238288,7,608,608,live_trial_x065_R3_20260828_220822_green_cuboid,/home/wei/code/learning_thousand_tasks/demo_library/scene_packages/live_trial_x065_R3_20260828_220822_green_cuboid,/home/wei/code/learning_thousand_tasks/demo_library/scene_packages/live_trial_x065_R3_20260828_220822_green_cuboid,/home/wei/code/learning_thousand_tasks/demo_library/scene_packages/icp_x065_R3_20260828_220822_green_cuboid,grasp,,,,,"["""", """", """"]",,,,,TRUE,top_grasp_demo_replay,,TRUE,TRUE,,53.86551905,0.944303751,0.084310293,46.82535386,/home/wei/code/learning_thousand_tasks/demo_library/rollout_trajectories/rollout_x065_R3_20260828_220822_green_cuboid.json,,TRUE,TRUE,TRUE,,,,,,rectangular_prism,green_cuboid,"[0.03, 0.1, 0.035]","["""", """", """"]",TRUE,"[0.6499998367456424, 0.15000028319115286, 0.34249980384767165]","[0.6337229505352797, 0.15027779052735796, 0.3987942798046458]",green_rectangular_prism,0.014751385,,,accepted_with_lift_delta,,gazebo_model_states,FALSE,,,standard_replay,1.023077488,0.02690053,32.52290249,46.82535386,1,11,moveit_wrapper_v1,2026/8/28 22:09,0.056297938,"[0.6442858296917691, 0.14407429274734246]","[-0.0040788476063806645, -0.008534173378110105]",0.64428583,0.144074293,-0.004078848,-0.008534173,0.009458811
,1787981246,x065_R4_20260828_222629_green_cuboid,pick up the green cuboid with rotated top grasp,x065_y015_yaw30,4,full,green_cuboid,rectangular_prism,rectangular_prism,,FALSE,success,,,,cuboid_top_yaw_grasp,0.737218889,language_then_geometry,grasp,0.9921875,0.737218889,0.9921875,0.737218889,"[{""id"": ""cuboid_top_yaw_grasp"", ""task_type"": ""grasp"", ""language_score"": 0.9921875000000001, ""geometry_score"": 0.7372188891130648}]",,,LangSAM+depth_pointcloud,head_camera,0.648362934,0.1526118,-0.593738606,"[0.6483629338694297, 0.152611799680272, -0.5937386055514208]",green_rectangular_prism,0.649999837,0.150000283,0.342499804,30.00001289,"[0.6499998365705468, 0.15000028330520596, """"]","[0.6499998365705468, 0.15000028330520596, 0.34249980384767165]",gazebo_world_xy_only,base,,,120.0000129,30.00001289,120.0000129,119.7523065,0.003082121,0.003082121,0.648362934,0.1526118,-0.565002407,"[0.6483629338694297, 0.152611799680272, -0.5650024065380954]","[0.6463633871090565, 0.15360245964276556, -0.43801590967692655]",0.04520532,0.065101707,0.031362984,"[0.04520532003354194, 0.06510170692983866, 0.031362983680198964]",90.10166484,119.7523065,29.65064162,0.247706419,gazebo_long_axis_parallel_180,0.338196544,-0.570002407,-0.54,0.005,-0.565002407,0.646315429,0.152072498,0.648362934,0.1526118,0.002047504,0.000539302,0.083758562,0.030131982,0.006740664,0.016970333,0.008236305,7,608,608,live_trial_x065_R4_20260828_222629_green_cuboid,/home/wei/code/learning_thousand_tasks/demo_library/scene_packages/live_trial_x065_R4_20260828_222629_green_cuboid,/home/wei/code/learning_thousand_tasks/demo_library/scene_packages/live_trial_x065_R4_20260828_222629_green_cuboid,/home/wei/code/learning_thousand_tasks/demo_library/scene_packages/icp_x065_R4_20260828_222629_green_cuboid,grasp,,,,,"["""", """", """"]",,,,,TRUE,top_grasp_demo_replay,,TRUE,TRUE,,56.48120642,0.731280088,0.134943485,47.76910496,/home/wei/code/learning_thousand_tasks/demo_library/rollout_trajectories/rollout_x065_R4_20260828_222629_green_cuboid.json,,TRUE,TRUE,TRUE,,,,,,rectangular_prism,green_cuboid,"[0.03, 0.1, 0.035]","["""", """", """"]",TRUE,"[0.6499998365705468, 0.15000028330520596, 0.34249980384767165]","[0.6505454363617591, 0.15103116381533774, 0.4016768913331948]",green_rectangular_prism,0.002692226,,,accepted_with_lift_delta,,gazebo_model_states,FALSE,,,standard_replay,1.346598864,0.035558701,33.95672703,47.76910496,1,11,moveit_wrapper_v1,2026/8/28 22:27,0.059187367,"[0.6532402659489542, 0.14484910154819158]","[0.004877332079524566, -0.0077626981320804145]",0.653240266,0.144849102,0.004877332,-0.007762698,0.009167761
,1787982866,x06_R3_20260828_225324_green_cuboid,pick up the green cuboid with rotated top grasp,x06_y0_yaw75,3,full,green_cuboid,rectangular_prism,rectangular_prism,,FALSE,success,,,,cuboid_top_yaw_grasp,0.737218889,language_then_geometry,grasp,0.9921875,0.737218889,0.9921875,0.737218889,"[{""id"": ""cuboid_top_yaw_grasp"", ""task_type"": ""grasp"", ""language_score"": 0.9921875000000001, ""geometry_score"": 0.7372188891130648}]",,,LangSAM+depth_pointcloud,head_camera,0.598620188,0.003083548,-0.588760406,"[0.5986201884069083, 0.003083548077657708, -0.5887604058130048]",green_rectangular_prism,0.599999685,8.54E-08,0.342499804,75.00017538,"[0.5999996846277345, 8.535179978122196e-08, """"]","[0.5999996846277345, 8.535179978122196e-08, 0.34249980384768564]",gazebo_world_xy_only,base,,,165.0001754,75.00017538,165.0001754,165.0592364,0.00337798,0.00337798,0.598620188,0.003083548,-0.565002369,"[0.5986201884069083, 0.003083548077657708, -0.5650023691582512]","[0.5966206416465352, 0.0040742080401512705, -0.43801587229708233]",0.072086751,0.032663366,0.022355308,"[0.07208675074042492, 0.03266336607463971, 0.022355307609755015]",90.10142013,165.0592364,74.95781629,0.059061041,gazebo_long_axis_parallel_180,0.338196544,-0.570002369,-0.54,0.005,-0.565002369,0.599894987,-0.002571138,0.598620188,0.003083548,-0.001274798,0.005654686,0.082263364,0.035321579,0.00783293,0.019170781,0.009280998,26,473,473,live_trial_x06_R3_20260828_225324_green_cuboid,/home/wei/code/learning_thousand_tasks/demo_library/scene_packages/live_trial_x06_R3_20260828_225324_green_cuboid,/home/wei/code/learning_thousand_tasks/demo_library/scene_packages/live_trial_x06_R3_20260828_225324_green_cuboid,/home/wei/code/learning_thousand_tasks/demo_library/scene_packages/icp_x06_R3_20260828_225324_green_cuboid,grasp,,,,,"["""", """", """"]",,,,,TRUE,top_grasp_demo_replay,,TRUE,TRUE,,60.40981126,0.939134598,0.064931631,51.32216239,/home/wei/code/learning_thousand_tasks/demo_library/rollout_trajectories/rollout_x06_R3_20260828_225324_green_cuboid.json,,TRUE,TRUE,TRUE,,,,,,rectangular_prism,green_cuboid,"[0.03, 0.1, 0.035]","["""", """", """"]",TRUE,"[0.5999996846277345, 8.535179978122196e-08, 0.34249980384768564]","[0.6071353988236137, 0.007286544260920435, 0.40573998301088543]",green_rectangular_prism,0.009566999,,,accepted_with_lift_delta,,gazebo_model_states,FALSE,,,standard_replay,1.171584845,0.026026011,36.50809813,51.32216239,1,11,moveit_wrapper_v1,2026/8/28 22:54,0.063191288,"[0.5848856206639773, 0.005249736605569839]","[-0.013734567742931025, 0.0021661885279121306]",0.584885621,0.005249737,-0.013734568,0.002166189,0.013904342
,1787983923,x055_R4_20260828_231109_green_cuboid,pick up the green cuboid with rotated top grasp,x055_y-015_yaw75,4,full,green_cuboid,rectangular_prism,rectangular_prism,,FALSE,success,,,,cuboid_top_yaw_grasp,0.737218889,language_then_geometry,grasp,0.9921875,0.737218889,0.9921875,0.737218889,"[{""id"": ""cuboid_top_yaw_grasp"", ""task_type"": ""grasp"", ""language_score"": 0.9921875000000001, ""geometry_score"": 0.7372188891130648}]",,,LangSAM+depth_pointcloud,head_camera,0.545045002,-0.149088709,-0.597286112,"[0.5450450021108961, -0.14908870865408125, -0.5972861120451928]",green_rectangular_prism,0.549999685,-0.149999914,0.342499804,75.00017539,"[0.5499996845879963, -0.14999991448684538, """"]","[0.5499996845879963, -0.14999991448684538, 0.34249980384768564]",gazebo_world_xy_only,base,,,165.0001754,75.00017539,165.0001754,164.6334416,0.005037775,0.005037775,0.545045002,-0.149088709,-0.565002308,"[0.5450450021108961, -0.14908870865408125, -0.565002307799201]","[0.543045455350523, -0.14809804869158769, -0.43801581093803216]",0.07627408,0.032284845,0.034999841,"[0.07627407953369969, 0.03228484544515475, 0.03499984097422437]",90.10126246,164.6334416,74.53217909,0.366733829,gazebo_long_axis_parallel_180,0.338196544,-0.570002308,-0.54,0.005,-0.565002308,0.539984738,-0.148401386,0.545045002,-0.149088709,0.005060264,-0.000687323,0.080124883,0.032168913,0.00896944,0.01824801,0.009949609,19,567,567,live_trial_x055_R4_20260828_231109_green_cuboid,/home/wei/code/learning_thousand_tasks/demo_library/scene_packages/live_trial_x055_R4_20260828_231109_green_cuboid,/home/wei/code/learning_thousand_tasks/demo_library/scene_packages/live_trial_x055_R4_20260828_231109_green_cuboid,/home/wei/code/learning_thousand_tasks/demo_library/scene_packages/icp_x055_R4_20260828_231109_green_cuboid,grasp,,,,,"["""", """", """"]",,,,,TRUE,top_grasp_demo_replay,,TRUE,TRUE,,53.27051449,0.619040012,0.039875269,45.73996639,/home/wei/code/learning_thousand_tasks/demo_library/rollout_trajectories/rollout_x055_R4_20260828_231109_green_cuboid.json,,TRUE,TRUE,TRUE,,,,,,rectangular_prism,green_cuboid,"[0.03, 0.1, 0.035]","["""", """", """"]",TRUE,"[0.5499996845879963, -0.14999991448684538, 0.34249980384768564]","[0.5658974066916322, -0.13473083770273908, 0.3929108970730223]",green_rectangular_prism,0.025278573,,,accepted_with_lift_delta,,gazebo_model_states,FALSE,,,standard_replay,1.574763536,0.02755332,31.43381214,45.73996639,1,11,moveit_wrapper_v1,2026/8/28 23:12,0.050424465,"[0.5308715229631547, -0.13112160517329746]","[-0.014173479147741475, 0.017967103480783786]",0.530871523,-0.131121605,-0.014173479,0.017967103,0.022884587
