timestamp,trial_id,task_type,query,condition_id,repeat_id,method_variant,relation_alignment_mode,trajectory_transfer_mode,outcome,success,task_success,postcheck_success,failure_stage,failure_reason,failure_category,place_failure_detail,retrieval_mode,retrieved_demo_id,language_score,geometry_score,target_shape,target_size_xyz,target_gt_model,target_gt_xyz,target_gt_world_xyz,initial_object_xyz,target_gt_frame,target_est_frame,target_error_z_m,target_error_xyz_m,target_est_xyz,target_error_xy_m,target_x,target_y,target_z,anchor_gt_model,anchor_gt_xyz,initial_anchor_xyz,anchor_est_xyz,anchor_error_xy_m,anchor_x,anchor_y,anchor_z,anchor_gt_world_xyz,anchor_gt_frame,anchor_est_frame,anchor_error_z_m,anchor_error_xyz_m,target_yaw_gt_deg,target_yaw_est_deg,yaw_error_deg,socket_gt_xyz,socket_est_xyz,socket_error_xy_m,socket_opening,grasp_x,grasp_y,grasp_z,grasp_xyz,bottleneck_xyz,place_x,place_y,place_z,place_or_insert_xyz,place_offset_xyz,final_object_model_name,final_anchor_model_name,final_object_xyz,final_anchor_xyz,final_target_error_xy_m,final_relation_error_xy_m,place_center_error_xy_m,insert_depth_m,postcheck_reason,replay_used,replay_type,release_index,mask_pixels,anchor_mask_pixels,pointcloud_points,anchor_pointcloud_points,icp_mean_error_m,icp_median_error_m,icp_p90_error_m,planning_success,execution_success,execution_variant,used_recovery_logic,before_close_mouth_center_xy,before_close_mouth_error_xy_m,before_close_mouth_x,before_close_mouth_y,before_close_mouth_error_x_m,before_close_mouth_error_y_m,manual_success_label,total_time_s,perception_time_s,retrieval_time_s,alignment_time_s,planning_time_s,robot_execution_time_s,execution_wall_time_s,planning_call_count,robot_execution_call_count,timing_source,execution_time_s,rollout_path,replay_path,scene_package_path,demo_yaw_deg,live_yaw_deg,delta_yaw_deg,obb_center_dx_m,obb_center_dy_m,obb_extent_long_m,obb_extent_short_m,demo_top_z,live_top_z,demo_clearance_above_top,mapped_grasp_z,icp_iterations,target_position,target_position_xy,platform_size,platform_size_m,platform_size_cm,platform_size_xyz,center_error_xy_mm,initial_object_yaw_deg,target_place_yaw_deg,final_object_yaw_deg,place_yaw_error_deg,place_yaw_error_raw_deg,place_yaw_symmetry_deg,stable_success,precise_success
2026/8/10 6:31,anchor_place_20260810_063052,anchor_pick_place,pick the green cube and place it on the blue platform,x065_y0_6cm,1,full,target_anchor,stage_replay,success,TRUE,TRUE,TRUE,,,,,explicit_demo_id,cube_place_on_blue_platform_10cm,,,cube,"[0.04379937574267387, 0.05353665351867676, 0.0416567325592041]",grasp_object,"[0.6499999999999082, 0.2000000000003518, """"]","[0.6499999999999082, 0.2000000000003518, 0.4724999999995868]","[0.6499999999999082, 0.2000000000003518, 0.4724999999995868]",gazebo_world_xy_only,base,,,"[0.6489829449664551, 0.19940037473544506, -0.4576149456594507]",0.001180657,0.648982945,0.199400375,-0.457614946,blue_placement_platform,"[0.65, 0.0, """"]","[0.65, 0.0, 0.45]","[0.652145722626839, 0.002682503357461674, -0.47]",0.003435106,0.652145723,0.002682503,-0.47,"[0.65, 0.0, 0.45]",gazebo_world_xy_only,base,,,,,,,,,,0.648982945,0.199400375,-0.406910443,"[0.6489829449664551, 0.19940037473544506, -0.4069104426000634]","[0.6489966446293206, -0.0014544035142831215, -0.2168605029965824]",0.652145723,0.002682503,-0.47,"[0.652145722626839, 0.002682503357461674, -0.47]","[0.0, 0.0, 0.0]",grasp_object,blue_placement_platform,"[0.655101740552151, 0.0001878397406641375, 0.4924980785687461]","[0.65, 0.0, 0.45]",0.003867995,0.005105197,0.005105197,,,TRUE,place_trajectory,75,510,616,510,616,7.98E-07,2.91E-07,5.41E-07,,TRUE,,FALSE,"[0.6509256039334945, 0.19983137612539015]",0.001989896,0.650925604,0.199831376,0.001942659,0.000431001,,48.91302061,0.650971174,0.001157999,1.663858652,0.120343685,31.29971695,46.33729458,4,11,moveit_wrapper_v1,46.33729458,/home/wei/code/learning_thousand_tasks/demo_library/rollout_trajectories/rollout_anchor_place_20260810_063052.json,/home/wei/code/learning_thousand_tasks/demo_library/rollout_trajectories/anchor_replay_input_anchor_place_20260810_063052.json,/home/wei/code/learning_thousand_tasks/demo_library/scene_packages/live_anchor_place_trial_anchor_place_20260810_063052_relation.json,,,,,,,,-0.417047771,-0.415958213,0.009047771,-0.406910443,3,"[0.6499999999999082, 0.2000000000003518, 0.4724999999995868]","[0.6499999999999082, 0.2000000000003518, """"]",0.06,0.06,6,"[0.06, 0.06, 0.02]",5.105197394,-5.66E-12,-5.66E-12,-1.092552532,1.092552532,1.092552532,90,TRUE,FALSE
2026/8/10 6:35,anchor_place_20260810_063457,anchor_pick_place,pick the green cube and place it on the blue platform,x065_y0_6cm,2,full,target_anchor,stage_replay,success,TRUE,TRUE,TRUE,unclean,,,,explicit_demo_id,cube_place_on_blue_platform_10cm,,,cube,"[0.04379433616995812, 0.0535351037979126, 0.04165685176849365]",grasp_object,"[0.6499999999999082, 0.2000000000003518, """"]","[0.6499999999999082, 0.2000000000003518, 0.4724999999995868]","[0.6499999999999082, 0.2000000000003518, 0.4724999999995868]",gazebo_world_xy_only,base,,,"[0.6489922523223425, 0.19939778704497274, -0.45761256307937404]",0.001173974,0.648992252,0.199397787,-0.457612563,blue_placement_platform,"[0.65, 0.0, """"]","[0.65, 0.0, 0.45]","[0.6521454126040706, 0.002698150411135719, -0.47]",0.003447145,0.652145413,0.00269815,-0.47,"[0.65, 0.0, 0.45]",gazebo_world_xy_only,base,,,,,,,,,,0.648992252,0.199397787,-0.406907941,"[0.6489922523223425, 0.19939778704497274, -0.4069079408106972]","[0.6489966446293206, -0.0014544035142831215, -0.2168605029965824]",0.652145413,0.00269815,-0.47,"[0.6521454126040706, 0.002698150411135719, -0.47]","[0.0, 0.0, 0.0]",grasp_object,blue_placement_platform,"[0.6606680562665309, 0.0008083828405782499, 0.49250000024191104]","[0.65, 0.0, 0.45]",0.008729644,0.01069864,0.01069864,,,TRUE,place_trajectory,75,510,616,510,616,4.30E-06,1.19E-06,2.10E-06,,TRUE,,FALSE,"[0.649919947936225, 0.19933180827860966]",0.000930039,0.649919948,0.199331808,0.000927696,-6.60E-05,,49.65440607,0.799156904,0.00399971,1.625645399,0.155963659,31.31904936,46.83505583,4,11,moveit_wrapper_v1,46.83505583,/home/wei/code/learning_thousand_tasks/demo_library/rollout_trajectories/rollout_anchor_place_20260810_063457.json,/home/wei/code/learning_thousand_tasks/demo_library/rollout_trajectories/anchor_replay_input_anchor_place_20260810_063457.json,/home/wei/code/learning_thousand_tasks/demo_library/scene_packages/live_anchor_place_trial_anchor_place_20260810_063457_relation.json,,,,,,,,-0.417047771,-0.415955711,0.009047771,-0.406907941,3,"[0.6499999999999082, 0.2000000000003518, 0.4724999999995868]","[0.6499999999999082, 0.2000000000003518, """"]",0.06,0.06,6,"[0.06, 0.06, 0.02]",10.69864044,-6.05E-12,-6.05E-12,0.16572163,0.16572163,0.16572163,90,TRUE,FALSE
2026/8/10 6:39,anchor_place_20260810_063819,anchor_pick_place,pick the green cube and place it on the blue platform,x065_y0_6cm,3,full,target_anchor,stage_replay,success,TRUE,TRUE,TRUE,unclean,,,,explicit_demo_id,cube_place_on_blue_platform_10cm,,,cube,"[0.04379613250494002, 0.05353587865829468, 0.04165685176849365]",grasp_object,"[0.6499999999999082, 0.2000000000003518, """"]","[0.6499999999999082, 0.2000000000003518, 0.4724999999995868]","[0.6499999999999082, 0.2000000000003518, 0.4724999999995868]",gazebo_world_xy_only,base,,,"[0.6489887934096594, 0.19939897212166124, -0.45761375138377713]",0.001176339,0.648988793,0.199398972,-0.457613751,blue_placement_platform,"[0.65, 0.0, """"]","[0.65, 0.0, 0.45]","[0.6521454045289762, 0.002700101463468718, -0.47]",0.003448668,0.652145405,0.002700101,-0.47,"[0.65, 0.0, 0.45]",gazebo_world_xy_only,base,,,,,,,,,,0.648988793,0.199398972,-0.406909129,"[0.6489887934096594, 0.19939897212166124, -0.4069091291151003]","[0.6489966446293206, -0.0014544035142831215, -0.2168605029965824]",0.652145405,0.002700101,-0.47,"[0.6521454045289762, 0.002700101463468718, -0.47]","[0.0, 0.0, 0.0]",grasp_object,blue_placement_platform,"[0.654919715898456, 0.0020165542287137405, 0.49250000013966927]","[0.65, 0.0, 0.45]",0.002857278,0.005316963,0.005316963,,,TRUE,place_trajectory,75,510,616,510,616,3.04E-06,8.10E-07,1.48E-06,,TRUE,,FALSE,"[0.650793604091757, 0.20006197271652063]",0.001922735,0.650793604,0.200061973,0.001804811,0.000663001,,46.72401881,0.528959513,0.003280163,1.40731287,0.122513771,29.91739535,44.63912106,4,11,moveit_wrapper_v1,44.63912106,/home/wei/code/learning_thousand_tasks/demo_library/rollout_trajectories/rollout_anchor_place_20260810_063819.json,/home/wei/code/learning_thousand_tasks/demo_library/rollout_trajectories/anchor_replay_input_anchor_place_20260810_063819.json,/home/wei/code/learning_thousand_tasks/demo_library/scene_packages/live_anchor_place_trial_anchor_place_20260810_063819_relation.json,,,,,,,,-0.417047771,-0.4159569,0.009047771,-0.406909129,3,"[0.6499999999999082, 0.2000000000003518, 0.4724999999995868]","[0.6499999999999082, 0.2000000000003518, """"]",0.06,0.06,6,"[0.06, 0.06, 0.02]",5.316962994,-5.67E-12,-5.67E-12,-9.85716674,9.85716674,9.85716674,90,TRUE,FALSE
2026/8/10 6:41,anchor_place_20260810_064100,anchor_pick_place,pick the green cube and place it on the blue platform,x065_y0_6cm,4,full,target_anchor,stage_replay,success,TRUE,TRUE,TRUE,unclean,,,,explicit_demo_id,cube_place_on_blue_platform_10cm,,,cube,"[0.043800717592239385, 0.05353716313838963, 0.0416567325592041]",grasp_object,"[0.6499999999999082, 0.2000000000003518, """"]","[0.6499999999999082, 0.2000000000003518, 0.4724999999995868]","[0.6499999999999082, 0.2000000000003518, 0.4724999999995868]",gazebo_world_xy_only,base,,,"[0.6489800517554221, 0.1994010587728428, -0.4576157795220598]",0.001182804,0.648980052,0.199401059,-0.45761578,blue_placement_platform,"[0.65, 0.0, """"]","[0.65, 0.0, 0.45]","[0.6521457173824222, 0.002683778029437006, -0.47]",0.003436098,0.652145717,0.002683778,-0.47,"[0.65, 0.0, 0.45]",gazebo_world_xy_only,base,,,,,,,,,,0.648980052,0.199401059,-0.406911276,"[0.6489800517554221, 0.1994010587728428, -0.4069112764626725]","[0.6489966446293206, -0.0014544035142831215, -0.2168605029965824]",0.652145717,0.002683778,-0.47,"[0.6521457173824222, 0.002683778029437006, -0.47]","[0.0, 0.0, 0.0]",grasp_object,blue_placement_platform,"[0.6603015598229667, 0.0027021361011732325, 0.4924952857429484]","[0.65, 0.0, 0.45]",0.008155863,0.010650055,0.010650055,,,TRUE,place_trajectory,75,510,616,510,616,2.48E-07,5.04E-08,2.34E-07,,TRUE,,FALSE,"[0.6500053164037136, 0.20009772029795736]",0.001239558,0.650005316,0.20009772,0.001025265,0.000696662,,47.68005252,0.863707066,0.006938219,1.485650778,0.132869005,30.6812098,44.96136355,4,11,moveit_wrapper_v1,44.96136355,/home/wei/code/learning_thousand_tasks/demo_library/rollout_trajectories/rollout_anchor_place_20260810_064100.json,/home/wei/code/learning_thousand_tasks/demo_library/rollout_trajectories/anchor_replay_input_anchor_place_20260810_064100.json,/home/wei/code/learning_thousand_tasks/demo_library/scene_packages/live_anchor_place_trial_anchor_place_20260810_064100_relation.json,,,,,,,,-0.417047771,-0.415959047,0.009047771,-0.406911276,3,"[0.6499999999999082, 0.2000000000003518, 0.4724999999995868]","[0.6499999999999082, 0.2000000000003518, """"]",0.06,0.06,6,"[0.06, 0.06, 0.02]",10.65005513,-5.10E-12,-5.10E-12,0.160872975,0.160872975,0.160872975,90,TRUE,FALSE
2026/8/10 21:12,anchor_place_20260810_211151,anchor_pick_place,pick the green cube and place it on the blue platform,x065_y0_7cm,1,full,target_anchor,stage_replay,success,TRUE,TRUE,TRUE,,,,,explicit_demo_id,cube_place_on_blue_platform_10cm,,,cube,"[0.043803045898675924, 0.05353754758834839, 0.04165685176849365]",grasp_object,"[0.6499999999999082, 0.2000000000003518, """"]","[0.6499999999999082, 0.2000000000003518, 0.4724999999995868]","[0.6499999999999082, 0.2000000000003518, 0.4724999999995868]",gazebo_world_xy_only,base,,,"[0.6489756788993308, 0.1994023340714942, -0.45761674460354]",0.001185934,0.648975679,0.199402334,-0.457616745,blue_placement_platform,"[0.65, 0.0, """"]","[0.65, 0.0, 0.45]","[0.6526969409122104, 0.0024919593215409486, -0.47]",0.003671968,0.652696941,0.002491959,-0.47,"[0.65, 0.0, 0.45]",gazebo_world_xy_only,base,,,,,,,,,,0.648975679,0.199402334,-0.406912122,"[0.6489756788993308, 0.1994023340714942, -0.4069121223348632]","[0.6489966446293206, -0.0014544035142831215, -0.2168605029965824]",0.652696941,0.002491959,-0.47,"[0.6526969409122104, 0.0024919593215409486, -0.47]","[0.0, 0.0, 0.0]",grasp_object,blue_placement_platform,"[0.6611582264211544, 0.005950219831960835, 0.49249153905648557]","[0.65, 0.0, 0.45]",0.009140729,0.012645597,0.012645597,,,TRUE,place_trajectory,75,510,798,510,798,1.79E-06,3.56E-07,7.42E-07,,TRUE,,FALSE,"[0.6513726492192187, 0.19972744339369974]",0.002418918,0.651372649,0.199727443,0.00239697,0.000325109,,63.2265408,4.873913765,0.009067774,4.494054556,0.256919384,33.55671072,52.99238372,4,11,moveit_wrapper_v1,52.99238372,/home/wei/code/learning_thousand_tasks/demo_library/rollout_trajectories/rollout_anchor_place_20260810_211151.json,/home/wei/code/learning_thousand_tasks/demo_library/rollout_trajectories/anchor_replay_input_anchor_place_20260810_211151.json,/home/wei/code/learning_thousand_tasks/demo_library/scene_packages/live_anchor_place_trial_anchor_place_20260810_211151_relation.json,,,,,,,,-0.417047771,-0.415959893,0.009047771,-0.406912122,3,"[0.6499999999999082, 0.2000000000003518, 0.4724999999995868]","[0.6499999999999082, 0.2000000000003518, """"]",0.07,0.07,7,"[0.07, 0.07, 0.02]",12.64559737,-5.54E-12,-5.54E-12,0.586697725,0.586697725,0.586697725,90,TRUE,FALSE
2026/8/10 21:22,anchor_place_20260810_212106,anchor_pick_place,pick the green cube and place it on the blue platform,x065_y0_7cm,2,full,target_anchor,stage_replay,success,TRUE,TRUE,TRUE,,,,,explicit_demo_id,cube_place_on_blue_platform_10cm,,,cube,"[0.04380433261394501, 0.05353814363479614, 0.0416567325592041]",grasp_object,"[0.6499999999999082, 0.2000000000003518, """"]","[0.6499999999999082, 0.2000000000003518, 0.4724999999995868]","[0.6499999999999082, 0.2000000000003518, 0.4724999999995868]",gazebo_world_xy_only,base,,,"[0.6489733324032282, 0.19940284434935462, -0.4576174970528757]",0.001187704,0.648973332,0.199402844,-0.457617497,blue_placement_platform,"[0.65, 0.0, """"]","[0.65, 0.0, 0.45]","[0.6526969366635558, 0.002493071885751652, -0.47]",0.00367272,0.652696937,0.002493072,-0.47,"[0.65, 0.0, 0.45]",gazebo_world_xy_only,base,,,,,,,,,,0.648973332,0.199402844,-0.406912994,"[0.6489733324032282, 0.19940284434935462, -0.4069129939934884]","[0.6489966446293206, -0.0014544035142831215, -0.2168605029965824]",0.652696937,0.002493072,-0.47,"[0.6526969366635558, 0.002493071885751652, -0.47]","[0.0, 0.0, 0.0]",grasp_object,blue_placement_platform,"[0.6447676943596476, 0.002759179223103025, 0.4924911201997826]","[0.65, 0.0, 0.45]",0.007933706,0.005915242,0.005915242,,,TRUE,place_trajectory,75,510,798,510,798,2.85E-06,6.95E-07,1.45E-06,,TRUE,,FALSE,"[0.6514764864999185, 0.19971955407173747]",0.00252311,0.651476486,0.199719554,0.002503154,0.00031671,,54.75385928,0.85185957,0.007895231,3.155020714,0.203203917,33.03561783,50.34658813,4,11,moveit_wrapper_v1,50.34658813,/home/wei/code/learning_thousand_tasks/demo_library/rollout_trajectories/rollout_anchor_place_20260810_212106.json,/home/wei/code/learning_thousand_tasks/demo_library/rollout_trajectories/anchor_replay_input_anchor_place_20260810_212106.json,/home/wei/code/learning_thousand_tasks/demo_library/scene_packages/live_anchor_place_trial_anchor_place_20260810_212106_relation.json,,,,,,,,-0.417047771,-0.415960764,0.009047771,-0.406912994,3,"[0.6499999999999082, 0.2000000000003518, 0.4724999999995868]","[0.6499999999999082, 0.2000000000003518, """"]",0.07,0.07,7,"[0.07, 0.07, 0.02]",5.91524237,-5.18E-12,-5.18E-12,-10.64217879,10.64217879,10.64217879,90,TRUE,TRUE
2026/8/10 21:27,anchor_place_20260810_212631,anchor_pick_place,pick the green cube and place it on the blue platform,x065_y0_7cm,3,full,target_anchor,stage_replay,success,TRUE,TRUE,TRUE,,,,,explicit_demo_id,cube_place_on_blue_platform_10cm,,,cube,"[0.043804121017456066, 0.05353802442550659, 0.0416569709777832]",grasp_object,"[0.6499999999999082, 0.2000000000003518, """"]","[0.6499999999999082, 0.2000000000003518, 0.4724999999995868]","[0.6499999999999082, 0.2000000000003518, 0.4724999999995868]",gazebo_world_xy_only,base,,,"[0.6489739161221474, 0.1994028230401654, -0.4576173087204181]",0.00118721,0.648973916,0.199402823,-0.457617309,blue_placement_platform,"[0.65, 0.0, """"]","[0.65, 0.0, 0.45]","[0.6526969371817716, 0.002492936210936214, -0.47]",0.003672629,0.652696937,0.002492936,-0.47,"[0.65, 0.0, 0.45]",gazebo_world_xy_only,base,,,,,,,,,,0.648973916,0.199402823,-0.406912567,"[0.6489739161221474, 0.1994028230401654, -0.40691256724245173]","[0.6489966446293206, -0.0014544035142831215, -0.2168605029965824]",0.652696937,0.002492936,-0.47,"[0.6526969371817716, 0.002492936210936214, -0.47]","[0.0, 0.0, 0.0]",grasp_object,blue_placement_platform,"[0.6537653853653779, 0.0015507373907855339, 0.4924980723496359]","[0.65, 0.0, 0.45]",0.001424542,0.004072212,0.004072212,,,TRUE,place_trajectory,75,510,798,510,798,2.60E-06,5.81E-07,1.21E-06,,TRUE,,FALSE,"[0.6507406105686515, 0.19982839433692948]",0.001817229,0.650740611,0.199828394,0.001766694,0.000425571,,55.86717343,1.382180214,0.004168034,2.987870455,0.195701361,33.39182186,50.61608148,4,11,moveit_wrapper_v1,50.61608148,/home/wei/code/learning_thousand_tasks/demo_library/rollout_trajectories/rollout_anchor_place_20260810_212631.json,/home/wei/code/learning_thousand_tasks/demo_library/rollout_trajectories/anchor_replay_input_anchor_place_20260810_212631.json,/home/wei/code/learning_thousand_tasks/demo_library/scene_packages/live_anchor_place_trial_anchor_place_20260810_212631_relation.json,,,,,,,,-0.417047771,-0.415960338,0.009047771,-0.406912567,3,"[0.6499999999999082, 0.2000000000003518, 0.4724999999995868]","[0.6499999999999082, 0.2000000000003518, """"]",0.07,0.07,7,"[0.07, 0.07, 0.02]",4.072212348,-5.16E-12,-5.16E-12,-13.05016145,13.05016145,13.05016145,90,TRUE,TRUE
2026/8/10 22:07,anchor_place_20260810_220701,anchor_pick_place,pick the green cube and place it on the blue platform,x065_y0_7cm,4,full,target_anchor,stage_replay,success,TRUE,TRUE,TRUE,,,,,explicit_demo_id,cube_place_on_blue_platform_10cm,,,cube,"[0.04379849657416343, 0.05353659391403198, 0.0416569709777832]",grasp_object,"[0.6499999999999082, 0.2000000000003518, """"]","[0.6499999999999082, 0.2000000000003518, 0.4724999999995868]","[0.6499999999999082, 0.2000000000003518, 0.4724999999995868]",gazebo_world_xy_only,base,,,"[0.6489846673802092, 0.19940020635577593, -0.457614758931833]",0.001179259,0.648984667,0.199400206,-0.457614759,blue_placement_platform,"[0.65, 0.0, """"]","[0.65, 0.0, 0.45]","[0.6526969569224805, 0.0024877623583320907, -0.47]",0.003669133,0.652696957,0.002487762,-0.47,"[0.65, 0.0, 0.45]",gazebo_world_xy_only,base,,,,,,,,,,0.648984667,0.199400206,-0.406910017,"[0.6489846673802092, 0.19940020635577593, -0.4069100174538666]","[0.6489966446293206, -0.0014544035142831215, -0.2168605029965824]",0.652696957,0.002487762,-0.47,"[0.6526969569224805, 0.0024877623583320907, -0.47]","[0.0, 0.0, 0.0]",grasp_object,blue_placement_platform,"[0.6581599531916582, 0.00522953831679485, 0.49249755590734545]","[0.65, 0.0, 0.45]",0.006112419,0.009691899,0.009691899,,,TRUE,place_trajectory,75,510,798,510,798,1.39E-06,3.61E-07,8.58E-07,,TRUE,,FALSE,"[0.6507304484818486, 0.19947825607014794]",0.001747525,0.650730448,0.199478256,0.001745781,7.80E-05,,48.16056466,0.755632162,0.002013206,2.596646786,0.139025927,29.65161562,44.37505102,4,11,moveit_wrapper_v1,44.37505102,/home/wei/code/learning_thousand_tasks/demo_library/rollout_trajectories/rollout_anchor_place_20260810_220701.json,/home/wei/code/learning_thousand_tasks/demo_library/rollout_trajectories/anchor_replay_input_anchor_place_20260810_220701.json,/home/wei/code/learning_thousand_tasks/demo_library/scene_packages/live_anchor_place_trial_anchor_place_20260810_220701_relation.json,,,,,,,,-0.417047771,-0.415957788,0.009047771,-0.406910017,3,"[0.6499999999999082, 0.2000000000003518, 0.4724999999995868]","[0.6499999999999082, 0.2000000000003518, """"]",0.07,0.07,7,"[0.07, 0.07, 0.02]",9.691899045,-5.29E-12,-5.29E-12,0.16606469,0.16606469,0.16606469,90,TRUE,FALSE
2026/8/11 5:13,anchor_place_20260811_051210,anchor_pick_place,pick the green cube and place it on the blue platform,x075_y-025_7cm,1,full,target_anchor,stage_replay,success,TRUE,TRUE,TRUE,,,,,explicit_demo_id,cube_place_on_blue_platform_10cm,,,cube,"[0.04344588741660119, 0.053443259000778176, 0.039309024810791016]",grasp_object,"[0.6499999999999082, 0.2000000000003518, """"]","[0.6499999999999082, 0.2000000000003518, 0.4724999999995868]","[0.6499999999999082, 0.2000000000003518, 0.4724999999995868]",gazebo_world_xy_only,base,,,"[0.6489336351245665, 0.19922441989098444, -0.45710122626847083]",0.001318582,0.648933635,0.19922442,-0.457101226,blue_placement_platform,"[0.75, -0.25, """"]","[0.75, -0.25, 0.45]","[0.7531626976772369, -0.2479465217733049, -0.47]",0.003770866,0.753162698,-0.247946522,-0.47,"[0.75, -0.25, 0.45]",gazebo_world_xy_only,base,,,,,,,,,,0.648933635,0.19922442,-0.408744431,"[0.6489336351245665, 0.19922441989098444, -0.40874443095749663]","[0.6489966446293206, -0.0014544035142831215, -0.2168605029965824]",0.753162698,-0.247946522,-0.47,"[0.7531626976772369, -0.2479465217733049, -0.47]","[0.0, 0.0, 0.0]",grasp_object,blue_placement_platform,"[0.7518228445552482, -0.24756679392850978, 0.4924929575027154]","[0.75, -0.25, 0.45]",0.001392623,0.003040272,0.003040272,,,TRUE,place_trajectory,75,510,697,510,697,0.000273963,6.47E-05,0.000120491,,TRUE,,FALSE,"[0.6514911246336192, 0.19756913836014106]",0.003046426,0.651491125,0.197569138,0.00255749,-0.001655282,,50.5006094,0.778871298,0.003092766,1.464766502,0.182011366,33.40356207,47.8797574,4,10,moveit_wrapper_v1,47.8797574,/home/wei/code/learning_thousand_tasks/demo_library/rollout_trajectories/rollout_anchor_place_20260811_051210.json,/home/wei/code/learning_thousand_tasks/demo_library/rollout_trajectories/anchor_replay_input_anchor_place_20260811_051210.json,/home/wei/code/learning_thousand_tasks/demo_library/scene_packages/live_anchor_place_trial_anchor_place_20260811_051210_relation.json,,,,,,,,-0.417047771,-0.417792201,0.009047771,-0.408744431,3,"[0.6499999999999082, 0.2000000000003518, 0.4724999999995868]","[0.6499999999999082, 0.2000000000003518, """"]",0.07,0.07,7,"[0.07, 0.07, 0.02]",3.040272037,-5.84E-12,-5.84E-12,-7.356808778,7.356808778,7.356808778,90,TRUE,TRUE
2026/8/11 5:25,anchor_place_20260811_052417,anchor_pick_place,pick the green cube and place it on the blue platform,x075_y-025_7cm,2,full,target_anchor,stage_replay,success,TRUE,TRUE,TRUE,unclean,,,,explicit_demo_id,cube_place_on_blue_platform_10cm,,,cube,"[0.04379433616995812, 0.0535351037979126, 0.04165685176849365]",grasp_object,"[0.6499999999999082, 0.2000000000003518, """"]","[0.6499999999999082, 0.2000000000003518, 0.4724999999995868]","[0.6499999999999082, 0.2000000000003518, 0.4724999999995868]",gazebo_world_xy_only,base,,,"[0.6489922520598741, 0.1993977879357523, -0.45761256307937387]",0.001173974,0.648992252,0.199397788,-0.457612563,blue_placement_platform,"[0.75, -0.25, """"]","[0.75, -0.25, 0.45]","[0.7532874475296198, -0.2475672600047125, -0.47]",0.004089686,0.753287448,-0.24756726,-0.47,"[0.75, -0.25, 0.45]",gazebo_world_xy_only,base,,,,,,,,,,0.648992252,0.199397788,-0.406907941,"[0.6489922520598741, 0.1993977879357523, -0.40690794081069703]","[0.6489966446293206, -0.0014544035142831215, -0.2168605029965824]",0.753287448,-0.24756726,-0.47,"[0.7532874475296198, -0.2475672600047125, -0.47]","[0.0, 0.0, 0.0]",grasp_object,blue_placement_platform,"[0.7616789560954342, -0.2508995938319118, 0.49249516284083056]","[0.75, -0.25, 0.45]",0.009028946,0.011713551,0.011713551,,,TRUE,place_trajectory,75,510,697,510,697,4.30E-06,1.19E-06,2.10E-06,,TRUE,,FALSE,"[0.6498324307751451, 0.19981105304132438]",0.000936316,0.649832431,0.199811053,0.000840179,0.000413265,,52.03934932,0.728723526,0.002516747,0.82235527,0.168355703,35.13387179,50.08992982,4,11,moveit_wrapper_v1,50.08992982,/home/wei/code/learning_thousand_tasks/demo_library/rollout_trajectories/rollout_anchor_place_20260811_052417.json,/home/wei/code/learning_thousand_tasks/demo_library/rollout_trajectories/anchor_replay_input_anchor_place_20260811_052417.json,/home/wei/code/learning_thousand_tasks/demo_library/scene_packages/live_anchor_place_trial_anchor_place_20260811_052417_relation.json,,,,,,,,-0.417047771,-0.415955711,0.009047771,-0.406907941,3,"[0.6499999999999082, 0.2000000000003518, 0.4724999999995868]","[0.6499999999999082, 0.2000000000003518, """"]",0.07,0.07,7,"[0.07, 0.07, 0.02]",11.71355132,-5.80E-12,-5.80E-12,5.048648682,5.048648682,5.048648682,90,TRUE,FALSE
2026/8/11 5:28,anchor_place_20260811_052726,anchor_pick_place,pick the green cube and place it on the blue platform,x075_y-025_7cm,3,full,target_anchor,stage_replay,success,TRUE,TRUE,TRUE,unclean,,,,explicit_demo_id,cube_place_on_blue_platform_10cm,,,cube,"[0.0437971532344818, 0.05353623628616333, 0.0416567325592041]",grasp_object,"[0.6499999999999082, 0.2000000000003518, """"]","[0.6499999999999082, 0.2000000000003518, 0.4724999999995868]","[0.6499999999999082, 0.2000000000003518, 0.4724999999995868]",gazebo_world_xy_only,base,,,"[0.648987417060652, 0.19939941589852572, -0.45761431975374345]",0.001177296,0.648987417,0.199399416,-0.45761432,blue_placement_platform,"[0.75, -0.25, """"]","[0.75, -0.25, 0.45]","[0.753295127238369, -0.2475500489579167, -0.47]",0.004106108,0.753295127,-0.247550049,-0.47,"[0.75, -0.25, 0.45]",gazebo_world_xy_only,base,,,,,,,,,,0.648987417,0.199399416,-0.406909817,"[0.648987417060652, 0.19939941589852572, -0.40690981669435616]","[0.6489966446293206, -0.0014544035142831215, -0.2168605029965824]",0.753295127,-0.247550049,-0.47,"[0.753295127238369, -0.2475500489579167, -0.47]","[0.0, 0.0, 0.0]",grasp_object,blue_placement_platform,"[0.7750106979812386, -0.24637775803394277, 0.49249080510259774]","[0.75, -0.25, 0.45]",0.02174719,0.025271637,0.025271637,,,TRUE,place_trajectory,75,510,697,510,697,2.28E-06,5.88E-07,1.09E-06,,TRUE,,FALSE,"[0.6510933930595251, 0.1999588969621895]",0.002179026,0.651093393,0.199958897,0.002105976,0.000559481,,51.23578882,0.743932724,0.003521681,1.630281687,0.129012108,33.94057035,48.54806542,4,11,moveit_wrapper_v1,48.54806542,/home/wei/code/learning_thousand_tasks/demo_library/rollout_trajectories/rollout_anchor_place_20260811_052726.json,/home/wei/code/learning_thousand_tasks/demo_library/rollout_trajectories/anchor_replay_input_anchor_place_20260811_052726.json,/home/wei/code/learning_thousand_tasks/demo_library/scene_packages/live_anchor_place_trial_anchor_place_20260811_052726_relation.json,,,,,,,,-0.417047771,-0.415957587,0.009047771,-0.406909817,3,"[0.6499999999999082, 0.2000000000003518, 0.4724999999995868]","[0.6499999999999082, 0.2000000000003518, """"]",0.07,0.07,7,"[0.07, 0.07, 0.02]",25.27163727,-5.81E-12,-5.81E-12,21.58578842,21.58578842,21.58578842,90,TRUE,FALSE
2026/8/11 5:36,anchor_place_20260811_053530,anchor_pick_place,pick the green cube and place it on the blue platform,x075_y-025_7cm,4,full,target_anchor,stage_replay,success,TRUE,TRUE,TRUE,,,,,explicit_demo_id,cube_place_on_blue_platform_10cm,,,cube,"[0.04379848837852479, 0.05353671312332153, 0.0416567325592041]",grasp_object,"[0.6499999999999082, 0.2000000000003518, """"]","[0.6499999999999082, 0.2000000000003518, 0.4724999999995868]","[0.6499999999999082, 0.2000000000003518, 0.4724999999995868]",gazebo_world_xy_only,base,,,"[0.6489844987413476, 0.19940006848962216, -0.4576150050198015]",0.001179475,0.648984499,0.199400068,-0.457615005,blue_placement_platform,"[0.75, -0.25, """"]","[0.75, -0.25, 0.45]","[0.7532955962759557, -0.24754862167136185, -0.47]",0.004107336,0.753295596,-0.247548622,-0.47,"[0.75, -0.25, 0.45]",gazebo_world_xy_only,base,,,,,,,,,,0.648984499,0.199400068,-0.406910502,"[0.6489844987413476, 0.19940006848962216, -0.40691050196041423]","[0.6489966446293206, -0.0014544035142831215, -0.2168605029965824]",0.753295596,-0.247548622,-0.47,"[0.7532955962759557, -0.24754862167136185, -0.47]","[0.0, 0.0, 0.0]",grasp_object,blue_placement_platform,"[0.757958398416156, -0.25107892959487876, 0.4925000002481311]","[0.75, -0.25, 0.45]",0.005848487,0.008031201,0.008031201,,,TRUE,place_trajectory,75,510,697,510,697,1.32E-06,3.00E-07,7.95E-07,,TRUE,,FALSE,"[0.6511951849511857, 0.19976434216320216]",0.002240497,0.651195185,0.199764342,0.002210686,0.000364274,,52.53202486,0.602982044,0.002444983,2.058649778,0.173548698,34.66594005,49.46692848,4,11,moveit_wrapper_v1,49.46692848,/home/wei/code/learning_thousand_tasks/demo_library/rollout_trajectories/rollout_anchor_place_20260811_053530.json,/home/wei/code/learning_thousand_tasks/demo_library/rollout_trajectories/anchor_replay_input_anchor_place_20260811_053530.json,/home/wei/code/learning_thousand_tasks/demo_library/scene_packages/live_anchor_place_trial_anchor_place_20260811_053530_relation.json,,,,,,,,-0.417047771,-0.415958272,0.009047771,-0.406910502,3,"[0.6499999999999082, 0.2000000000003518, 0.4724999999995868]","[0.6499999999999082, 0.2000000000003518, """"]",0.07,0.07,7,"[0.07, 0.07, 0.02]",8.031201306,-5.78E-12,-5.78E-12,-4.395909175,4.395909175,4.395909175,90,TRUE,TRUE
2026/8/11 5:47,anchor_place_20260811_054643,anchor_pick_place,pick the green cube and place it on the blue platform,x075_y-025_6cm,1,full,target_anchor,stage_replay,success,TRUE,TRUE,TRUE,,,,,explicit_demo_id,cube_place_on_blue_platform_10cm,,,cube,"[0.0434011898934841, 0.05343089997768402, 0.039308786392211914]",grasp_object,"[0.6499999999999082, 0.2000000000003518, """"]","[0.6499999999999082, 0.2000000000003518, 0.4724999999995868]","[0.6499999999999082, 0.2000000000003518, 0.4724999999995868]",gazebo_world_xy_only,base,,,"[0.6490208852200512, 0.19920121966764576, -0.45709778444291993]",0.001263612,0.649020885,0.19920122,-0.457097784,blue_placement_platform,"[0.75, -0.25, """"]","[0.75, -0.25, 0.45]","[0.7527625444401888, -0.24802127843047983, -0.47]",0.003398086,0.752762544,-0.248021278,-0.47,"[0.75, -0.25, 0.45]",gazebo_world_xy_only,base,,,,,,,,,,0.649020885,0.19920122,-0.408741228,"[0.6490208852200512, 0.19920121966764576, -0.40874122755052483]","[0.6489966446293206, -0.0014544035142831215, -0.2168605029965824]",0.752762544,-0.248021278,-0.47,"[0.7527625444401888, -0.24802127843047983, -0.47]","[0.0, 0.0, 0.0]",grasp_object,blue_placement_platform,"[0.7584395563467181, -0.24542644253890808, 0.49249812031278667]","[0.75, -0.25, 0.45]",0.006241926,0.009599143,0.009599143,,,TRUE,place_trajectory,75,510,521,510,521,0.000310145,7.42E-05,0.000136436,,TRUE,,FALSE,"[0.6497462787903295, 0.19988475693551416]",0.000996704,0.649746279,0.199884757,0.000725394,0.000683537,,50.76208043,0.912197113,0.002673388,2.271193027,0.195432425,33.11406064,47.23118997,4,11,moveit_wrapper_v1,47.23118997,/home/wei/code/learning_thousand_tasks/demo_library/rollout_trajectories/rollout_anchor_place_20260811_054643.json,/home/wei/code/learning_thousand_tasks/demo_library/rollout_trajectories/anchor_replay_input_anchor_place_20260811_054643.json,/home/wei/code/learning_thousand_tasks/demo_library/scene_packages/live_anchor_place_trial_anchor_place_20260811_054643_relation.json,,,,,,,,-0.417047771,-0.417788998,0.009047771,-0.408741228,3,"[0.6499999999999082, 0.2000000000003518, 0.4724999999995868]","[0.6499999999999082, 0.2000000000003518, """"]",0.06,0.06,6,"[0.06, 0.06, 0.02]",9.599142627,-6.05E-12,-6.05E-12,0.575345579,0.575345579,0.575345579,90,TRUE,FALSE
2026/8/11 6:05,anchor_place_20260811_060449,anchor_pick_place,pick the green cube and place it on the blue platform,x075_y-025_6cm,2,full,target_anchor,stage_replay,failed,FALSE,FALSE,FALSE,place_replay,place_replay_failed_or_skipped,replay_failure,place_replay_failure,explicit_demo_id,cube_place_on_blue_platform_10cm,,,cube,"[0.04343321099877359, 0.053439325094223, 0.03930897116661081]",grasp_object,"[0.6499999999999082, 0.2000000000003518, """"]","[0.6499999999999082, 0.2000000000003518, 0.4724999999995868]","[0.6499999999999082, 0.2000000000003518, 0.4724999999995868]",gazebo_world_xy_only,base,,,"[0.6489597608963752, 0.19921712686561904, -0.457097004529473]",0.001301917,0.648959761,0.199217127,-0.457097005,blue_placement_platform,"[0.75, -0.25, """"]","[0.75, -0.25, 0.45]","[0.7527740350196428, -0.2479864009711111, -0.47]",0.003427806,0.752774035,-0.247986401,-0.47,"[0.75, -0.25, 0.45]",gazebo_world_xy_only,base,,,,,,,,,,0.648959761,0.199217127,-0.408740263,"[0.6489597608963752, 0.19921712686561904, -0.408740262862679]","[0.6489966446293206, -0.0014544035142831215, -0.2168605029965824]",0.752774035,-0.247986401,-0.47,"[0.7527740350196428, -0.2479864009711111, -0.47]","[0.0, 0.0, 0.0]",,,"["""", """", """"]","["""", """", """"]",,,,,,TRUE,place_trajectory,75,510,521,510,521,0.000287768,6.74E-05,0.000125415,,FALSE,,FALSE,"[0.650847785003583, 0.1995017628627031]",0.001909359,0.650847785,0.199501763,0.001888024,0.000284636,,47.84651423,0.792071342,0.005040407,2.332634926,0.140276432,30.21694541,44.38811326,4,19,moveit_wrapper_v1,44.38811326,/home/wei/code/learning_thousand_tasks/demo_library/rollout_trajectories/rollout_anchor_place_20260811_060449.json,/home/wei/code/learning_thousand_tasks/demo_library/rollout_trajectories/anchor_replay_input_anchor_place_20260811_060449.json,/home/wei/code/learning_thousand_tasks/demo_library/scene_packages/live_anchor_place_trial_anchor_place_20260811_060449_relation.json,,,,,,,,-0.417047771,-0.417788033,0.009047771,-0.408740263,3,"[0.6499999999999082, 0.2000000000003518, 0.4724999999995868]","[0.6499999999999082, 0.2000000000003518, """"]",0.06,0.06,6,"[0.06, 0.06, 0.02]",,-5.85E-12,-5.85E-12,,,,90,FALSE,
2026/8/11 6:54,anchor_place_20260811_065323,anchor_pick_place,pick the green cube and place it on the blue platform,x075_y-025_6cm,3,full,target_anchor,stage_replay,success,TRUE,TRUE,TRUE,unclean,,,,explicit_demo_id,cube_place_on_blue_platform_10cm,,,cube,"[0.04380194842815399, 0.05353736877441406, 0.04165661334991455]",grasp_object,"[0.6499999999999082, 0.2000000000003518, """"]","[0.6499999999999082, 0.2000000000003518, 0.4724999999995868]","[0.6499999999999082, 0.2000000000003518, 0.4724999999995868]",gazebo_world_xy_only,base,,,"[0.6489780105612031, 0.19940138861230255, -0.457616171743439]",0.001184398,0.648978011,0.199401389,-0.457616172,blue_placement_platform,"[0.75, -0.25, """"]","[0.75, -0.25, 0.45]","[0.7529186304697819, -0.24758061510999954, -0.47]",0.003791019,0.75291863,-0.247580615,-0.47,"[0.75, -0.25, 0.45]",gazebo_world_xy_only,base,,,,,,,,,,0.648978011,0.199401389,-0.406911788,"[0.6489780105612031, 0.19940138861230255, -0.40691178789334126]","[0.6489966446293206, -0.0014544035142831215, -0.2168605029965824]",0.75291863,-0.247580615,-0.47,"[0.7529186304697819, -0.24758061510999954, -0.47]","[0.0, 0.0, 0.0]",grasp_object,blue_placement_platform,"[0.7683138848464577, -0.24524573070055267, 0.4924935436188697]","[0.75, -0.25, 0.45]",0.015571305,0.018920926,0.018920926,,,TRUE,place_trajectory,75,510,521,510,521,1.07E-06,2.13E-07,5.69E-07,,TRUE,,FALSE,"[0.6509246816110261, 0.19653091170307724]",0.003468309,0.650924682,0.196530912,0.001946671,-0.002870477,,49.68635654,0.837515354,0.001391649,1.266764879,0.177789688,33.63713455,47.28645229,4,10,moveit_wrapper_v1,47.28645229,/home/wei/code/learning_thousand_tasks/demo_library/rollout_trajectories/rollout_anchor_place_20260811_065323.json,/home/wei/code/learning_thousand_tasks/demo_library/rollout_trajectories/anchor_replay_input_anchor_place_20260811_065323.json,/home/wei/code/learning_thousand_tasks/demo_library/scene_packages/live_anchor_place_trial_anchor_place_20260811_065323_relation.json,,,,,,,,-0.417047771,-0.415959558,0.009047771,-0.406911788,3,"[0.6499999999999082, 0.2000000000003518, 0.4724999999995868]","[0.6499999999999082, 0.2000000000003518, """"]",0.06,0.06,6,"[0.06, 0.06, 0.02]",18.92092637,-5.80E-12,-5.80E-12,19.06880921,19.06880921,19.06880921,90,TRUE,FALSE
2026/8/11 6:57,anchor_place_20260811_065628,anchor_pick_place,pick the green cube and place it on the blue platform,x075_y-025_6cm,4,full,target_anchor,stage_replay,success,TRUE,TRUE,TRUE,unclean,,,,explicit_demo_id,cube_place_on_blue_platform_10cm,,,cube,"[0.04327790588140487, 0.053396233916282676, 0.03523910045623779]",grasp_object,"[0.6499999999999082, 0.2000000000003518, """"]","[0.6499999999999082, 0.2000000000003518, 0.4724999999995868]","[0.6499999999999082, 0.2000000000003518, 0.4724999999995868]",gazebo_world_xy_only,base,,,"[0.648535786891679, 0.19914018679107487, -0.45711483500184413]",0.001697998,0.648535787,0.199140187,-0.457114835,blue_placement_platform,"[0.75, -0.25, """"]","[0.75, -0.25, 0.45]","[0.7527184026958079, -0.24815521173134786, -0.47]",0.003285264,0.752718403,-0.248155212,-0.47,"[0.75, -0.25, 0.45]",gazebo_world_xy_only,base,,,,,,,,,,0.648535787,0.199140187,-0.412827964,"[0.648535786891679, 0.19914018679107487, -0.41282796404542316]","[0.6489966446293206, -0.0014544035142831215, -0.2168605029965824]",0.752718403,-0.248155212,-0.47,"[0.7527184026958079, -0.24815521173134786, -0.47]","[0.0, 0.0, 0.0]",grasp_object,blue_placement_platform,"[0.7607444070681217, -0.24455089388512521, 0.4925000001341438]","[0.75, -0.25, 0.45]",0.008798173,0.012047201,0.012047201,,,TRUE,place_trajectory,75,510,521,510,521,0.000399618,9.71E-05,0.000184131,,TRUE,,FALSE,"[0.6502862520072815, 0.1997166061484438]",0.001842929,0.650286252,0.199716606,0.001750465,0.000576419,,51.85521364,0.633536816,0.002294302,1.465197563,0.142428398,34.68794155,49.34796286,4,11,moveit_wrapper_v1,49.34796286,/home/wei/code/learning_thousand_tasks/demo_library/rollout_trajectories/rollout_anchor_place_20260811_065628.json,/home/wei/code/learning_thousand_tasks/demo_library/rollout_trajectories/anchor_replay_input_anchor_place_20260811_065628.json,/home/wei/code/learning_thousand_tasks/demo_library/scene_packages/live_anchor_place_trial_anchor_place_20260811_065628_relation.json,,,,,,,,-0.417047771,-0.421875735,0.009047771,-0.412827964,3,"[0.6499999999999082, 0.2000000000003518, 0.4724999999995868]","[0.6499999999999082, 0.2000000000003518, """"]",0.06,0.06,6,"[0.06, 0.06, 0.02]",12.04720053,-6.05E-12,-6.05E-12,-0.568488641,0.568488641,0.568488641,90,TRUE,FALSE
2026/8/11 7:03,anchor_place_20260811_070245,anchor_pick_place,pick the green cube and place it on the blue platform,x055_y-015_6cm,1,full,target_anchor,stage_replay,success,TRUE,TRUE,TRUE,,,,,explicit_demo_id,cube_place_on_blue_platform_10cm,,,cube,"[0.04380247145891189, 0.05353754758834839, 0.04165685176849365]",grasp_object,"[0.6499999999999082, 0.2000000000003518, """"]","[0.6499999999999082, 0.2000000000003518, 0.4724999999995868]","[0.6499999999999082, 0.2000000000003518, 0.4724999999995868]",gazebo_world_xy_only,base,,,"[0.6489769621201678, 0.19940180630629228, -0.4576166792199161]",0.001185092,0.648976962,0.199401806,-0.457616679,blue_placement_platform,"[0.55, -0.15, """"]","[0.55, -0.15, 0.45]","[0.5525698768520179, -0.148195349293684, -0.47]",0.003140228,0.552569877,-0.148195349,-0.47,"[0.55, -0.15, 0.45]",gazebo_world_xy_only,base,,,,,,,,,,0.648976962,0.199401806,-0.406912057,"[0.6489769621201678, 0.19940180630629228, -0.4069120569512393]","[0.6489966446293206, -0.0014544035142831215, -0.2168605029965824]",0.552569877,-0.148195349,-0.47,"[0.5525698768520179, -0.148195349293684, -0.47]","[0.0, 0.0, 0.0]",grasp_object,blue_placement_platform,"[0.5569326029226692, -0.15069764832808938, 0.4924941928583303]","[0.55, -0.15, 0.45]",0.005029401,0.006967618,0.006967618,,,TRUE,place_trajectory,75,510,781,510,781,1.45E-06,3.24E-07,7.62E-07,,TRUE,,FALSE,"[0.6501995860976622, 0.19806398707435352]",0.001812338,0.650199586,0.198063987,0.001222624,-0.001337819,,47.41563344,0.95531249,0.007830858,2.204518557,0.205810308,29.38114095,43.94922519,4,10,moveit_wrapper_v1,43.94922519,/home/wei/code/learning_thousand_tasks/demo_library/rollout_trajectories/rollout_anchor_place_20260811_070245.json,/home/wei/code/learning_thousand_tasks/demo_library/rollout_trajectories/anchor_replay_input_anchor_place_20260811_070245.json,/home/wei/code/learning_thousand_tasks/demo_library/scene_packages/live_anchor_place_trial_anchor_place_20260811_070245_relation.json,,,,,,,,-0.417047771,-0.415959827,0.009047771,-0.406912057,3,"[0.6499999999999082, 0.2000000000003518, 0.4724999999995868]","[0.6499999999999082, 0.2000000000003518, """"]",0.06,0.06,6,"[0.06, 0.06, 0.02]",6.967617704,-5.77E-12,-5.77E-12,-0.263584645,0.263584645,0.263584645,90,TRUE,FALSE
2026/8/11 7:06,anchor_place_20260811_070533,anchor_pick_place,pick the green cube and place it on the blue platform,x055_y-015_6cm,2,full,target_anchor,stage_replay,success,TRUE,TRUE,TRUE,unclean,,,,explicit_demo_id,cube_place_on_blue_platform_10cm,,,cube,"[0.04379906430840491, 0.05353665351867676, 0.0416569709777832]",grasp_object,"[0.6499999999999082, 0.2000000000003518, """"]","[0.6499999999999082, 0.2000000000003518, 0.4724999999995868]","[0.6499999999999082, 0.2000000000003518, 0.4724999999995868]",gazebo_world_xy_only,base,,,"[0.6489834012258059, 0.1994001724936515, -0.4576149480673761]",0.001180367,0.648983401,0.199400172,-0.457614948,blue_placement_platform,"[0.55, -0.15, """"]","[0.55, -0.15, 0.45]","[0.5525691613325644, -0.148198017195771, -0.47]",0.00313811,0.552569161,-0.148198017,-0.47,"[0.55, -0.15, 0.45]",gazebo_world_xy_only,base,,,,,,,,,,0.648983401,0.199400172,-0.406910207,"[0.6489834012258059, 0.1994001724936515, -0.40691020658940974]","[0.6489966446293206, -0.0014544035142831215, -0.2168605029965824]",0.552569161,-0.148198017,-0.47,"[0.5525691613325644, -0.148198017195771, -0.47]","[0.0, 0.0, 0.0]",grasp_object,blue_placement_platform,"[0.5621985912181117, -0.14730360408234278, 0.49250000026577667]","[0.55, -0.15, 0.45]",0.009670879,0.012493045,0.012493045,,,TRUE,place_trajectory,75,510,781,510,781,9.60E-07,2.66E-07,5.25E-07,,TRUE,,FALSE,"[0.6487029322225095, 0.19815359861411674]",0.001277736,0.648702932,0.198153599,-0.000280469,-0.001246574,,46.48857832,0.624927998,0.042426825,2.062865257,0.108043194,29.15622592,43.40860271,4,10,moveit_wrapper_v1,43.40860271,/home/wei/code/learning_thousand_tasks/demo_library/rollout_trajectories/rollout_anchor_place_20260811_070533.json,/home/wei/code/learning_thousand_tasks/demo_library/rollout_trajectories/anchor_replay_input_anchor_place_20260811_070533.json,/home/wei/code/learning_thousand_tasks/demo_library/scene_packages/live_anchor_place_trial_anchor_place_20260811_070533_relation.json,,,,,,,,-0.417047771,-0.415957977,0.009047771,-0.406910207,3,"[0.6499999999999082, 0.2000000000003518, 0.4724999999995868]","[0.6499999999999082, 0.2000000000003518, """"]",0.06,0.06,6,"[0.06, 0.06, 0.02]",12.49304521,-5.73E-12,-5.73E-12,-0.058200611,0.058200611,0.058200611,90,TRUE,FALSE
2026/8/11 7:08,anchor_place_20260811_070755,anchor_pick_place,pick the green cube and place it on the blue platform,x055_y-015_6cm,3,full,target_anchor,stage_replay,success,TRUE,TRUE,TRUE,,,,,explicit_demo_id,cube_place_on_blue_platform_10cm,,,cube,"[0.043277758359909047, 0.053396233916282676, 0.03523898124694824]",grasp_object,"[0.6499999999999082, 0.2000000000003518, """"]","[0.6499999999999082, 0.2000000000003518, 0.4724999999995868]","[0.6499999999999082, 0.2000000000003518, 0.4724999999995868]",gazebo_world_xy_only,base,,,"[0.6485357274926948, 0.19914015294829515, -0.4571152913048276]",0.001698067,0.648535727,0.199140153,-0.457115291,blue_placement_platform,"[0.55, -0.15, """"]","[0.55, -0.15, 0.45]","[0.5524774550806882, -0.1486516120307015, -0.47]",0.002820626,0.552477455,-0.148651612,-0.47,"[0.55, -0.15, 0.45]",gazebo_world_xy_only,base,,,,,,,,,,0.648535727,0.199140153,-0.41282854,"[0.6485357274926948, 0.19914015294829515, -0.41282853955769616]","[0.6489966446293206, -0.0014544035142831215, -0.2168605029965824]",0.552477455,-0.148651612,-0.47,"[0.5524774550806882, -0.1486516120307015, -0.47]","[0.0, 0.0, 0.0]",grasp_object,blue_placement_platform,"[0.5599317679205574, -0.14975817585333076, 0.49250000033017194]","[0.55, -0.15, 0.45]",0.007535998,0.009934712,0.009934712,,,TRUE,place_trajectory,75,510,781,510,781,0.00039973,9.72E-05,0.000184159,,TRUE,,FALSE,"[0.6511624994871503, 0.19931097235795917]",0.00263232,0.651162499,0.199310972,0.002626772,0.000170819,,48.30102634,0.846515179,0.002635241,1.673371315,0.164785385,30.94241905,45.5138886,4,11,moveit_wrapper_v1,45.5138886,/home/wei/code/learning_thousand_tasks/demo_library/rollout_trajectories/rollout_anchor_place_20260811_070755.json,/home/wei/code/learning_thousand_tasks/demo_library/rollout_trajectories/anchor_replay_input_anchor_place_20260811_070755.json,/home/wei/code/learning_thousand_tasks/demo_library/scene_packages/live_anchor_place_trial_anchor_place_20260811_070755_relation.json,,,,,,,,-0.417047771,-0.42187631,0.009047771,-0.41282854,3,"[0.6499999999999082, 0.2000000000003518, 0.4724999999995868]","[0.6499999999999082, 0.2000000000003518, """"]",0.06,0.06,6,"[0.06, 0.06, 0.02]",9.934711518,-6.05E-12,-6.05E-12,0.738228153,0.738228153,0.738228153,90,TRUE,FALSE
2026/8/11 7:12,anchor_place_20260811_071138,anchor_pick_place,pick the green cube and place it on the blue platform,x055_y-015_6cm,4,full,target_anchor,stage_replay,success,TRUE,TRUE,TRUE,,,,,explicit_demo_id,cube_place_on_blue_platform_10cm,,,cube,"[0.04379888400435447, 0.05353665351867676, 0.04165661334991455]",grasp_object,"[0.6499999999999082, 0.2000000000003518, """"]","[0.6499999999999082, 0.2000000000003518, 0.4724999999995868]","[0.6499999999999082, 0.2000000000003518, 0.4724999999995868]",gazebo_world_xy_only,base,,,"[0.6489838178128896, 0.19940006159825574, -0.4576149456594505]",0.001180065,0.648983818,0.199400062,-0.457614946,blue_placement_platform,"[0.55, -0.15, """"]","[0.55, -0.15, 0.45]","[0.5525691133546065, -0.14819819608563334, -0.47]",0.003137968,0.552569113,-0.148198196,-0.47,"[0.55, -0.15, 0.45]",gazebo_world_xy_only,base,,,,,,,,,,0.648983818,0.199400062,-0.406910562,"[0.6489838178128896, 0.19940006159825574, -0.40691056180935276]","[0.6489966446293206, -0.0014544035142831215, -0.2168605029965824]",0.552569113,-0.148198196,-0.47,"[0.5525691133546065, -0.14819819608563334, -0.47]","[0.0, 0.0, 0.0]",grasp_object,blue_placement_platform,"[0.5526410106777425, -0.14931620935665718, 0.49250000034660035]","[0.55, -0.15, 0.45]",0.001120323,0.002728096,0.002728096,,,TRUE,place_trajectory,75,510,781,510,781,1.07E-06,2.91E-07,5.39E-07,,TRUE,,FALSE,"[0.651541225290356, 0.19962352193823313]",0.002567152,0.651541225,0.199623522,0.002557407,0.00022346,,47.1471889,0.85770154,0.001734972,1.889294863,0.185557365,29.94328594,43.95748615,4,11,moveit_wrapper_v1,43.95748615,/home/wei/code/learning_thousand_tasks/demo_library/rollout_trajectories/rollout_anchor_place_20260811_071138.json,/home/wei/code/learning_thousand_tasks/demo_library/rollout_trajectories/anchor_replay_input_anchor_place_20260811_071138.json,/home/wei/code/learning_thousand_tasks/demo_library/scene_packages/live_anchor_place_trial_anchor_place_20260811_071138_relation.json,,,,,,,,-0.417047771,-0.415958332,0.009047771,-0.406910562,3,"[0.6499999999999082, 0.2000000000003518, 0.4724999999995868]","[0.6499999999999082, 0.2000000000003518, """"]",0.06,0.06,6,"[0.06, 0.06, 0.02]",2.728095864,-5.80E-12,-5.80E-12,-8.767321835,8.767321835,8.767321835,90,TRUE,TRUE
2026/8/11 7:16,anchor_place_20260811_071542,anchor_pick_place,pick the green cube and place it on the blue platform,x085_y_6cm,1,full,target_anchor,stage_replay,success,TRUE,TRUE,TRUE,unclean,,,,explicit_demo_id,cube_place_on_blue_platform_10cm,,,cube,"[0.04380149319767951, 0.05353742837905884, 0.0416567325592041]",grasp_object,"[0.6499999999999082, 0.2000000000003518, """"]","[0.6499999999999082, 0.2000000000003518, 0.4724999999995868]","[0.6499999999999082, 0.2000000000003518, 0.4724999999995868]",gazebo_world_xy_only,base,,,"[0.6489785867762148, 0.19940146745601198, -0.4576161517922146]",0.001183861,0.648978587,0.199401467,-0.457616152,blue_placement_platform,"[0.85, 0.0, """"]","[0.85, 0.0, 0.45]","[0.8530625207520256, 0.0034223288691925813, -0.47]",0.004592534,0.853062521,0.003422329,-0.47,"[0.85, 0.0, 0.45]",gazebo_world_xy_only,base,,,,,,,,,,0.648978587,0.199401467,-0.406911649,"[0.6489785867762148, 0.19940146745601198, -0.4069116487328273]","[0.6489966446293206, -0.0014544035142831215, -0.2168605029965824]",0.853062521,0.003422329,-0.47,"[0.8530625207520256, 0.0034223288691925813, -0.47]","[0.0, 0.0, 0.0]",grasp_object,blue_placement_platform,"[0.8638083149392993, 0.0039060217738905788, 0.49250000037209674]","[0.85, 0.0, 0.45]",0.010756675,0.014350142,0.014350142,,,TRUE,place_trajectory,75,510,416,510,416,7.72E-07,1.47E-07,5.88E-07,,TRUE,,FALSE,"[0.6513454307938495, 0.19882096728911758]",0.002436992,0.651345431,0.198820967,0.002366844,-0.0005805,,53.26935244,0.927664995,0.005447626,1.808809042,0.153392792,35.96196413,50.14081049,4,10,moveit_wrapper_v1,50.14081049,/home/wei/code/learning_thousand_tasks/demo_library/rollout_trajectories/rollout_anchor_place_20260811_071542.json,/home/wei/code/learning_thousand_tasks/demo_library/rollout_trajectories/anchor_replay_input_anchor_place_20260811_071542.json,/home/wei/code/learning_thousand_tasks/demo_library/scene_packages/live_anchor_place_trial_anchor_place_20260811_071542_relation.json,,,,,,,,-0.417047771,-0.415959419,0.009047771,-0.406911649,3,"[0.6499999999999082, 0.2000000000003518, 0.4724999999995868]","[0.6499999999999082, 0.2000000000003518, """"]",0.06,0.06,6,"[0.06, 0.06, 0.02]",14.35014173,-5.82E-12,-5.82E-12,4.860178182,4.860178182,4.860178182,90,TRUE,FALSE
2026/8/11 7:19,anchor_place_20260811_071842,anchor_pick_place,pick the green cube and place it on the blue platform,x085_y_6cm,2,full,target_anchor,stage_replay,success,TRUE,TRUE,TRUE,,,,,explicit_demo_id,cube_place_on_blue_platform_10cm,,,cube,"[0.04379734843969346, 0.053536415100097656, 0.04165685176849365]",grasp_object,"[0.6499999999999082, 0.2000000000003518, """"]","[0.6499999999999082, 0.2000000000003518, 0.4724999999995868]","[0.6499999999999082, 0.2000000000003518, 0.4724999999995868]",gazebo_world_xy_only,base,,,"[0.6489865710261047, 0.19939978200979433, -0.4576145324788841]",0.001177837,0.648986571,0.199399782,-0.457614532,blue_placement_platform,"[0.85, 0.0, """"]","[0.85, 0.0, 0.45]","[0.8530625415443159, 0.003417142175011545, -0.47]",0.004588684,0.853062542,0.003417142,-0.47,"[0.85, 0.0, 0.45]",gazebo_world_xy_only,base,,,,,,,,,,0.648986571,0.199399782,-0.40690991,"[0.6489865710261047, 0.19939978200979433, -0.4069099102102073]","[0.6489966446293206, -0.0014544035142831215, -0.2168605029965824]",0.853062542,0.003417142,-0.47,"[0.8530625415443159, 0.003417142175011545, -0.47]","[0.0, 0.0, 0.0]",grasp_object,blue_placement_platform,"[0.8499226184056526, 0.006367329876339253, 0.4924953346920105]","[0.85, 0.0, 0.45]",0.004308448,0.0063678,0.0063678,,,TRUE,place_trajectory,75,510,416,510,416,2.09E-06,5.10E-07,8.87E-07,,TRUE,,FALSE,"[0.6512254445218679, 0.19687596256072087]",0.003373754,0.651225445,0.196875963,0.002238873,-0.002523819,,52.00415659,0.8691113,0.004423141,1.780361176,0.175597668,34.59190464,49.02002764,4,10,moveit_wrapper_v1,49.02002764,/home/wei/code/learning_thousand_tasks/demo_library/rollout_trajectories/rollout_anchor_place_20260811_071842.json,/home/wei/code/learning_thousand_tasks/demo_library/rollout_trajectories/anchor_replay_input_anchor_place_20260811_071842.json,/home/wei/code/learning_thousand_tasks/demo_library/scene_packages/live_anchor_place_trial_anchor_place_20260811_071842_relation.json,,,,,,,,-0.417047771,-0.415957681,0.009047771,-0.40690991,3,"[0.6499999999999082, 0.2000000000003518, 0.4724999999995868]","[0.6499999999999082, 0.2000000000003518, """"]",0.06,0.06,6,"[0.06, 0.06, 0.02]",6.367800065,-5.85E-12,-5.85E-12,-9.389379242,9.389379242,9.389379242,90,TRUE,FALSE
2026/8/11 7:23,anchor_place_20260811_072307,anchor_pick_place,pick the green cube and place it on the blue platform,x085_y_6cm,3,full,target_anchor,stage_replay,success,TRUE,TRUE,TRUE,unclean,,,,explicit_demo_id,cube_place_on_blue_platform_10cm,,,cube,"[0.04380179792642594, 0.05353754758834839, 0.04165661334991455]",grasp_object,"[0.6499999999999082, 0.2000000000003518, """"]","[0.6499999999999082, 0.2000000000003518, 0.4724999999995868]","[0.6499999999999082, 0.2000000000003518, 0.4724999999995868]",gazebo_world_xy_only,base,,,"[0.6489783202896764, 0.19940134757482705, -0.45761639136077276]",0.001184151,0.64897832,0.199401348,-0.457616391,blue_placement_platform,"[0.85, 0.0, """"]","[0.85, 0.0, 0.45]","[0.8530625183149937, 0.0034229362790648143, -0.47]",0.004592985,0.853062518,0.003422936,-0.47,"[0.85, 0.0, 0.45]",gazebo_world_xy_only,base,,,,,,,,,,0.64897832,0.199401348,-0.406912008,"[0.6489783202896764, 0.19940134757482705, -0.406912007510675]","[0.6489966446293206, -0.0014544035142831215, -0.2168605029965824]",0.853062518,0.003422936,-0.47,"[0.8530625183149937, 0.0034229362790648143, -0.47]","[0.0, 0.0, 0.0]",grasp_object,blue_placement_platform,"[0.8644733995826267, 0.00722652717959499, 0.4924923659765902]","[0.85, 0.0, 0.45]",0.012028114,0.016177206,0.016177206,,,TRUE,place_trajectory,75,510,416,510,416,9.97E-07,2.31E-07,5.00E-07,,TRUE,,FALSE,"[0.6492015945778784, 0.19824579789083546]",0.001176922,0.649201595,0.198245798,0.000223274,-0.00115555,,50.82339215,0.660225868,0.00436759,1.62690711,0.138852596,33.58260703,48.03129601,4,10,moveit_wrapper_v1,48.03129601,/home/wei/code/learning_thousand_tasks/demo_library/rollout_trajectories/rollout_anchor_place_20260811_072307.json,/home/wei/code/learning_thousand_tasks/demo_library/rollout_trajectories/anchor_replay_input_anchor_place_20260811_072307.json,/home/wei/code/learning_thousand_tasks/demo_library/scene_packages/live_anchor_place_trial_anchor_place_20260811_072307_relation.json,,,,,,,,-0.417047771,-0.415959778,0.009047771,-0.406912008,3,"[0.6499999999999082, 0.2000000000003518, 0.4724999999995868]","[0.6499999999999082, 0.2000000000003518, """"]",0.06,0.06,6,"[0.06, 0.06, 0.02]",16.17720589,-5.80E-12,-5.80E-12,-1.261640011,1.261640011,1.261640011,90,TRUE,FALSE
2026/8/11 7:26,anchor_place_20260811_072543,anchor_pick_place,pick the green cube and place it on the blue platform,x085_y_6cm,4,full,target_anchor,stage_replay,success,FALSE,TRUE,TRUE,方块掉下�?,,explicit_demo_id,cube_place_on_blue_platform_10cm,,,cube,"[0.043801743537187576, 0.05353742837905884, 0.041656494140625]",grasp_object,"[0.6499999999999082, 0.2000000000003518, """"]","[0.6499999999999082, 0.2000000000003518, 0.4724999999995868]","[0.6499999999999082, 0.2000000000003518, 0.4724999999995868]",gazebo_world_xy_only,base,,,"[0.6489782551346676, 0.19940144729671794, -0.45761626393711463]",0.001184157,0.648978255,0.199401447,-0.457616264,blue_placement_platform,"[0.85, 0.0, """"]","[0.85, 0.0, 0.45]","[0.8530625200780171, 0.0034224968708832515, -0.47]",0.004592659,0.85306252,0.003422497,-0.47,"[0.85, 0.0, 0.45]",gazebo_world_xy_only,base,,,,,,,,,,0.648978255,0.199401447,-0.406911999,"[0.6489782551346676, 0.19940144729671794, -0.40691199929630645]","[0.6489966446293206, -0.0014544035142831215, -0.2168605029965824]",0.85306252,0.003422497,-0.47,"[0.8530625200780171, 0.0034224968708832515, -0.47]","[0.0, 0.0, 0.0]",grasp_object,blue_placement_platform,"[0.9047247624411472, 0.0067212932981152275, 0.47249236066158645]","[0.85, 0.0, 0.45]",0.051767454,0.055135972,0.055135972,,,TRUE,place_trajectory,75,510,416,510,416,9.47E-07,1.93E-07,4.66E-07,,TRUE,,FALSE,"[0.6509683449816952, 0.19951569158021992]",0.001993366,0.650968345,0.199515692,0.00199009,0.000114244,,52.79182148,0.74173069,0.00202632,1.946717739,0.131394863,35.13404393,49.737185,4,11,moveit_wrapper_v1,49.737185,/home/wei/code/learning_thousand_tasks/demo_library/rollout_trajectories/rollout_anchor_place_20260811_072543.json,/home/wei/code/learning_thousand_tasks/demo_library/rollout_trajectories/anchor_replay_input_anchor_place_20260811_072543.json,/home/wei/code/learning_thousand_tasks/demo_library/scene_packages/live_anchor_place_trial_anchor_place_20260811_072543_relation.json,,,,,,,,-0.417047771,-0.41595977,0.009047771,-0.406911999,3,"[0.6499999999999082, 0.2000000000003518, 0.4724999999995868]","[0.6499999999999082, 0.2000000000003518, """"]",0.06,0.06,6,"[0.06, 0.06, 0.02]",55.135972,-5.27E-12,-5.27E-12,10.52718649,10.52718649,10.52718649,90,TRUE,FALSE,,
2026/8/11 21:54,anchor_place_20260811_215338,anchor_pick_place,pick the green cube and place it on the blue platform,x085_y_7cm,1,full,target_anchor,stage_replay,success,TRUE,TRUE,TRUE,unclean,,,,explicit_demo_id,cube_place_on_blue_platform_10cm,,,cube,"[0.04371998310089109, 0.05351577699184418, 0.04060028791427617]",grasp_object,"[0.6499999999999082, 0.2000000000003518, """"]","[0.6499999999999082, 0.2000000000003518, 0.4724999999995868]","[0.6499999999999082, 0.2000000000003518, 0.4724999999995868]",gazebo_world_xy_only,base,,,"[0.6491334202009633, 0.19936072004655403, -0.45757530713705535]",0.001076866,0.64913342,0.19936072,-0.457575307,blue_placement_platform,"[0.85, 0.0, """"]","[0.85, 0.0, 0.45]","[0.8544025440408362, 0.0030189752027253002, -0.47]",0.005338221,0.854402544,0.003018975,-0.47,"[0.85, 0.0, 0.45]",gazebo_world_xy_only,base,,,,,,,,,,0.64913342,0.19936072,-0.407927249,"[0.6491334202009633, 0.19936072004655403, -0.407927248722596]","[0.6489966446293206, -0.0014544035142831215, -0.2168605029965824]",0.854402544,0.003018975,-0.47,"[0.8544025440408362, 0.0030189752027253002, -0.47]","[0.0, 0.0, 0.0]",grasp_object,blue_placement_platform,"[0.8551236456999515, 0.007974536653399963, 0.49249831423801965]","[0.85, 0.0, 0.45]",0.005007752,0.009478659,0.009478659,,,TRUE,place_trajectory,75,510,557,510,557,6.14E-05,1.46E-05,2.70E-05,,TRUE,,FALSE,"[0.6519508920324857, 0.19670346780448045]",0.003872872,0.651950892,0.196703468,0.002817472,-0.002657252,,52.45192933,0.927726269,0.003032207,1.986126184,0.142596245,34.63814187,49.16357231,4,10,moveit_wrapper_v1,49.16357231,/home/wei/code/learning_thousand_tasks/demo_library/rollout_trajectories/rollout_anchor_place_20260811_215338.json,/home/wei/code/learning_thousand_tasks/demo_library/rollout_trajectories/anchor_replay_input_anchor_place_20260811_215338.json,/home/wei/code/learning_thousand_tasks/demo_library/scene_packages/live_anchor_place_trial_anchor_place_20260811_215338_relation.json,,,,,,,,-0.417047771,-0.416975019,0.009047771,-0.407927249,3,"[0.6499999999999082, 0.2000000000003518, 0.4724999999995868]","[0.6499999999999082, 0.2000000000003518, """"]",0.07,0.07,7,"[0.07, 0.07, 0.02]",9.478659193,-5.80E-12,-5.80E-12,-22.33716822,22.33716822,22.33716822,90,TRUE,FALSE
2026/8/11 21:57,anchor_place_20260811_215646,anchor_pick_place,pick the green cube and place it on the blue platform,x085_y_7cm,2,full,target_anchor,stage_replay,success,TRUE,TRUE,TRUE,,,,,explicit_demo_id,cube_place_on_blue_platform_10cm,,,cube,"[0.043801250308752065, 0.05353725552558897, 0.04165661334991455]",grasp_object,"[0.6499999999999082, 0.2000000000003518, """"]","[0.6499999999999082, 0.2000000000003518, 0.4724999999995868]","[0.6499999999999082, 0.2000000000003518, 0.4724999999995868]",gazebo_world_xy_only,base,,,"[0.6489792036420937, 0.1994011466373437, -0.4576159327119449]",0.001183491,0.648979204,0.199401147,-0.457615933,blue_placement_platform,"[0.85, 0.0, """"]","[0.85, 0.0, 0.45]","[0.8544021842646174, 0.0031191342673512787, -0.47]",0.005395204,0.854402184,0.003119134,-0.47,"[0.85, 0.0, 0.45]",gazebo_world_xy_only,base,,,,,,,,,,0.648979204,0.199401147,-0.406911549,"[0.6489792036420937, 0.1994011466373437, -0.40691154886184716]","[0.6489966446293206, -0.0014544035142831215, -0.2168605029965824]",0.854402184,0.003119134,-0.47,"[0.8544021842646174, 0.0031191342673512787, -0.47]","[0.0, 0.0, 0.0]",grasp_object,blue_placement_platform,"[0.8548846807251302, 0.007953230620580197, 0.49249709053508534]","[0.85, 0.0, 0.45]",0.004858116,0.009333487,0.009333487,,,TRUE,place_trajectory,75,510,557,510,557,5.93E-07,1.24E-07,5.27E-07,,TRUE,,FALSE,"[0.651024432554338, 0.19719280133784542]",0.003009942,0.651024433,0.197192801,0.002045229,-0.002208345,,52.47819114,0.753876448,0.003220558,1.994571924,0.131244183,34.7778759,49.41638803,4,10,moveit_wrapper_v1,49.41638803,/home/wei/code/learning_thousand_tasks/demo_library/rollout_trajectories/rollout_anchor_place_20260811_215646.json,/home/wei/code/learning_thousand_tasks/demo_library/rollout_trajectories/anchor_replay_input_anchor_place_20260811_215646.json,/home/wei/code/learning_thousand_tasks/demo_library/scene_packages/live_anchor_place_trial_anchor_place_20260811_215646_relation.json,,,,,,,,-0.417047771,-0.415959319,0.009047771,-0.406911549,3,"[0.6499999999999082, 0.2000000000003518, 0.4724999999995868]","[0.6499999999999082, 0.2000000000003518, """"]",0.07,0.07,7,"[0.07, 0.07, 0.02]",9.333487188,-6.05E-12,-6.05E-12,-12.86369582,12.86369582,12.86369582,90,TRUE,FALSE
2026/8/11 22:00,anchor_place_20260811_215923,anchor_pick_place,pick the green cube and place it on the blue platform,x085_y_7cm,3,full,target_anchor,stage_replay,success,TRUE,TRUE,TRUE,,,,,explicit_demo_id,cube_place_on_blue_platform_10cm,,,cube,"[0.04396437034010886, 0.05358460545539856, 0.043329823017120406]",grasp_object,"[0.6499999999999082, 0.2000000000003518, """"]","[0.6499999999999082, 0.2000000000003518, 0.4724999999995868]","[0.6499999999999082, 0.2000000000003518, 0.4724999999995868]",gazebo_world_xy_only,base,,,"[0.6492501614073571, 0.1994823808239583, -0.45769325515460657]",0.000911146,0.649250161,0.199482381,-0.457693255,blue_placement_platform,"[0.85, 0.0, """"]","[0.85, 0.0, 0.45]","[0.8544014242978435, 0.0033207879401783488, -0.47]",0.005513635,0.854401424,0.003320788,-0.47,"[0.85, 0.0, 0.45]",gazebo_world_xy_only,base,,,,,,,,,,0.649250161,0.199482381,-0.405315662,"[0.6492501614073571, 0.1994823808239583, -0.405315661637303]","[0.6489966446293206, -0.0014544035142831215, -0.2168605029965824]",0.854401424,0.003320788,-0.47,"[0.8544014242978435, 0.0033207879401783488, -0.47]","[0.0, 0.0, 0.0]",grasp_object,blue_placement_platform,"[0.8574978625814816, 0.008764256748734298, 0.49249754817363744]","[0.85, 0.0, 0.45]",0.00626253,0.011533869,0.011533869,,,TRUE,place_trajectory,75,510,557,510,557,0.000130113,2.95E-05,5.61E-05,,TRUE,,FALSE,"[0.6511202427646099, 0.19916928657385544]",0.00189611,0.651120243,0.199169287,0.001870081,-0.000313094,,52.04655123,0.842106581,0.009369612,1.800815821,0.162471771,34.66434145,49.01934505,4,10,moveit_wrapper_v1,49.01934505,/home/wei/code/learning_thousand_tasks/demo_library/rollout_trajectories/rollout_anchor_place_20260811_215923.json,/home/wei/code/learning_thousand_tasks/demo_library/rollout_trajectories/anchor_replay_input_anchor_place_20260811_215923.json,/home/wei/code/learning_thousand_tasks/demo_library/scene_packages/live_anchor_place_trial_anchor_place_20260811_215923_relation.json,,,,,,,,-0.417047771,-0.414363432,0.009047771,-0.405315662,3,"[0.6499999999999082, 0.2000000000003518, 0.4724999999995868]","[0.6499999999999082, 0.2000000000003518, """"]",0.07,0.07,7,"[0.07, 0.07, 0.02]",11.53386924,-5.76E-12,-5.76E-12,-12.212768,12.212768,12.212768,90,TRUE,FALSE
2026/8/11 22:03,anchor_place_20260811_220306,anchor_pick_place,pick the green cube and place it on the blue platform,x085_y_7cm,4,full,target_anchor,stage_replay,success,TRUE,TRUE,TRUE,,,,,explicit_demo_id,cube_place_on_blue_platform_10cm,,,cube,"[0.04380096420645713, 0.05353716909885409, 0.04165685176849365]",grasp_object,"[0.6499999999999082, 0.2000000000003518, """"]","[0.6499999999999082, 0.2000000000003518, 0.4724999999995868]","[0.6499999999999082, 0.2000000000003518, 0.4724999999995868]",gazebo_world_xy_only,base,,,"[0.6489798392171111, 0.1994014639969594, -0.4576158817511664]",0.001182782,0.648979839,0.199401464,-0.457615882,blue_placement_platform,"[0.85, 0.0, """"]","[0.85, 0.0, 0.45]","[0.8544021854513456, 0.003118809178498465, -0.47]",0.005395017,0.854402185,0.003118809,-0.47,"[0.85, 0.0, 0.45]",gazebo_world_xy_only,base,,,,,,,,,,0.648979839,0.199401464,-0.406911259,"[0.6489798392171111, 0.1994014639969594, -0.4069112594824896]","[0.6489966446293206, -0.0014544035142831215, -0.2168605029965824]",0.854402185,0.003118809,-0.47,"[0.8544021854513456, 0.003118809178498465, -0.47]","[0.0, 0.0, 0.0]",grasp_object,blue_placement_platform,"[0.857959066689062, 0.002064080390578134, 0.4925000002132433]","[0.85, 0.0, 0.45]",0.003709967,0.008222358,0.008222358,,,TRUE,place_trajectory,75,510,557,510,557,4.04E-07,7.78E-08,2.91E-07,,TRUE,,FALSE,"[0.6503761301440205, 0.20151888681320645]",0.002536357,0.65037613,0.201518887,0.001396291,0.002117423,,52.17040467,0.972270489,0.005790472,1.898865938,0.138872862,34.95999503,48.83323479,4,10,moveit_wrapper_v1,48.83323479,/home/wei/code/learning_thousand_tasks/demo_library/rollout_trajectories/rollout_anchor_place_20260811_220306.json,/home/wei/code/learning_thousand_tasks/demo_library/rollout_trajectories/anchor_replay_input_anchor_place_20260811_220306.json,/home/wei/code/learning_thousand_tasks/demo_library/scene_packages/live_anchor_place_trial_anchor_place_20260811_220306_relation.json,,,,,,,,-0.417047771,-0.41595903,0.009047771,-0.406911259,3,"[0.6499999999999082, 0.2000000000003518, 0.4724999999995868]","[0.6499999999999082, 0.2000000000003518, """"]",0.07,0.07,7,"[0.07, 0.07, 0.02]",8.22235796,-5.86E-12,-5.86E-12,-1.10452907,1.10452907,1.10452907,90,TRUE,TRUE
2026/8/12 0:15,anchor_place_20260812_001410,anchor_pick_place,pick the green cube and place it on the blue platform,x055_y_-015cm,1,full,target_anchor,stage_replay,success,TRUE,TRUE,TRUE,,,,,explicit_demo_id,cube_place_on_blue_platform_10cm,,,cube,"[0.04379369020462037, 0.053535282611846924, 0.04165667891502389]",grasp_object,"[0.6499999999999082, 0.2000000000003518, """"]","[0.6499999999999082, 0.2000000000003518, 0.4724999999995868]","[0.6499999999999082, 0.2000000000003518, 0.4724999999995868]",gazebo_world_xy_only,base,,,"[0.6489935700525735, 0.19939735771246897, -0.45761255877005147]",0.001173064,0.64899357,0.199397358,-0.457612559,blue_placement_platform,"[0.55, -0.15, """"]","[0.55, -0.15, 0.45]","[0.5526328759793658, -0.14810726863701543, -0.47]",0.003242602,0.552632876,-0.148107269,-0.47,"[0.55, -0.15, 0.45]",gazebo_world_xy_only,base,,,,,,,,,,0.64899357,0.199397358,-0.406908109,"[0.6489935700525735, 0.19939735771246897, -0.4069081093548444]","[0.6489966446293206, -0.0014544035142831215, -0.2168605029965824]",0.552632876,-0.148107269,-0.47,"[0.5526328759793658, -0.14810726863701543, -0.47]","[0.0, 0.0, 0.0]",grasp_object,blue_placement_platform,"[0.5631305280066413, -0.15002969961963275, 0.4925000002416999]","[0.55, -0.15, 0.45]",0.010672227,0.013130562,0.013130562,,,TRUE,place_trajectory,75,510,1010,510,1010,4.73E-06,1.26E-06,2.24E-06,,TRUE,,FALSE,"[0.6503759186501576, 0.19989592730264566]",0.00146951,0.650375919,0.199895927,0.001382349,0.00049857,,57.33113122,2.466828346,0.00300312,3.043690205,0.23359704,34.3201797,51.14105916,4,10,moveit_wrapper_v1,51.14105916,/home/wei/code/learning_thousand_tasks/demo_library/rollout_trajectories/rollout_anchor_place_20260812_001410.json,/home/wei/code/learning_thousand_tasks/demo_library/rollout_trajectories/anchor_replay_input_anchor_place_20260812_001410.json,/home/wei/code/learning_thousand_tasks/demo_library/scene_packages/live_anchor_place_trial_anchor_place_20260812_001410_relation.json,,,,,,,,-0.417047771,-0.41595588,0.009047771,-0.406908109,3,"[0.6499999999999082, 0.2000000000003518, 0.4724999999995868]","[0.6499999999999082, 0.2000000000003518, """"]",0.07,0.07,7,"[0.07, 0.07, 0.02]",13.1305616,-5.49E-12,-5.49E-12,-0.087314502,0.087314502,0.087314502,90,TRUE,FALSE
2026/8/12 0:18,anchor_place_20260812_001742,anchor_pick_place,pick the green cube and place it on the blue platform,x055_y_-015cm,2,full,target_anchor,stage_replay,success,TRUE,TRUE,TRUE,,,,,explicit_demo_id,cube_place_on_blue_platform_10cm,,,cube,"[0.04379613250494002, 0.05353587865829468, 0.04165685176849365]",grasp_object,"[0.6499999999999082, 0.2000000000003518, """"]","[0.6499999999999082, 0.2000000000003518, 0.4724999999995868]","[0.6499999999999082, 0.2000000000003518, 0.4724999999995868]",gazebo_world_xy_only,base,,,"[0.6489889076136238, 0.1993985825951045, -0.457613751383777]",0.00117644,0.648988908,0.199398583,-0.457613751,blue_placement_platform,"[0.55, -0.15, """"]","[0.55, -0.15, 0.45]","[0.552633303774783, -0.14810567239410916, -0.47]",0.003243881,0.552633304,-0.148105672,-0.47,"[0.55, -0.15, 0.45]",gazebo_world_xy_only,base,,,,,,,,,,0.648988908,0.199398583,-0.406909129,"[0.6489889076136238, 0.1993985825951045, -0.4069091291151002]","[0.6489966446293206, -0.0014544035142831215, -0.2168605029965824]",0.552633304,-0.148105672,-0.47,"[0.552633303774783, -0.14810567239410916, -0.47]","[0.0, 0.0, 0.0]",grasp_object,blue_placement_platform,"[0.560350366586335, -0.1509300561461902, 0.492500000184625]","[0.55, -0.15, 0.45]",0.008217676,0.010392069,0.010392069,,,TRUE,place_trajectory,75,510,1010,510,1010,3.04E-06,8.10E-07,1.48E-06,,TRUE,,FALSE,"[0.6477548026899934, 0.19806228681143503]",0.001818984,0.647754803,0.198062287,-0.001234105,-0.001336296,,57.55313396,1.258023977,0.005764246,3.878745794,0.237718344,35.020298,51.85488605,4,10,moveit_wrapper_v1,51.85488605,/home/wei/code/learning_thousand_tasks/demo_library/rollout_trajectories/rollout_anchor_place_20260812_001742.json,/home/wei/code/learning_thousand_tasks/demo_library/rollout_trajectories/anchor_replay_input_anchor_place_20260812_001742.json,/home/wei/code/learning_thousand_tasks/demo_library/scene_packages/live_anchor_place_trial_anchor_place_20260812_001742_relation.json,,,,,,,,-0.417047771,-0.4159569,0.009047771,-0.406909129,3,"[0.6499999999999082, 0.2000000000003518, 0.4724999999995868]","[0.6499999999999082, 0.2000000000003518, """"]",0.07,0.07,7,"[0.07, 0.07, 0.02]",10.39206875,-5.53E-12,-5.53E-12,-6.016573827,6.016573827,6.016573827,90,TRUE,FALSE
2026/8/12 0:21,anchor_place_20260812_002046,anchor_pick_place,pick the green cube and place it on the blue platform,x055_y_-015cm,3,full,target_anchor,stage_replay,success,TRUE,TRUE,TRUE,,,,,explicit_demo_id,cube_place_on_blue_platform_10cm,,,cube,"[0.04379495978355408, 0.053535401821136475, 0.04165667891502389]",grasp_object,"[0.6499999999999082, 0.2000000000003518, """"]","[0.6499999999999082, 0.2000000000003518, 0.4724999999995868]","[0.6499999999999082, 0.2000000000003518, 0.4724999999995868]",gazebo_world_xy_only,base,,,"[0.6489912017570115, 0.1993981846128246, -0.45761288645384934]",0.001174673,0.648991202,0.199398185,-0.457612886,blue_placement_platform,"[0.55, -0.15, """"]","[0.55, -0.15, 0.45]","[0.5526331002192724, -0.14810643192778336, -0.47]",0.003243273,0.5526331,-0.148106432,-0.47,"[0.55, -0.15, 0.45]",gazebo_world_xy_only,base,,,,,,,,,,0.648991202,0.199398185,-0.406908437,"[0.6489912017570115, 0.1993981846128246, -0.40690843703864227]","[0.6489966446293206, -0.0014544035142831215, -0.2168605029965824]",0.5526331,-0.148106432,-0.47,"[0.5526331002192724, -0.14810643192778336, -0.47]","[0.0, 0.0, 0.0]",grasp_object,blue_placement_platform,"[0.5550174846510144, -0.147578712173111, 0.4924920973870938]","[0.55, -0.15, 0.45]",0.002442085,0.005571157,0.005571157,,,TRUE,place_trajectory,75,510,1010,510,1010,3.94E-06,1.12E-06,2.16E-06,,TRUE,,FALSE,"[0.6505662964925305, 0.1993810757673918]",0.001575188,0.650566296,0.199381076,0.001575095,-1.71E-05,,61.7960794,1.311022043,0.003632069,4.04718256,0.24001956,36.67403269,55.76688457,4,10,moveit_wrapper_v1,55.76688457,/home/wei/code/learning_thousand_tasks/demo_library/rollout_trajectories/rollout_anchor_place_20260812_002046.json,/home/wei/code/learning_thousand_tasks/demo_library/rollout_trajectories/anchor_replay_input_anchor_place_20260812_002046.json,/home/wei/code/learning_thousand_tasks/demo_library/scene_packages/live_anchor_place_trial_anchor_place_20260812_002046_relation.json,,,,,,,,-0.417047771,-0.415956208,0.009047771,-0.406908437,3,"[0.6499999999999082, 0.2000000000003518, 0.4724999999995868]","[0.6499999999999082, 0.2000000000003518, """"]",0.07,0.07,7,"[0.07, 0.07, 0.02]",5.571156699,-5.94E-12,-5.94E-12,-0.466883698,0.466883698,0.466883698,90,TRUE,TRUE
2026/8/12 0:24,anchor_place_20260812_002338,anchor_pick_place,pick the green cube and place it on the blue platform,x055_y_-015cm,4,full,target_anchor,stage_replay,success,TRUE,TRUE,TRUE,,,,,explicit_demo_id,cube_place_on_blue_platform_10cm,,,cube,"[0.04379401654005052, 0.0535351037979126, 0.04165685176849365]",grasp_object,"[0.6499999999999082, 0.2000000000003518, """"]","[0.6499999999999082, 0.2000000000003518, 0.4724999999995868]","[0.6499999999999082, 0.2000000000003518, 0.4724999999995868]",gazebo_world_xy_only,base,,,"[0.648993090628059, 0.19939763909408434, -0.4576125867665501]",0.001173331,0.648993091,0.199397639,-0.457612587,blue_placement_platform,"[0.55, -0.15, """"]","[0.55, -0.15, 0.45]","[0.5526328813579047, -0.14810724856806584, -0.47]",0.003242618,0.552632881,-0.148107249,-0.47,"[0.55, -0.15, 0.45]",gazebo_world_xy_only,base,,,,,,,,,,0.648993091,0.199397639,-0.406907964,"[0.648993090628059, 0.19939763909408434, -0.40690796449787325]","[0.6489966446293206, -0.0014544035142831215, -0.2168605029965824]",0.552632881,-0.148107249,-0.47,"[0.5526328813579047, -0.14810724856806584, -0.47]","[0.0, 0.0, 0.0]",grasp_object,blue_placement_platform,"[0.5578565207073767, -0.1458318068955968, 0.4924920899892044]","[0.55, -0.15, 0.45]",0.005697723,0.008893748,0.008893748,,,TRUE,place_trajectory,75,510,1010,510,1010,4.47E-06,1.19E-06,2.10E-06,,TRUE,,FALSE,"[0.6504007970022356, 0.1999100829723338]",0.001498077,0.650400797,0.199910083,0.001407706,0.000512444,,57.52892756,1.28563571,0.027528524,2.73048377,0.189728737,35.04730487,52.93138957,4,11,moveit_wrapper_v1,52.93138957,/home/wei/code/learning_thousand_tasks/demo_library/rollout_trajectories/rollout_anchor_place_20260812_002338.json,/home/wei/code/learning_thousand_tasks/demo_library/rollout_trajectories/anchor_replay_input_anchor_place_20260812_002338.json,/home/wei/code/learning_thousand_tasks/demo_library/scene_packages/live_anchor_place_trial_anchor_place_20260812_002338_relation.json,,,,,,,,-0.417047771,-0.415955735,0.009047771,-0.406907964,3,"[0.6499999999999082, 0.2000000000003518, 0.4724999999995868]","[0.6499999999999082, 0.2000000000003518, """"]",0.07,0.07,7,"[0.07, 0.07, 0.02]",8.893747882,-5.66E-12,-5.66E-12,0.089559969,0.089559969,0.089559969,90,TRUE,FALSE
2026/8/12 3:39,anchor_place_20260812_033820,anchor_pick_place,pick the green cube and place it on the blue platform,x055_y_-015cm,1,full,target_anchor,stage_replay,success,TRUE,TRUE,TRUE,,,,,explicit_demo_id,cube_place_on_blue_platform_10cm,,,cube,"[0.043798278272151936, 0.05353665351867676, 0.04165685176849365]",grasp_object,"[0.6499999999999082, 0.2000000000003518, """"]","[0.6499999999999082, 0.2000000000003518, 0.4724999999995868]","[0.6499999999999082, 0.2000000000003518, 0.4724999999995868]",gazebo_world_xy_only,base,,,"[0.6489848321134788, 0.1994002435763415, -0.4576150168554832]",0.001179099,0.648984832,0.199400244,-0.457615017,blue_placement_platform,"[0.55, -0.15, """"]","[0.55, -0.15, 0.45]","[0.550823075298188, -0.15015718078129325, -0.47]",0.000837949,0.550823075,-0.150157181,-0.47,"[0.55, -0.15, 0.45]",gazebo_world_xy_only,base,,,,,,,,,,0.648984832,0.199400244,-0.406910395,"[0.6489848321134788, 0.1994002435763415, -0.4069103945868064]","[0.6489966446293206, -0.0014544035142831215, -0.2168605029965824]",0.550823075,-0.150157181,-0.47,"[0.550823075298188, -0.15015718078129325, -0.47]","[0.0, 0.0, 0.0]",grasp_object,blue_placement_platform,"[0.5556993194726374, -0.1516124800532244, 0.49249801119050024]","[0.55, -0.15, 0.45]",0.005088777,0.005923034,0.005923034,,,TRUE,place_trajectory,75,510,1307,510,1307,1.39E-06,2.99E-07,5.45E-07,,TRUE,,FALSE,"[0.6503821990146135, 0.1986590222324044]",0.001581785,0.650382199,0.198659022,0.001397367,-0.000741221,,48.48356581,1.943537235,0.00993228,2.839635611,0.174026489,28.67083597,43.40133834,4,10,moveit_wrapper_v1,43.40133834,/home/wei/code/learning_thousand_tasks/demo_library/rollout_trajectories/rollout_anchor_place_20260812_033820.json,/home/wei/code/learning_thousand_tasks/demo_library/rollout_trajectories/anchor_replay_input_anchor_place_20260812_033820.json,/home/wei/code/learning_thousand_tasks/demo_library/scene_packages/live_anchor_place_trial_anchor_place_20260812_033820_relation.json,,,,,,,,-0.417047771,-0.415958165,0.009047771,-0.406910395,3,"[0.6499999999999082, 0.2000000000003518, 0.4724999999995868]","[0.6499999999999082, 0.2000000000003518, """"]",0.08,0.08,8,"[0.08, 0.08, 0.02]",5.92303422,-6.05E-12,-6.05E-12,2.681637136,2.681637136,2.681637136,90,TRUE,TRUE
2026/8/12 3:42,anchor_place_20260812_034135,anchor_pick_place,pick the green cube and place it on the blue platform,x055_y_-015cm,2,full,target_anchor,stage_replay,success,TRUE,TRUE,TRUE,,,,,explicit_demo_id,cube_place_on_blue_platform_10cm,,,cube,"[0.04327787309885023, 0.053396233916282676, 0.03523898124694824]",grasp_object,"[0.6499999999999082, 0.2000000000003518, """"]","[0.6499999999999082, 0.2000000000003518, 0.4724999999995868]","[0.6499999999999082, 0.2000000000003518, 0.4724999999995868]",gazebo_world_xy_only,base,,,"[0.6485357106090133, 0.19914017905822023, -0.4571146911791076]",0.001698068,0.648535711,0.199140179,-0.457114691,blue_placement_platform,"[0.55, -0.15, """"]","[0.55, -0.15, 0.45]","[0.5507097925398653, -0.15057212099800377, -0.47]",0.000911662,0.550709793,-0.150572121,-0.47,"[0.55, -0.15, 0.45]",gazebo_world_xy_only,base,,,,,,,,,,0.648535711,0.199140179,-0.412827939,"[0.6485357106090133, 0.19914017905822023, -0.41282793943197615]","[0.6489966446293206, -0.0014544035142831215, -0.2168605029965824]",0.550709793,-0.150572121,-0.47,"[0.5507097925398653, -0.15057212099800377, -0.47]","[0.0, 0.0, 0.0]",grasp_object,blue_placement_platform,"[0.5476633263073482, -0.14967557383333177, 0.49249681398449974]","[0.55, -0.15, 0.45]",0.00317565,0.002359088,0.002359088,,,TRUE,place_trajectory,75,510,1307,510,1307,0.000399683,9.72E-05,0.000184174,,TRUE,,FALSE,"[0.6499843511529521, 0.19980547962732276]",0.001594109,0.649984351,0.19980548,0.001448641,0.000665301,,47.7337172,0.60684371,0.0018332,1.399948359,0.134153843,30.30655694,45.31008315,4,11,moveit_wrapper_v1,45.31008315,/home/wei/code/learning_thousand_tasks/demo_library/rollout_trajectories/rollout_anchor_place_20260812_034135.json,/home/wei/code/learning_thousand_tasks/demo_library/rollout_trajectories/anchor_replay_input_anchor_place_20260812_034135.json,/home/wei/code/learning_thousand_tasks/demo_library/scene_packages/live_anchor_place_trial_anchor_place_20260812_034135_relation.json,,,,,,,,-0.417047771,-0.42187571,0.009047771,-0.412827939,3,"[0.6499999999999082, 0.2000000000003518, 0.4724999999995868]","[0.6499999999999082, 0.2000000000003518, """"]",0.08,0.08,8,"[0.08, 0.08, 0.02]",2.359088019,-6.05E-12,-6.05E-12,-14.8098606,14.8098606,14.8098606,90,TRUE,TRUE
2026/8/12 3:45,anchor_place_20260812_034430,anchor_pick_place,pick the green cube and place it on the blue platform,x055_y_-015cm,3,full,target_anchor,stage_replay,success,TRUE,TRUE,TRUE,,,,,explicit_demo_id,cube_place_on_blue_platform_10cm,,,cube,"[0.0438014455139637, 0.05353748798370361, 0.041656494140625]",grasp_object,"[0.6499999999999082, 0.2000000000003518, """"]","[0.6499999999999082, 0.2000000000003518, 0.4724999999995868]","[0.6499999999999082, 0.2000000000003518, 0.4724999999995868]",gazebo_world_xy_only,base,,,"[0.6489790312353809, 0.19940129309476326, -0.45761637644402103]",0.001183565,0.648979031,0.199401293,-0.457616376,blue_placement_platform,"[0.55, -0.15, """"]","[0.55, -0.15, 0.45]","[0.5508237468244287, -0.15015471739321862, -0.47]",0.000838151,0.550823747,-0.150154717,-0.47,"[0.55, -0.15, 0.45]",gazebo_world_xy_only,base,,,,,,,,,,0.648979031,0.199401293,-0.406912112,"[0.6489790312353809, 0.19940129309476326, -0.40691211180321285]","[0.6489966446293206, -0.0014544035142831215, -0.2168605029965824]",0.550823747,-0.150154717,-0.47,"[0.5508237468244287, -0.15015471739321862, -0.47]","[0.0, 0.0, 0.0]",grasp_object,blue_placement_platform,"[0.5608634429148177, -0.14642861397345522, 0.4924979833964585]","[0.55, -0.15, 0.45]",0.010708844,0.011435436,0.011435436,,,TRUE,place_trajectory,75,510,1307,510,1307,7.66E-07,1.70E-07,4.35E-07,,TRUE,,FALSE,"[0.6496306520811082, 0.19954334608720703]",0.000666925,0.649630652,0.199543346,0.000651621,0.000142053,,47.13016367,0.938757896,0.00856781,2.059206486,0.116257429,29.58708405,43.77951956,4,10,moveit_wrapper_v1,43.77951956,/home/wei/code/learning_thousand_tasks/demo_library/rollout_trajectories/rollout_anchor_place_20260812_034430.json,/home/wei/code/learning_thousand_tasks/demo_library/rollout_trajectories/anchor_replay_input_anchor_place_20260812_034430.json,/home/wei/code/learning_thousand_tasks/demo_library/scene_packages/live_anchor_place_trial_anchor_place_20260812_034430_relation.json,,,,,,,,-0.417047771,-0.415959882,0.009047771,-0.406912112,3,"[0.6499999999999082, 0.2000000000003518, 0.4724999999995868]","[0.6499999999999082, 0.2000000000003518, """"]",0.08,0.08,8,"[0.08, 0.08, 0.02]",11.43543572,-5.82E-12,-5.82E-12,-0.081361155,0.081361155,0.081361155,90,TRUE,TRUE
2026/8/12 5:32,anchor_place_20260812_053115,anchor_pick_place,pick the green cube and place it on the blue platform,x055_y_-015cm,4,full,target_anchor,stage_replay,success,TRUE,TRUE,TRUE,,,,,explicit_demo_id,cube_place_on_blue_platform_10cm,,,cube,"[0.04380128309130668, 0.053537467122077964, 0.0416567325592041]",grasp_object,"[0.6499999999999082, 0.2000000000003518, """"]","[0.6499999999999082, 0.2000000000003518, 0.4724999999995868]","[0.6499999999999082, 0.2000000000003518, 0.4724999999995868]",gazebo_world_xy_only,base,,,"[0.6489791156017608, 0.19940167266310765, -0.4576161189832844]",0.001183301,0.648979116,0.199401673,-0.457616119,blue_placement_platform,"[0.55, -0.15, """"]","[0.55, -0.15, 0.45]","[0.5508237151726689, -0.150154833503681, -0.47]",0.000838141,0.550823715,-0.150154834,-0.47,"[0.55, -0.15, 0.45]",gazebo_world_xy_only,base,,,,,,,,,,0.648979116,0.199401673,-0.406911616,"[0.6489791156017608, 0.19940167266310765, -0.40691161592389713]","[0.6489966446293206, -0.0014544035142831215, -0.2168605029965824]",0.550823715,-0.150154834,-0.47,"[0.5508237151726689, -0.150154833503681, -0.47]","[0.0, 0.0, 0.0]",grasp_object,blue_placement_platform,"[0.554824261701429, -0.14669272788002405, 0.4924980138457345]","[0.55, -0.15, 0.45]",0.005290609,0.005849064,0.005849064,,,TRUE,place_trajectory,75,510,1307,510,1307,6.74E-07,1.82E-07,5.07E-07,,TRUE,,FALSE,"[0.6510664910064483, 0.19934484853374457]",0.002088149,0.651066491,0.199344849,0.002087375,-5.68E-05,,48.60485101,1.90086627,0.009570599,2.231627226,0.175895929,29.72239518,44.01271844,4,10,moveit_wrapper_v1,44.01271844,/home/wei/code/learning_thousand_tasks/demo_library/rollout_trajectories/rollout_anchor_place_20260812_053115.json,/home/wei/code/learning_thousand_tasks/demo_library/rollout_trajectories/anchor_replay_input_anchor_place_20260812_053115.json,/home/wei/code/learning_thousand_tasks/demo_library/scene_packages/live_anchor_place_trial_anchor_place_20260812_053115_relation.json,,,,,,,,-0.417047771,-0.415959386,0.009047771,-0.406911616,3,"[0.6499999999999082, 0.2000000000003518, 0.4724999999995868]","[0.6499999999999082, 0.2000000000003518, """"]",0.08,0.08,8,"[0.08, 0.08, 0.02]",5.849064014,-5.81E-12,-5.81E-12,1.425314058,1.425314058,1.425314058,90,TRUE,TRUE
2026/8/12 5:37,anchor_place_20260812_053643,anchor_pick_place,pick the green cube and place it on the blue platform,x05_y_0cm,1,full,target_anchor,stage_replay,success,TRUE,TRUE,TRUE,,,,,explicit_demo_id,cube_place_on_blue_platform_10cm,,,cube,"[0.04380265176296236, 0.05353766679763794, 0.0416567325592041]",grasp_object,"[0.6499999999999082, 0.2000000000003518, """"]","[0.6499999999999082, 0.2000000000003518, 0.4724999999995868]","[0.6499999999999082, 0.2000000000003518, 0.4724999999995868]",gazebo_world_xy_only,base,,,"[0.6489767611777135, 0.19940188384592705, -0.4576167264085343]",0.001185226,0.648976761,0.199401884,-0.457616726,blue_placement_platform,"[0.85, 0.0, """"]","[0.85, 0.0, 0.45]","[0.85254655129095, 0.003117041321265227, -0.47]",0.00402503,0.852546551,0.003117041,-0.47,"[0.85, 0.0, 0.45]",gazebo_world_xy_only,base,,,,,,,,,,0.648976761,0.199401884,-0.406912223,"[0.6489767611777135, 0.19940188384592705, -0.406912223349147]","[0.6489966446293206, -0.0014544035142831215, -0.2168605029965824]",0.852546551,0.003117041,-0.47,"[0.85254655129095, 0.003117041321265227, -0.47]","[0.0, 0.0, 0.0]",grasp_object,blue_placement_platform,"[0.8496811286838201, 9.5337090536838e-06, 0.4924974666081505]","[0.85, 0.0, 0.45]",0.004226967,0.000319014,0.000319014,,,TRUE,place_trajectory,75,510,695,510,695,1.58E-06,3.77E-07,8.31E-07,,TRUE,,FALSE,"[0.6517664269558705, 0.19682847227785638]",0.00379535,0.651766427,0.196828472,0.002789666,-0.002573412,,52.53595328,1.756746292,0.003189325,2.455500364,0.162639618,33.91164517,47.92401314,4,10,moveit_wrapper_v1,47.92401314,/home/wei/code/learning_thousand_tasks/demo_library/rollout_trajectories/rollout_anchor_place_20260812_053643.json,/home/wei/code/learning_thousand_tasks/demo_library/rollout_trajectories/anchor_replay_input_anchor_place_20260812_053643.json,/home/wei/code/learning_thousand_tasks/demo_library/scene_packages/live_anchor_place_trial_anchor_place_20260812_053643_relation.json,,,,,,,,-0.417047771,-0.415959994,0.009047771,-0.406912223,3,"[0.6499999999999082, 0.2000000000003518, 0.4724999999995868]","[0.6499999999999082, 0.2000000000003518, """"]",0.08,0.08,8,"[0.08, 0.08, 0.02]",0.319013805,-5.83E-12,-5.83E-12,127.9893638,37.9893638,127.9893638,90,TRUE,TRUE
2026/8/12 5:41,anchor_place_20260812_054052,anchor_pick_place,pick the green cube and place it on the blue platform,x05_y_0cm,2,full,target_anchor,stage_replay,success,TRUE,TRUE,TRUE,,,,,explicit_demo_id,cube_place_on_blue_platform_10cm,,,cube,"[0.04380165562033653, 0.05353748798370361, 0.04165679812431344]",grasp_object,"[0.6499999999999082, 0.2000000000003518, """"]","[0.6499999999999082, 0.2000000000003518, 0.4724999999995868]","[0.6499999999999082, 0.2000000000003518, 0.4724999999995868]",gazebo_world_xy_only,base,,,"[0.648978725087799, 0.19940149474954882, -0.4576164845912715]",0.001183728,0.648978725,0.199401495,-0.457616485,blue_placement_platform,"[0.85, 0.0, """"]","[0.85, 0.0, 0.45]","[0.8525465553253143, 0.003115937680983235, -0.47]",0.004024178,0.852546555,0.003115938,-0.47,"[0.85, 0.0, 0.45]",gazebo_world_xy_only,base,,,,,,,,,,0.648978725,0.199401495,-0.406911916,"[0.648978725087799, 0.19940149474954882, -0.4069119159667749]","[0.6489966446293206, -0.0014544035142831215, -0.2168605029965824]",0.852546555,0.003115938,-0.47,"[0.8525465553253143, 0.003115937680983235, -0.47]","[0.0, 0.0, 0.0]",grasp_object,blue_placement_platform,"[0.8684495308914709, 0.006287041898245637, 0.4925000001119437]","[0.85, 0.0, 0.45]",0.016216058,0.019491334,0.019491334,,,TRUE,place_trajectory,75,510,695,510,695,9.26E-07,2.44E-07,6.56E-07,,TRUE,,FALSE,"[0.6493342399788544, 0.1971026744516728]",0.002326148,0.64933424,0.197102674,0.000355515,-0.00229882,,50.87996078,0.774026871,0.008253336,1.191579342,0.159581184,34.16434002,48.48910761,4,10,moveit_wrapper_v1,48.48910761,/home/wei/code/learning_thousand_tasks/demo_library/rollout_trajectories/rollout_anchor_place_20260812_054052.json,/home/wei/code/learning_thousand_tasks/demo_library/rollout_trajectories/anchor_replay_input_anchor_place_20260812_054052.json,/home/wei/code/learning_thousand_tasks/demo_library/scene_packages/live_anchor_place_trial_anchor_place_20260812_054052_relation.json,,,,,,,,-0.417047771,-0.415959686,0.009047771,-0.406911916,3,"[0.6499999999999082, 0.2000000000003518, 0.4724999999995868]","[0.6499999999999082, 0.2000000000003518, """"]",0.08,0.08,8,"[0.08, 0.08, 0.02]",19.49133361,-5.35E-12,-5.35E-12,1.288855351,1.288855351,1.288855351,90,TRUE,FALSE
2026/8/12 5:44,anchor_place_20260812_054333,anchor_pick_place,pick the green cube and place it on the blue platform,x05_y_0cm,3,full,target_anchor,stage_replay,success,TRUE,TRUE,TRUE,,,,,explicit_demo_id,cube_place_on_blue_platform_10cm,,,cube,"[0.04380009546875954, 0.05353689193725586, 0.0416567325592041]",grasp_object,"[0.6499999999999082, 0.2000000000003518, """"]","[0.6499999999999082, 0.2000000000003518, 0.4724999999995868]","[0.6499999999999082, 0.2000000000003518, 0.4724999999995868]",gazebo_world_xy_only,base,,,"[0.6489814901150133, 0.1994005369728603, -0.4576154553484227]",0.001181828,0.64898149,0.199400537,-0.457615455,blue_placement_platform,"[0.85, 0.0, """"]","[0.85, 0.0, 0.45]","[0.8525465631178825, 0.003113804839316195, -0.47]",0.004022532,0.852546563,0.003113805,-0.47,"[0.85, 0.0, 0.45]",gazebo_world_xy_only,base,,,,,,,,,,0.64898149,0.199400537,-0.406910952,"[0.6489814901150133, 0.1994005369728603, -0.4069109522890354]","[0.6489966446293206, -0.0014544035142831215, -0.2168605029965824]",0.852546563,0.003113805,-0.47,"[0.8525465631178825, 0.003113804839316195, -0.47]","[0.0, 0.0, 0.0]",grasp_object,blue_placement_platform,"[0.8563222784686315, 0.005592945450817845, 0.49250000024281243]","[0.85, 0.0, 0.45]",0.004516876,0.008441104,0.008441104,,,TRUE,place_trajectory,75,510,695,510,695,3.44E-07,1.68E-07,4.87E-07,,TRUE,,FALSE,"[0.6506006791013145, 0.20019463882060562]",0.001803433,0.650600679,0.200194639,0.001619189,0.000794102,,51.6861608,0.827569962,0.002089977,1.861623049,0.142819166,34.65354991,48.68545127,4,10,moveit_wrapper_v1,48.68545127,/home/wei/code/learning_thousand_tasks/demo_library/rollout_trajectories/rollout_anchor_place_20260812_054333.json,/home/wei/code/learning_thousand_tasks/demo_library/rollout_trajectories/anchor_replay_input_anchor_place_20260812_054333.json,/home/wei/code/learning_thousand_tasks/demo_library/scene_packages/live_anchor_place_trial_anchor_place_20260812_054333_relation.json,,,,,,,,-0.417047771,-0.415958723,0.009047771,-0.406910952,3,"[0.6499999999999082, 0.2000000000003518, 0.4724999999995868]","[0.6499999999999082, 0.2000000000003518, """"]",0.08,0.08,8,"[0.08, 0.08, 0.02]",8.441104421,-5.79E-12,-5.79E-12,-0.673548698,0.673548698,0.673548698,90,TRUE,TRUE
2026/8/12 5:47,anchor_place_20260812_054617,anchor_pick_place,pick the green cube and place it on the blue platform,x05_y_0cm,4,full,target_anchor,stage_replay,success,TRUE,TRUE,TRUE,,,,,explicit_demo_id,cube_place_on_blue_platform_10cm,,,cube,"[0.04380256906151772, 0.05353766679763794, 0.04165685176849365]",grasp_object,"[0.6499999999999082, 0.2000000000003518, """"]","[0.6499999999999082, 0.2000000000003518, 0.4724999999995868]","[0.6499999999999082, 0.2000000000003518, 0.4724999999995868]",gazebo_world_xy_only,base,,,"[0.6489768926655455, 0.1994018759482749, -0.4576167264085346]",0.001185116,0.648976893,0.199401876,-0.457616726,blue_placement_platform,"[0.85, 0.0, """"]","[0.85, 0.0, 0.45]","[0.8525465514828069, 0.003116988845769879, -0.47]",0.00402499,0.852546551,0.003116989,-0.47,"[0.85, 0.0, 0.45]",gazebo_world_xy_only,base,,,,,,,,,,0.648976893,0.199401876,-0.406912104,"[0.6489768926655455, 0.1994018759482749, -0.4069121041398578]","[0.6489966446293206, -0.0014544035142831215, -0.2168605029965824]",0.852546551,0.003116989,-0.47,"[0.8525465514828069, 0.003116988845769879, -0.47]","[0.0, 0.0, 0.0]",grasp_object,blue_placement_platform,"[0.8695107605068736, 0.00507089353462585, 0.49250000011075223]","[0.85, 0.0, 0.45]",0.017076362,0.020158962,0.020158962,,,TRUE,place_trajectory,75,510,695,510,695,1.54E-06,3.73E-07,8.53E-07,,TRUE,,FALSE,"[0.6499981605799228, 0.19853542891264964]",0.001339298,0.649998161,0.198535429,0.001021268,-0.000866447,,51.69764447,0.646065712,0.024922848,1.79674077,0.111009836,35.01863599,48.91042304,4,10,moveit_wrapper_v1,48.91042304,/home/wei/code/learning_thousand_tasks/demo_library/rollout_trajectories/rollout_anchor_place_20260812_054617.json,/home/wei/code/learning_thousand_tasks/demo_library/rollout_trajectories/anchor_replay_input_anchor_place_20260812_054617.json,/home/wei/code/learning_thousand_tasks/demo_library/scene_packages/live_anchor_place_trial_anchor_place_20260812_054617_relation.json,,,,,,,,-0.417047771,-0.415959875,0.009047771,-0.406912104,3,"[0.6499999999999082, 0.2000000000003518, 0.4724999999995868]","[0.6499999999999082, 0.2000000000003518, """"]",0.08,0.08,8,"[0.08, 0.08, 0.02]",20.1589617,-5.30E-12,-5.30E-12,0.837928353,0.837928353,0.837928353,90,TRUE,FALSE
2026/8/12 5:50,anchor_place_20260812_055010,anchor_pick_place,pick the green cube and place it on the blue platform,x065_y_0cm,1,full,target_anchor,stage_replay,success,TRUE,TRUE,TRUE,,,,,explicit_demo_id,cube_place_on_blue_platform_10cm,,,cube,"[0.04380179792642594, 0.05353754758834839, 0.04165661334991455]",grasp_object,"[0.6499999999999082, 0.2000000000003518, """"]","[0.6499999999999082, 0.2000000000003518, 0.4724999999995868]","[0.6499999999999082, 0.2000000000003518, 0.4724999999995868]",gazebo_world_xy_only,base,,,"[0.6489781893474951, 0.199401794045091, -0.45761639136077276]",0.001184039,0.648978189,0.199401794,-0.457616391,blue_placement_platform,"[0.65, 0.0, """"]","[0.65, 0.0, 0.45]","[0.6519810050060962, 0.0026974463320277578, -0.47]",0.003346729,0.651981005,0.002697446,-0.47,"[0.65, 0.0, 0.45]",gazebo_world_xy_only,base,,,,,,,,,,0.648978189,0.199401794,-0.406912008,"[0.6489781893474951, 0.199401794045091, -0.406912007510675]","[0.6489966446293206, -0.0014544035142831215, -0.2168605029965824]",0.651981005,0.002697446,-0.47,"[0.6519810050060962, 0.0026974463320277578, -0.47]","[0.0, 0.0, 0.0]",grasp_object,blue_placement_platform,"[0.6526843255397331, 0.00028306549443904774, 0.49249263640777013]","[0.65, 0.0, 0.45]",0.002514735,0.002699209,0.002699209,,,TRUE,place_trajectory,75,510,1023,510,1023,9.97E-07,2.31E-07,5.00E-07,,TRUE,,FALSE,"[0.6507314147519236, 0.1987124983288969]",0.00188386,0.650731415,0.198712498,0.001753225,-0.000689296,,47.63921356,1.003269672,0.008586884,2.267550707,0.13424468,29.37781811,44.01926851,4,10,moveit_wrapper_v1,44.01926851,/home/wei/code/learning_thousand_tasks/demo_library/rollout_trajectories/rollout_anchor_place_20260812_055010.json,/home/wei/code/learning_thousand_tasks/demo_library/rollout_trajectories/anchor_replay_input_anchor_place_20260812_055010.json,/home/wei/code/learning_thousand_tasks/demo_library/scene_packages/live_anchor_place_trial_anchor_place_20260812_055010_relation.json,,,,,,,,-0.417047771,-0.415959778,0.009047771,-0.406912008,3,"[0.6499999999999082, 0.2000000000003518, 0.4724999999995868]","[0.6499999999999082, 0.2000000000003518, """"]",0.08,0.08,8,"[0.08, 0.08, 0.02]",2.699209084,-5.75E-12,-5.75E-12,-8.095257529,8.095257529,8.095257529,90,TRUE,TRUE
2026/8/12 5:54,anchor_place_20260812_055337,anchor_pick_place,pick the green cube and place it on the blue platform,x065_y_0cm,2,full,target_anchor,stage_replay,success,TRUE,TRUE,TRUE,,,,,explicit_demo_id,cube_place_on_blue_platform_10cm,,,cube,"[0.043798278272151936, 0.05353665351867676, 0.04165685176849365]",grasp_object,"[0.6499999999999082, 0.2000000000003518, """"]","[0.6499999999999082, 0.2000000000003518, 0.4724999999995868]","[0.6499999999999082, 0.2000000000003518, 0.4724999999995868]",gazebo_world_xy_only,base,,,"[0.6489849060568307, 0.1993999882441425, -0.45761501685548367]",0.001179165,0.648984906,0.199399988,-0.457615017,blue_placement_platform,"[0.65, 0.0, """"]","[0.65, 0.0, 0.45]","[0.6519810190126323, 0.002694058782484156, -0.47]",0.003344008,0.651981019,0.002694059,-0.47,"[0.65, 0.0, 0.45]",gazebo_world_xy_only,base,,,,,,,,,,0.648984906,0.199399988,-0.406910395,"[0.6489849060568307, 0.1993999882441425, -0.40691039458680683]","[0.6489966446293206, -0.0014544035142831215, -0.2168605029965824]",0.651981019,0.002694059,-0.47,"[0.6519810190126323, 0.002694058782484156, -0.47]","[0.0, 0.0, 0.0]",grasp_object,blue_placement_platform,"[0.6629041869683674, 0.0049029926376093205, 0.4924976140150669]","[0.65, 0.0, 0.45]",0.01114428,0.013804252,0.013804252,,,TRUE,place_trajectory,75,510,1023,510,1023,1.39E-06,2.99E-07,5.45E-07,,TRUE,,FALSE,"[0.650238751890958, 0.19952467847592464]",0.001260031,0.650238752,0.199524678,0.001253846,0.00012469,,47.10974002,0.724734306,0.002208948,1.746925831,0.157177448,30.02690482,44.17966795,4,11,moveit_wrapper_v1,44.17966795,/home/wei/code/learning_thousand_tasks/demo_library/rollout_trajectories/rollout_anchor_place_20260812_055337.json,/home/wei/code/learning_thousand_tasks/demo_library/rollout_trajectories/anchor_replay_input_anchor_place_20260812_055337.json,/home/wei/code/learning_thousand_tasks/demo_library/scene_packages/live_anchor_place_trial_anchor_place_20260812_055337_relation.json,,,,,,,,-0.417047771,-0.415958165,0.009047771,-0.406910395,3,"[0.6499999999999082, 0.2000000000003518, 0.4724999999995868]","[0.6499999999999082, 0.2000000000003518, """"]",0.08,0.08,8,"[0.08, 0.08, 0.02]",13.80425218,-5.84E-12,-5.84E-12,-0.089575872,0.089575872,0.089575872,90,TRUE,FALSE
2026/8/12 5:57,anchor_place_20260812_055653,anchor_pick_place,pick the green cube and place it on the blue platform,x065_y_08cm,3,full,target_anchor,stage_replay,success,TRUE,TRUE,TRUE,,,,,explicit_demo_id,cube_place_on_blue_platform_10cm,,,cube,"[0.04380113780498504, 0.05353728830814364, 0.04165661334991455]",grasp_object,"[0.6499999999999082, 0.2000000000003518, """"]","[0.6499999999999082, 0.2000000000003518, 0.4724999999995868]","[0.6499999999999082, 0.2000000000003518, 0.4724999999995868]",gazebo_world_xy_only,base,,,"[0.6489796115096015, 0.1994010755549533, -0.4576160125041922]",0.001183175,0.648979612,0.199401076,-0.457616013,blue_placement_platform,"[0.65, 0.0, """"]","[0.65, 0.0, 0.45]","[0.6519810091864083, 0.0026964357485448377, -0.47]",0.003345917,0.651981009,0.002696436,-0.47,"[0.65, 0.0, 0.45]",gazebo_world_xy_only,base,,,,,,,,,,0.648979612,0.199401076,-0.406911629,"[0.6489796115096015, 0.1994010755549533, -0.40691162865409447]","[0.6489966446293206, -0.0014544035142831215, -0.2168605029965824]",0.651981009,0.002696436,-0.47,"[0.6519810091864083, 0.0026964357485448377, -0.47]","[0.0, 0.0, 0.0]",grasp_object,blue_placement_platform,"[0.6619860304770545, 0.004923885137299176, 0.4924944999030237]","[0.65, 0.0, 0.45]",0.010249975,0.012957993,0.012957993,,,TRUE,place_trajectory,75,510,1023,510,1023,5.37E-07,1.33E-07,2.46E-07,,TRUE,,FALSE,"[0.6490615271724067, 0.1980541993493526]",0.001349365,0.649061527,0.198054199,8.19E-05,-0.001346876,,44.26562524,0.68944025,0.001276255,0.956015348,0.137913704,28.28960204,42.37685823,4,10,moveit_wrapper_v1,42.37685823,/home/wei/code/learning_thousand_tasks/demo_library/rollout_trajectories/rollout_anchor_place_20260812_055653.json,/home/wei/code/learning_thousand_tasks/demo_library/rollout_trajectories/anchor_replay_input_anchor_place_20260812_055653.json,/home/wei/code/learning_thousand_tasks/demo_library/scene_packages/live_anchor_place_trial_anchor_place_20260812_055653_relation.json,,,,,,,,-0.417047771,-0.415959399,0.009047771,-0.406911629,3,"[0.6499999999999082, 0.2000000000003518, 0.4724999999995868]","[0.6499999999999082, 0.2000000000003518, """"]",0.08,0.08,8,"[0.08, 0.08, 0.02]",12.95799257,-6.05E-12,-6.05E-12,0.214041042,0.214041042,0.214041042,90,TRUE,TRUE
2026/8/12 6:04,anchor_place_20260812_060413,anchor_pick_place,pick the green cube and place it on the blue platform,x065_y_08cm,4,full,target_anchor,stage_replay,success,TRUE,TRUE,TRUE,,,,,explicit_demo_id,cube_place_on_blue_platform_10cm,,,cube,"[0.043801862001419084, 0.053537607192993164, 0.0416567325592041]",grasp_object,"[0.6499999999999082, 0.2000000000003518, """"]","[0.6499999999999082, 0.2000000000003518, 0.4724999999995868]","[0.6499999999999082, 0.2000000000003518, 0.4724999999995868]",gazebo_world_xy_only,base,,,"[0.6489782368301912, 0.1994020177438857, -0.45761657012155055]",0.001183885,0.648978237,0.199402018,-0.45761657,blue_placement_platform,"[0.65, 0.0, """"]","[0.65, 0.0, 0.45]","[0.6519810041478855, 0.0026976537561983153, -0.47]",0.003346896,0.651981004,0.002697654,-0.47,"[0.65, 0.0, 0.45]",gazebo_world_xy_only,base,,,,,,,,,,0.648978237,0.199402018,-0.406912067,"[0.6489782368301912, 0.1994020177438857, -0.40691206706216326]","[0.6489966446293206, -0.0014544035142831215, -0.2168605029965824]",0.651981004,0.002697654,-0.47,"[0.6519810041478855, 0.0026976537561983153, -0.47]","[0.0, 0.0, 0.0]",grasp_object,blue_placement_platform,"[0.6642319920307221, 0.004614766956409143, 0.49249838601216717]","[0.65, 0.0, 0.45]",0.012400082,0.014961473,0.014961473,,,TRUE,place_trajectory,75,510,1023,510,1023,1.09E-06,3.17E-07,6.76E-07,,TRUE,,FALSE,"[0.649433279344218, 0.20086044413343584]",0.001527767,0.649433279,0.200860444,0.000455043,0.001458426,,44.79546833,0.638404608,0.002099276,1.343595982,0.161025286,29.11172557,42.42281938,4,10,moveit_wrapper_v1,42.42281938,/home/wei/code/learning_thousand_tasks/demo_library/rollout_trajectories/rollout_anchor_place_20260812_060413.json,/home/wei/code/learning_thousand_tasks/demo_library/rollout_trajectories/anchor_replay_input_anchor_place_20260812_060413.json,/home/wei/code/learning_thousand_tasks/demo_library/scene_packages/live_anchor_place_trial_anchor_place_20260812_060413_relation.json,,,,,,,,-0.417047771,-0.415959838,0.009047771,-0.406912067,3,"[0.6499999999999082, 0.2000000000003518, 0.4724999999995868]","[0.6499999999999082, 0.2000000000003518, """"]",0.08,0.08,8,"[0.08, 0.08, 0.02]",14.9614729,-5.24E-12,-5.24E-12,0.801554989,0.801554989,0.801554989,90,TRUE,FALSE
2026/8/12 6:09,anchor_place_20260812_060830,anchor_pick_place,pick the green cube and place it on the blue platform,x075_y_-025_8cm,1,full,target_anchor,stage_replay,success,TRUE,TRUE,TRUE,,,,,explicit_demo_id,cube_place_on_blue_platform_10cm,,,cube,"[0.04380113780498504, 0.05353728830814364, 0.04165661334991455]",grasp_object,"[0.6499999999999082, 0.2000000000003518, """"]","[0.6499999999999082, 0.2000000000003518, 0.4724999999995868]","[0.6499999999999082, 0.2000000000003518, 0.4724999999995868]",gazebo_world_xy_only,base,,,"[0.6489795963720315, 0.19940112556445816, -0.457616012504192]",0.001183163,0.648979596,0.199401126,-0.457616013,blue_placement_platform,"[0.75, -0.25, """"]","[0.75, -0.25, 0.45]","[0.7506592579632472, -0.247769066823788, -0.47]",0.002326303,0.750659258,-0.247769067,-0.47,"[0.75, -0.25, 0.45]",gazebo_world_xy_only,base,,,,,,,,,,0.648979596,0.199401126,-0.406911629,"[0.6489795963720315, 0.19940112556445816, -0.40691162865409425]","[0.6489966446293206, -0.0014544035142831215, -0.2168605029965824]",0.750659258,-0.247769067,-0.47,"[0.7506592579632472, -0.247769066823788, -0.47]","[0.0, 0.0, 0.0]",grasp_object,blue_placement_platform,"[0.7507087825616109, -0.24716825823326327, 0.49249790189623543]","[0.75, -0.25, 0.45]",0.000602846,0.002919098,0.002919098,,,TRUE,place_trajectory,75,510,855,510,855,5.37E-07,1.33E-07,2.46E-07,,TRUE,,FALSE,"[0.6514879726166555, 0.19811164848280793]",0.002820408,0.651487973,0.198111648,0.002508376,-0.001289477,,50.9997642,0.604221106,0.002371311,1.585061073,0.123068571,34.08567691,48.55146575,4,10,moveit_wrapper_v1,48.55146575,/home/wei/code/learning_thousand_tasks/demo_library/rollout_trajectories/rollout_anchor_place_20260812_060830.json,/home/wei/code/learning_thousand_tasks/demo_library/rollout_trajectories/anchor_replay_input_anchor_place_20260812_060830.json,/home/wei/code/learning_thousand_tasks/demo_library/scene_packages/live_anchor_place_trial_anchor_place_20260812_060830_relation.json,,,,,,,,-0.417047771,-0.415959399,0.009047771,-0.406911629,3,"[0.6499999999999082, 0.2000000000003518, 0.4724999999995868]","[0.6499999999999082, 0.2000000000003518, """"]",0.08,0.08,8,"[0.08, 0.08, 0.02]",2.919098175,-5.74E-12,-5.74E-12,-7.981490889,7.981490889,7.981490889,90,TRUE,TRUE
2026/8/12 6:12,anchor_place_20260812_061135,anchor_pick_place,pick the green cube and place it on the blue platform,x075_y_-025_8cm,2,full,target_anchor,stage_replay,success,TRUE,TRUE,TRUE,,,,,explicit_demo_id,cube_place_on_blue_platform_10cm,,,cube,"[0.04343283101916312, 0.05343900024890902, 0.039309024810791016]",grasp_object,"[0.6499999999999082, 0.2000000000003518, """"]","[0.6499999999999082, 0.2000000000003518, 0.4724999999995868]","[0.6499999999999082, 0.2000000000003518, 0.4724999999995868]",gazebo_world_xy_only,base,,,"[0.6489602199818884, 0.19921706182839632, -0.45709680176605266]",0.001301589,0.64896022,0.199217062,-0.457096802,blue_placement_platform,"[0.75, -0.25, """"]","[0.75, -0.25, 0.45]","[0.750526811371117, -0.24816997693872572, -0.47]",0.001904341,0.750526811,-0.248169977,-0.47,"[0.75, -0.25, 0.45]",gazebo_world_xy_only,base,,,,,,,,,,0.64896022,0.199217062,-0.408740006,"[0.6489602199818884, 0.19921706182839632, -0.40874000645507846]","[0.6489966446293206, -0.0014544035142831215, -0.2168605029965824]",0.750526811,-0.248169977,-0.47,"[0.750526811371117, -0.24816997693872572, -0.47]","[0.0, 0.0, 0.0]",grasp_object,blue_placement_platform,"[0.7590984738918458, -0.2512861894688793, 0.49250000024328605]","[0.75, -0.25, 0.45]",0.009120536,0.009188934,0.009188934,,,TRUE,place_trajectory,75,510,855,510,855,0.000288047,6.75E-05,0.000125693,,TRUE,,FALSE,"[0.6505603786664069, 0.19976478975051282]",0.001691305,0.650560379,0.19976479,0.001600159,0.000547728,,54.01839828,0.96828866,0.004862785,2.146791697,0.142000914,35.32517648,50.52257276,4,11,moveit_wrapper_v1,50.52257276,/home/wei/code/learning_thousand_tasks/demo_library/rollout_trajectories/rollout_anchor_place_20260812_061135.json,/home/wei/code/learning_thousand_tasks/demo_library/rollout_trajectories/anchor_replay_input_anchor_place_20260812_061135.json,/home/wei/code/learning_thousand_tasks/demo_library/scene_packages/live_anchor_place_trial_anchor_place_20260812_061135_relation.json,,,,,,,,-0.417047771,-0.417787777,0.009047771,-0.408740006,3,"[0.6499999999999082, 0.2000000000003518, 0.4724999999995868]","[0.6499999999999082, 0.2000000000003518, """"]",0.08,0.08,8,"[0.08, 0.08, 0.02]",9.188934134,-5.80E-12,-5.80E-12,6.267925227,6.267925227,6.267925227,90,TRUE,TRUE
2026/8/12 6:14,anchor_place_20260812_061403,anchor_pick_place,pick the green cube and place it on the blue platform,x075_y_-025_8cm,3,full,target_anchor,stage_replay,success,TRUE,TRUE,TRUE,,,,,explicit_demo_id,cube_place_on_blue_platform_10cm,,,cube,"[0.04380189552903174, 0.05353748798370361, 0.04165685176849365]",grasp_object,"[0.6499999999999082, 0.2000000000003518, """"]","[0.6499999999999082, 0.2000000000003518, 0.4724999999995868]","[0.6499999999999082, 0.2000000000003518, 0.4724999999995868]",gazebo_world_xy_only,base,,,"[0.6489779897891981, 0.19940152798098654, -0.4576164234029435]",0.001184345,0.64897799,0.199401528,-0.457616423,blue_placement_platform,"[0.75, -0.25, """"]","[0.75, -0.25, 0.45]","[0.7506595301594113, -0.24776824215689092, -0.47]",0.002327171,0.75065953,-0.247768242,-0.47,"[0.75, -0.25, 0.45]",gazebo_world_xy_only,base,,,,,,,,,,0.64897799,0.199401528,-0.406911801,"[0.6489779897891981, 0.19940152798098654, -0.40691180113426667]","[0.6489966446293206, -0.0014544035142831215, -0.2168605029965824]",0.75065953,-0.247768242,-0.47,"[0.7506595301594113, -0.24776824215689092, -0.47]","[0.0, 0.0, 0.0]",grasp_object,blue_placement_platform,"[0.7577980678307157, -0.2435717141440537, 0.49249687953769566]","[0.75, -0.25, 0.45]",0.008280674,0.010106073,0.010106073,,,TRUE,place_trajectory,75,510,855,510,855,1.05E-06,2.46E-07,5.05E-07,,TRUE,,FALSE,"[0.6506123360606773, 0.19971109484581798]",0.001663406,0.650612336,0.199711095,0.001634346,0.000309567,,52.3875463,0.769966602,0.004322767,1.71694684,0.164264679,35.11795068,49.5079875,4,10,moveit_wrapper_v1,49.5079875,/home/wei/code/learning_thousand_tasks/demo_library/rollout_trajectories/rollout_anchor_place_20260812_061403.json,/home/wei/code/learning_thousand_tasks/demo_library/rollout_trajectories/anchor_replay_input_anchor_place_20260812_061403.json,/home/wei/code/learning_thousand_tasks/demo_library/scene_packages/live_anchor_place_trial_anchor_place_20260812_061403_relation.json,,,,,,,,-0.417047771,-0.415959572,0.009047771,-0.406911801,3,"[0.6499999999999082, 0.2000000000003518, 0.4724999999995868]","[0.6499999999999082, 0.2000000000003518, """"]",0.08,0.08,8,"[0.08, 0.08, 0.02]",10.10607347,-5.77E-12,-5.77E-12,1.012137079,1.012137079,1.012137079,90,TRUE,TRUE
2026/8/12 6:17,anchor_place_20260812_061638,anchor_pick_place,pick the green cube and place it on the blue platform,x075_y_-025_8cm,4,full,target_anchor,stage_replay,success,TRUE,TRUE,TRUE,,,,,explicit_demo_id,cube_place_on_blue_platform_10cm,,,cube,"[0.043802376836538315, 0.053537607192993164, 0.041656494140625]",grasp_object,"[0.6499999999999082, 0.2000000000003518, """"]","[0.6499999999999082, 0.2000000000003518, 0.4724999999995868]","[0.6499999999999082, 0.2000000000003518, 0.4724999999995868]",gazebo_world_xy_only,base,,,"[0.6489773603231781, 0.19940173954940338, -0.457616846661896]",0.001184782,0.64897736,0.19940174,-0.457616847,blue_placement_platform,"[0.75, -0.25, """"]","[0.75, -0.25, 0.45]","[0.7506596800666024, -0.24776778798498036, -0.47]",0.002327649,0.75065968,-0.247767788,-0.47,"[0.75, -0.25, 0.45]",gazebo_world_xy_only,base,,,,,,,,,,0.64897736,0.19940174,-0.406912582,"[0.6489773603231781, 0.19940173954940338, -0.4069125820210878]","[0.6489966446293206, -0.0014544035142831215, -0.2168605029965824]",0.75065968,-0.247767788,-0.47,"[0.7506596800666024, -0.24776778798498036, -0.47]","[0.0, 0.0, 0.0]",grasp_object,blue_placement_platform,"[0.7565295547542527, -0.2545102430014218, 0.4924976533365466]","[0.75, -0.25, 0.45]",0.008939582,0.007935829,0.007935829,,,TRUE,place_trajectory,75,510,855,510,855,1.39E-06,3.34E-07,7.08E-07,,TRUE,,FALSE,"[0.6507379809339133, 0.2007132323993699]",0.002195404,0.650737981,0.200713232,0.001760621,0.001311493,,53.75889778,0.780683517,0.001732111,2.047026157,0.217530012,35.96872091,50.64910388,4,10,moveit_wrapper_v1,50.64910388,/home/wei/code/learning_thousand_tasks/demo_library/rollout_trajectories/rollout_anchor_place_20260812_061638.json,/home/wei/code/learning_thousand_tasks/demo_library/rollout_trajectories/anchor_replay_input_anchor_place_20260812_061638.json,/home/wei/code/learning_thousand_tasks/demo_library/scene_packages/live_anchor_place_trial_anchor_place_20260812_061638_relation.json,,,,,,,,-0.417047771,-0.415960353,0.009047771,-0.406912582,3,"[0.6499999999999082, 0.2000000000003518, 0.4724999999995868]","[0.6499999999999082, 0.2000000000003518, """"]",0.08,0.08,8,"[0.08, 0.08, 0.02]",7.935828704,-5.27E-12,-5.27E-12,1.820184463,1.820184463,1.820184463,90,TRUE,TRUE
2026/8/12 6:22,anchor_place_20260812_062112,anchor_pick_place,pick the green cube and place it on the blue platform,x075_y_-025_5cm,1,full,target_anchor,stage_replay,success,TRUE,TRUE,TRUE,,,,,explicit_demo_id,cube_place_on_blue_platform_10cm,,,cube,"[0.04380094408988952, 0.05353726148605353, 0.04165685176849365]",grasp_object,"[0.6499999999999082, 0.2000000000003518, """"]","[0.6499999999999082, 0.2000000000003518, 0.4724999999995868]","[0.6499999999999082, 0.2000000000003518, 0.4724999999995868]",gazebo_world_xy_only,base,,,"[0.6489799980742517, 0.1994010099982306, -0.45761601129231066]",0.001182875,0.648979998,0.19940101,-0.457616011,blue_placement_platform,"[0.75, -0.25, """"]","[0.75, -0.25, 0.45]","[0.7530682654708134, -0.24790752727295037, -0.47]",0.003713852,0.753068265,-0.247907527,-0.47,"[0.75, -0.25, 0.45]",gazebo_world_xy_only,base,,,,,,,,,,0.648979998,0.19940101,-0.406911389,"[0.6489799980742517, 0.1994010099982306, -0.40691138902363383]","[0.6489966446293206, -0.0014544035142831215, -0.2168605029965824]",0.753068265,-0.247907527,-0.47,"[0.7530682654708134, -0.24790752727295037, -0.47]","[0.0, 0.0, 0.0]",grasp_object,blue_placement_platform,"[0.7545958871654195, -0.2468770491002697, 0.49249584110167943]","[0.75, -0.25, 0.45]",0.001842692,0.005556528,0.005556528,,,TRUE,place_trajectory,75,510,399,510,399,4.30E-07,1.30E-07,2.61E-07,,TRUE,,FALSE,"[0.6506662593295309, 0.1982497274869832]",0.002041795,0.650666259,0.198249727,0.001686261,-0.001151283,,51.93074083,0.819622993,0.005824566,2.069615841,0.1425488,34.18566275,48.66428161,4,10,moveit_wrapper_v1,48.66428161,/home/wei/code/learning_thousand_tasks/demo_library/rollout_trajectories/rollout_anchor_place_20260812_062112.json,/home/wei/code/learning_thousand_tasks/demo_library/rollout_trajectories/anchor_replay_input_anchor_place_20260812_062112.json,/home/wei/code/learning_thousand_tasks/demo_library/scene_packages/live_anchor_place_trial_anchor_place_20260812_062112_relation.json,,,,,,,,-0.417047771,-0.41595916,0.009047771,-0.406911389,3,"[0.6499999999999082, 0.2000000000003518, 0.4724999999995868]","[0.6499999999999082, 0.2000000000003518, """"]",0.05,0.05,5,"[0.05, 0.05, 0.02]",5.556527797,-5.76E-12,-5.76E-12,-11.00058901,11.00058901,11.00058901,90,TRUE,FALSE
2026/8/12 6:24,anchor_place_20260812_062346,anchor_pick_place,pick the green cube and place it on the blue platform,x075_y_-025_5cm,2,full,target_anchor,stage_replay,success,TRUE,TRUE,TRUE,,,,,explicit_demo_id,cube_place_on_blue_platform_10cm,,,cube,"[0.04380001947283746, 0.05353689193725586, 0.04165685176849365]",grasp_object,"[0.6499999999999082, 0.2000000000003518, """"]","[0.6499999999999082, 0.2000000000003518, 0.4724999999995868]","[0.6499999999999082, 0.2000000000003518, 0.4724999999995868]",gazebo_world_xy_only,base,,,"[0.6489816218427855, 0.19940059382435982, -0.4576155431313301]",0.001181686,0.648981622,0.199400594,-0.457615543,blue_placement_platform,"[0.75, -0.25, """"]","[0.75, -0.25, 0.45]","[0.7530677738425287, -0.24790902068635723, -0.47]",0.003712604,0.753067774,-0.247909021,-0.47,"[0.75, -0.25, 0.45]",gazebo_world_xy_only,base,,,,,,,,,,0.648981622,0.199400594,-0.406910921,"[0.6489816218427855, 0.19940059382435982, -0.4069109208626533]","[0.6489966446293206, -0.0014544035142831215, -0.2168605029965824]",0.753067774,-0.247909021,-0.47,"[0.7530677738425287, -0.24790902068635723, -0.47]","[0.0, 0.0, 0.0]",grasp_object,blue_placement_platform,"[0.761104953145628, -0.24703205499486822, 0.4924979293018172]","[0.75, -0.25, 0.45]",0.008084882,0.011494724,0.011494724,,,TRUE,place_trajectory,75,510,399,510,399,3.21E-07,1.18E-07,4.60E-07,,TRUE,,FALSE,"[0.6498141813723366, 0.1992943196283643]",0.000839315,0.649814181,0.19929432,0.00083256,-0.000106274,,52.99787021,0.768144369,0.002128839,2.155380964,0.151195765,35.09769773,49.80697274,4,10,moveit_wrapper_v1,49.80697274,/home/wei/code/learning_thousand_tasks/demo_library/rollout_trajectories/rollout_anchor_place_20260812_062346.json,/home/wei/code/learning_thousand_tasks/demo_library/rollout_trajectories/anchor_replay_input_anchor_place_20260812_062346.json,/home/wei/code/learning_thousand_tasks/demo_library/scene_packages/live_anchor_place_trial_anchor_place_20260812_062346_relation.json,,,,,,,,-0.417047771,-0.415958691,0.009047771,-0.406910921,3,"[0.6499999999999082, 0.2000000000003518, 0.4724999999995868]","[0.6499999999999082, 0.2000000000003518, """"]",0.05,0.05,5,"[0.05, 0.05, 0.02]",11.49472409,-5.78E-12,-5.78E-12,0.246960341,0.246960341,0.246960341,90,TRUE,FALSE
2026/8/12 6:26,anchor_place_20260812_062605,anchor_pick_place,pick the green cube and place it on the blue platform,x075_y_-025_5cm,3,full,target_anchor,stage_replay,success,TRUE,TRUE,TRUE,,,,,explicit_demo_id,cube_place_on_blue_platform_10cm,,,cube,"[0.043788883835077286, 0.05353391170501709, 0.041656494140625]",grasp_object,"[0.6499999999999082, 0.2000000000003518, """"]","[0.6499999999999082, 0.2000000000003518, 0.4724999999995868]","[0.6499999999999082, 0.2000000000003518, 0.4724999999995868]",gazebo_world_xy_only,base,,,"[0.6490027934274447, 0.19939482981123444, -0.4576099317026139]",0.00116647,0.649002793,0.19939483,-0.457609932,blue_placement_platform,"[0.75, -0.25, """"]","[0.75, -0.25, 0.45]","[0.7530740350069686, -0.24811247645680187, -0.47]",0.003607275,0.753074035,-0.248112476,-0.47,"[0.75, -0.25, 0.45]",gazebo_world_xy_only,base,,,,,,,,,,0.649002793,0.19939483,-0.406905667,"[0.6490027934274447, 0.19939482981123444, -0.4069056670618057]","[0.6489966446293206, -0.0014544035142831215, -0.2168605029965824]",0.753074035,-0.248112476,-0.47,"[0.7530740350069686, -0.24811247645680187, -0.47]","[0.0, 0.0, 0.0]",grasp_object,blue_placement_platform,"[0.759484111524116, -0.24773386115548784, 0.4924914624814867]","[0.75, -0.25, 0.45]",0.006421248,0.00975109,0.00975109,,,TRUE,place_trajectory,75,510,399,510,399,8.19E-06,2.17E-06,4.02E-06,,TRUE,,FALSE,"[0.6482619208546152, 0.19808181061338948]",0.001507618,0.648261921,0.198081811,-0.000740873,-0.001313019,,49.47406054,0.553122759,0.015655518,1.764818192,0.130696774,32.83738613,46.81320739,4,10,moveit_wrapper_v1,46.81320739,/home/wei/code/learning_thousand_tasks/demo_library/rollout_trajectories/rollout_anchor_place_20260812_062605.json,/home/wei/code/learning_thousand_tasks/demo_library/rollout_trajectories/anchor_replay_input_anchor_place_20260812_062605.json,/home/wei/code/learning_thousand_tasks/demo_library/scene_packages/live_anchor_place_trial_anchor_place_20260812_062605_relation.json,,,,,,,,-0.417047771,-0.415953438,0.009047771,-0.406905667,3,"[0.6499999999999082, 0.2000000000003518, 0.4724999999995868]","[0.6499999999999082, 0.2000000000003518, """"]",0.05,0.05,5,"[0.05, 0.05, 0.02]",9.751090024,-5.82E-12,-5.82E-12,1.158939963,1.158939963,1.158939963,90,TRUE,FALSE
2026/8/12 6:29,anchor_place_20260812_062820,anchor_pick_place,pick the green cube and place it on the blue platform,x075_y_-025_5cm,4,full,target_anchor,stage_replay,success,TRUE,TRUE,TRUE,,,,,explicit_demo_id,cube_place_on_blue_platform_10cm,,,cube,"[0.04380092769861221, 0.05353722274303441, 0.04165685176849365]",grasp_object,"[0.6499999999999082, 0.2000000000003518, """"]","[0.6499999999999082, 0.2000000000003518, 0.4724999999995868]","[0.6499999999999082, 0.2000000000003518, 0.4724999999995868]",gazebo_world_xy_only,base,,,"[0.6489797457751609, 0.19940099700050712, -0.45761599588307256]",0.001183099,0.648979746,0.199400997,-0.457615996,blue_placement_platform,"[0.75, -0.25, """"]","[0.75, -0.25, 0.45]","[0.7530680994592815, -0.24790803156532376, -0.47]",0.003713431,0.753068099,-0.247908032,-0.47,"[0.75, -0.25, 0.45]",gazebo_world_xy_only,base,,,,,,,,,,0.648979746,0.199400997,-0.406911374,"[0.6489797457751609, 0.19940099700050712, -0.4069113736143957]","[0.6489966446293206, -0.0014544035142831215, -0.2168605029965824]",0.753068099,-0.247908032,-0.47,"[0.7530680994592815, -0.24790803156532376, -0.47]","[0.0, 0.0, 0.0]",grasp_object,blue_placement_platform,"[0.7531324690108773, -0.2446849895498791, 0.4924924687668454]","[0.75, -0.25, 0.45]",0.003223685,0.006169416,0.006169416,,,TRUE,place_trajectory,75,510,399,510,399,4.00E-07,7.10E-08,2.19E-07,,TRUE,,FALSE,"[0.6507011202627191, 0.2006039534307687]",0.002100056,0.65070112,0.200603953,0.001721374,0.001202956,,51.48563933,0.585706234,0.025185108,1.878600359,0.17160821,34.5855844,48.63817573,4,10,moveit_wrapper_v1,48.63817573,/home/wei/code/learning_thousand_tasks/demo_library/rollout_trajectories/rollout_anchor_place_20260812_062820.json,/home/wei/code/learning_thousand_tasks/demo_library/rollout_trajectories/anchor_replay_input_anchor_place_20260812_062820.json,/home/wei/code/learning_thousand_tasks/demo_library/scene_packages/live_anchor_place_trial_anchor_place_20260812_062820_relation.json,,,,,,,,-0.417047771,-0.415959144,0.009047771,-0.406911374,3,"[0.6499999999999082, 0.2000000000003518, 0.4724999999995868]","[0.6499999999999082, 0.2000000000003518, """"]",0.05,0.05,5,"[0.05, 0.05, 0.02]",6.169416357,-5.74E-12,-5.74E-12,1.040393896,1.040393896,1.040393896,90,TRUE,FALSE
2026/8/12 22:10,anchor_place_20260812_220954,anchor_pick_place,pick the green cube and place it on the blue platform,x085_y_0_5cm,1,full,target_anchor,stage_replay,success,TRUE,TRUE,TRUE,,,,,explicit_demo_id,cube_place_on_blue_platform_10cm,,,cube,"[0.04379952624440192, 0.05353665351867676, 0.04165685176849365]",grasp_object,"[0.6499999999999082, 0.2000000000003518, """"]","[0.6499999999999082, 0.2000000000003518, 0.4724999999995868]","[0.6499999999999082, 0.2000000000003518, 0.4724999999995868]",gazebo_world_xy_only,base,,,"[0.6489825694560851, 0.19940021943522526, -0.4576149480673764]",0.00118106,0.648982569,0.199400219,-0.457614948,blue_placement_platform,"[0.85, 0.0, """"]","[0.85, 0.0, 0.45]","[0.8531746067116499, 0.003031213125326615, -0.47]",0.004389349,0.853174607,0.003031213,-0.47,"[0.85, 0.0, 0.45]",gazebo_world_xy_only,base,,,,,,,,,,0.648982569,0.199400219,-0.406910326,"[0.6489825694560851, 0.19940021943522526, -0.40691032579869957]","[0.6489966446293206, -0.0014544035142831215, -0.2168605029965824]",0.853174607,0.003031213,-0.47,"[0.8531746067116499, 0.003031213125326615, -0.47]","[0.0, 0.0, 0.0]",grasp_object,blue_placement_platform,"[0.9018325219248274, 0.0034759805565844322, 0.4724915797241128]","[0.85, 0.0, 0.45]",0.048659948,0.051948944,0.051948944,,,TRUE,place_trajectory,75,510,325,510,325,7.13E-07,2.77E-07,5.21E-07,,TRUE,,FALSE,"[0.6514285718538083, 0.19821327909893183]",0.002718778,0.651428572,0.198213279,0.002446002,-0.00118694,,54.45273376,1.874527931,0.003664732,2.385475874,0.123799562,35.05032778,49.81575274,4,10,moveit_wrapper_v1,49.81575274,/home/wei/code/learning_thousand_tasks/demo_library/rollout_trajectories/rollout_anchor_place_20260812_220954.json,/home/wei/code/learning_thousand_tasks/demo_library/rollout_trajectories/anchor_replay_input_anchor_place_20260812_220954.json,/home/wei/code/learning_thousand_tasks/demo_library/scene_packages/live_anchor_place_trial_anchor_place_20260812_220954_relation.json,,,,,,,,-0.417047771,-0.415958096,0.009047771,-0.406910326,3,"[0.6499999999999082, 0.2000000000003518, 0.4724999999995868]","[0.6499999999999082, 0.2000000000003518, """"]",0.05,0.05,5,"[0.05, 0.05, 0.02]",51.94894388,-5.83E-12,-5.83E-12,-177.7689032,2.231096751,177.7689032,90,TRUE,FALSE
2026/8/12 22:13,anchor_place_20260812_221248,anchor_pick_place,pick the green cube and place it on the blue platform,x085_y_0_5cm,2,full,target_anchor,stage_replay,success,TRUE,TRUE,TRUE,,,,,explicit_demo_id,cube_place_on_blue_platform_10cm,,,cube,"[0.043800545483827585, 0.05353724956512451, 0.04165685176849365]",grasp_object,"[0.6499999999999082, 0.2000000000003518, """"]","[0.6499999999999082, 0.2000000000003518, 0.4724999999995868]","[0.6499999999999082, 0.2000000000003518, 0.4724999999995868]",gazebo_world_xy_only,base,,,"[0.6489805403054736, 0.19940084749422143, -0.45761566724816033]",0.00118249,0.64898054,0.199400847,-0.457615667,blue_placement_platform,"[0.85, 0.0, """"]","[0.85, 0.0, 0.45]","[0.8531746016674031, 0.003032632562203874, -0.47]",0.004390325,0.853174602,0.003032633,-0.47,"[0.85, 0.0, 0.45]",gazebo_world_xy_only,base,,,,,,,,,,0.64898054,0.199400847,-0.406911045,"[0.6489805403054736, 0.19940084749422143, -0.4069110449794835]","[0.6489966446293206, -0.0014544035142831215, -0.2168605029965824]",0.853174602,0.003032633,-0.47,"[0.8531746016674031, 0.003032632562203874, -0.47]","[0.0, 0.0, 0.0]",grasp_object,blue_placement_platform,"[0.8611666666826385, 0.005501052493859808, 0.4924915996078875]","[0.85, 0.0, 0.45]",0.00836458,0.012448133,0.012448133,,,TRUE,place_trajectory,75,510,325,510,325,1.93E-07,7.69E-08,4.27E-07,,TRUE,,FALSE,"[0.6496192700878158, 0.1997269803675853]",0.000717174,0.64961927,0.19972698,0.00063873,0.000326133,,52.89287233,0.620917797,0.001323462,2.042007923,0.186759472,35.71986198,49.94599223,4,10,moveit_wrapper_v1,49.94599223,/home/wei/code/learning_thousand_tasks/demo_library/rollout_trajectories/rollout_anchor_place_20260812_221248.json,/home/wei/code/learning_thousand_tasks/demo_library/rollout_trajectories/anchor_replay_input_anchor_place_20260812_221248.json,/home/wei/code/learning_thousand_tasks/demo_library/scene_packages/live_anchor_place_trial_anchor_place_20260812_221248_relation.json,,,,,,,,-0.417047771,-0.415958815,0.009047771,-0.406911045,3,"[0.6499999999999082, 0.2000000000003518, 0.4724999999995868]","[0.6499999999999082, 0.2000000000003518, """"]",0.05,0.05,5,"[0.05, 0.05, 0.02]",12.44813333,-5.27E-12,-5.27E-12,-2.549265112,2.549265112,2.549265112,90,TRUE,FALSE
2026/8/12 22:16,anchor_place_20260812_221534,anchor_pick_place,pick the green cube and place it on the blue platform,x085_y_0_5cm,3,full,target_anchor,stage_replay,success,TRUE,TRUE,TRUE,,,,,explicit_demo_id,cube_place_on_blue_platform_10cm,,,cube,"[0.04380140602588653, 0.05353728830814364, 0.04165637493133545]",grasp_object,"[0.6499999999999082, 0.2000000000003518, """"]","[0.6499999999999082, 0.2000000000003518, 0.4724999999995868]","[0.6499999999999082, 0.2000000000003518, 0.4724999999995868]",gazebo_world_xy_only,base,,,"[0.6489788430895942, 0.19940161029799647, -0.45761597844717233]",0.001183567,0.648978843,0.19940161,-0.457615978,blue_placement_platform,"[0.85, 0.0, """"]","[0.85, 0.0, 0.45]","[0.853174596287925, 0.003034145601047533, -0.47]",0.004391367,0.853174596,0.003034146,-0.47,"[0.85, 0.0, 0.45]",gazebo_world_xy_only,base,,,,,,,,,,0.648978843,0.19940161,-0.406911833,"[0.6489788430895942, 0.19940161029799647, -0.4069118330156537]","[0.6489966446293206, -0.0014544035142831215, -0.2168605029965824]",0.853174596,0.003034146,-0.47,"[0.853174596287925, 0.003034145601047533, -0.47]","[0.0, 0.0, 0.0]",grasp_object,blue_placement_platform,"[0.8457629912614227, 0.0034849151315499184, 0.49249532804826796]","[0.85, 0.0, 0.45]",0.0074253,0.005486062,0.005486062,,,TRUE,place_trajectory,75,510,325,510,325,7.00E-07,1.37E-07,2.81E-07,,TRUE,,FALSE,"[0.6519609064776265, 0.19810182786911437]",0.00325302,0.651960906,0.198101828,0.002982063,-0.001299782,,51.79050827,0.737263441,0.039274454,1.278755188,0.112749577,35.63309407,49.51799989,4,10,moveit_wrapper_v1,49.51799989,/home/wei/code/learning_thousand_tasks/demo_library/rollout_trajectories/rollout_anchor_place_20260812_221534.json,/home/wei/code/learning_thousand_tasks/demo_library/rollout_trajectories/anchor_replay_input_anchor_place_20260812_221534.json,/home/wei/code/learning_thousand_tasks/demo_library/scene_packages/live_anchor_place_trial_anchor_place_20260812_221534_relation.json,,,,,,,,-0.417047771,-0.415959604,0.009047771,-0.406911833,3,"[0.6499999999999082, 0.2000000000003518, 0.4724999999995868]","[0.6499999999999082, 0.2000000000003518, """"]",0.05,0.05,5,"[0.05, 0.05, 0.02]",5.486062023,-5.76E-12,-5.76E-12,-5.628406611,5.628406611,5.628406611,90,TRUE,FALSE
2026/8/12 22:19,anchor_place_20260812_221903,anchor_pick_place,pick the green cube and place it on the blue platform,x085_y_0_5cm,4,full,target_anchor,stage_replay,success,TRUE,TRUE,TRUE,,,,,explicit_demo_id,cube_place_on_blue_platform_10cm,,,cube,"[0.04323699697852135, 0.053385245800018355, 0.03523898124694824]",grasp_object,"[0.6499999999999082, 0.2000000000003518, """"]","[0.6499999999999082, 0.2000000000003518, 0.4724999999995868]","[0.6499999999999082, 0.2000000000003518, 0.4724999999995868]",gazebo_world_xy_only,base,,,"[0.6486100529830804, 0.1991206654462223, -0.4572281763777211]",0.001644744,0.648610053,0.199120665,-0.457228176,blue_placement_platform,"[0.85, 0.0, """"]","[0.85, 0.0, 0.45]","[0.8532687720577296, 0.001772007888967475, -0.47]",0.003718183,0.853268772,0.001772008,-0.47,"[0.85, 0.0, 0.45]",gazebo_world_xy_only,base,,,,,,,,,,0.648610053,0.199120665,-0.412941425,"[0.6486100529830804, 0.1991206654462223, -0.4129414246305897]","[0.6489966446293206, -0.0014544035142831215, -0.2168605029965824]",0.853268772,0.001772008,-0.47,"[0.8532687720577296, 0.001772007888967475, -0.47]","[0.0, 0.0, 0.0]",grasp_object,blue_placement_platform,"[0.8674930138565066, 0.013369021991581756, 0.49249893948727747]","[0.85, 0.0, 0.45]",0.018352651,0.022016727,0.022016727,,,TRUE,place_trajectory,75,510,325,510,325,0.000422238,0.000104656,0.000198483,,TRUE,,FALSE,"[0.6511099544029122, 0.19949791618279622]",0.002528206,0.651109954,0.199497916,0.002499901,0.000377251,,52.44979501,0.567750692,0.004678965,1.817037106,0.142954111,35.39923358,49.70473242,4,11,moveit_wrapper_v1,49.70473242,/home/wei/code/learning_thousand_tasks/demo_library/rollout_trajectories/rollout_anchor_place_20260812_221903.json,/home/wei/code/learning_thousand_tasks/demo_library/rollout_trajectories/anchor_replay_input_anchor_place_20260812_221903.json,/home/wei/code/learning_thousand_tasks/demo_library/scene_packages/live_anchor_place_trial_anchor_place_20260812_221903_relation.json,,,,,,,,-0.417047771,-0.421989195,0.009047771,-0.412941425,3,"[0.6499999999999082, 0.2000000000003518, 0.4724999999995868]","[0.6499999999999082, 0.2000000000003518, """"]",0.05,0.05,5,"[0.05, 0.05, 0.02]",22.01672734,-5.82E-12,-5.82E-12,-1.156789989,1.156789989,1.156789989,90,TRUE,FALSE
2026/8/14 5:07,anchor_place_20260814_050712,anchor_pick_place,pick the green cube and place it on the blue platform,x065_y_0_5cm,1,full,target_anchor,stage_replay,success,TRUE,TRUE,TRUE,,,,,explicit_demo_id,cube_place_on_blue_platform_10cm,,,cube,"[0.043800105154514324, 0.05353701114654541, 0.04165661334991455]",grasp_object,"[0.6499999999999082, 0.2000000000003518, """"]","[0.6499999999999082, 0.2000000000003518, 0.4724999999995868]","[0.6499999999999082, 0.2000000000003518, 0.4724999999995868]",gazebo_world_xy_only,base,,,"[0.6489812147784879, 0.19940111811557787, -0.4576156136654909]",0.001181771,0.648981215,0.199401118,-0.457615614,blue_placement_platform,"[0.65, 0.0, """"]","[0.65, 0.0, 0.45]","[0.6523800813644048, 0.0027914064476184663, -0.47]",0.003668343,0.652380081,0.002791406,-0.47,"[0.65, 0.0, 0.45]",gazebo_world_xy_only,base,,,,,,,,,,0.648981215,0.199401118,-0.40691123,"[0.6489812147784879, 0.19940111811557787, -0.4069112298153932]","[0.6489966446293206, -0.0014544035142831215, -0.2168605029965824]",0.652380081,0.002791406,-0.47,"[0.6523800813644048, 0.0027914064476184663, -0.47]","[0.0, 0.0, 0.0]",grasp_object,blue_placement_platform,"[0.6596522033119485, -0.0021327949118921876, 0.4925000001658703]","[0.65, 0.0, 0.45]",0.008782455,0.009885031,0.009885031,,,TRUE,place_trajectory,75,510,471,510,471,2.29E-07,1.00E-07,2.59E-07,,TRUE,,FALSE,"[0.6510602397229532, 0.2012131347615251]",0.002757852,0.65106024,0.201213135,0.002079025,0.001812017,,48.96096301,2.35931778,0.011359453,2.632031202,0.145352602,28.9189136,43.51153445,4,10,moveit_wrapper_v1,43.51153445,/home/wei/code/learning_thousand_tasks/demo_library/rollout_trajectories/rollout_anchor_place_20260814_050712.json,/home/wei/code/learning_thousand_tasks/demo_library/rollout_trajectories/anchor_replay_input_anchor_place_20260814_050712.json,/home/wei/code/learning_thousand_tasks/demo_library/scene_packages/live_anchor_place_trial_anchor_place_20260814_050712_relation.json,,,,,,,,-0.417047771,-0.415959,0.009047771,-0.40691123,3,"[0.6499999999999082, 0.2000000000003518, 0.4724999999995868]","[0.6499999999999082, 0.2000000000003518, """"]",0.05,0.05,5,"[0.05, 0.05, 0.02]",9.885031255,-5.22E-12,-5.22E-12,-2.890274169,2.890274169,2.890274169,90,TRUE,FALSE
2026/8/14 5:11,anchor_place_20260814_051034,anchor_pick_place,pick the green cube and place it on the blue platform,x065_y_0_5cm,2,full,target_anchor,stage_replay,success,TRUE,TRUE,TRUE,,,,,explicit_demo_id,cube_place_on_blue_platform_10cm,,,cube,"[0.04379925653338432, 0.05353665351867676, 0.04165661334991455]",grasp_object,"[0.6499999999999082, 0.2000000000003518, """"]","[0.6499999999999082, 0.2000000000003518, 0.4724999999995868]","[0.6499999999999082, 0.2000000000003518, 0.4724999999995868]",gazebo_world_xy_only,base,,,"[0.6489830566471277, 0.19940007669676385, -0.4576149456594505]",0.001180712,0.648983057,0.199400077,-0.457614946,blue_placement_platform,"[0.65, 0.0, """"]","[0.65, 0.0, 0.45]","[0.6523800856789739, 0.0027903979069035245, -0.47]",0.003667578,0.652380086,0.002790398,-0.47,"[0.65, 0.0, 0.45]",gazebo_world_xy_only,base,,,,,,,,,,0.648983057,0.199400077,-0.406910562,"[0.6489830566471277, 0.19940007669676385, -0.40691056180935276]","[0.6489966446293206, -0.0014544035142831215, -0.2168605029965824]",0.652380086,0.002790398,-0.47,"[0.6523800856789739, 0.0027903979069035245, -0.47]","[0.0, 0.0, 0.0]",grasp_object,blue_placement_platform,"[0.6623601212714872, -0.0010576856179275167, 0.49250000028764496]","[0.65, 0.0, 0.45]",0.010696208,0.012405293,0.012405293,,,TRUE,place_trajectory,75,510,471,510,471,8.60E-07,2.91E-07,5.39E-07,,TRUE,,FALSE,"[0.6510261985111547, 0.19999002264399743]",0.002126609,0.651026199,0.199990023,0.002043142,0.000589946,,47.01111245,0.853368998,0.001282692,1.881914139,0.204843044,29.41440535,43.79659438,4,10,moveit_wrapper_v1,43.79659438,/home/wei/code/learning_thousand_tasks/demo_library/rollout_trajectories/rollout_anchor_place_20260814_051034.json,/home/wei/code/learning_thousand_tasks/demo_library/rollout_trajectories/anchor_replay_input_anchor_place_20260814_051034.json,/home/wei/code/learning_thousand_tasks/demo_library/scene_packages/live_anchor_place_trial_anchor_place_20260814_051034_relation.json,,,,,,,,-0.417047771,-0.415958332,0.009047771,-0.406910562,3,"[0.6499999999999082, 0.2000000000003518, 0.4724999999995868]","[0.6499999999999082, 0.2000000000003518, """"]",0.05,0.05,5,"[0.05, 0.05, 0.02]",12.40529309,-5.27E-12,-5.27E-12,-0.097673205,0.097673205,0.097673205,90,TRUE,FALSE
2026/8/14 5:13,anchor_place_20260814_051248,anchor_pick_place,pick the green cube and place it on the blue platform,x065_y_0_5cm,3,full,target_anchor,stage_replay,success,TRUE,TRUE,TRUE,,,,,explicit_demo_id,cube_place_on_blue_platform_10cm,,,cube,"[0.04380189552903174, 0.05353748798370361, 0.04165685176849365]",grasp_object,"[0.6499999999999082, 0.2000000000003518, """"]","[0.6499999999999082, 0.2000000000003518, 0.4724999999995868]","[0.6499999999999082, 0.2000000000003518, 0.4724999999995868]",gazebo_world_xy_only,base,,,"[0.6489779843507748, 0.1994015465836399, -0.4576164234029435]",0.001184341,0.648977984,0.199401547,-0.457616423,blue_placement_platform,"[0.65, 0.0, """"]","[0.65, 0.0, 0.45]","[0.6523800743493005, 0.0027930454677714545, -0.47]",0.003669585,0.652380074,0.002793045,-0.47,"[0.65, 0.0, 0.45]",gazebo_world_xy_only,base,,,,,,,,,,0.648977984,0.199401547,-0.406911801,"[0.6489779843507748, 0.1994015465836399, -0.40691180113426667]","[0.6489966446293206, -0.0014544035142831215, -0.2168605029965824]",0.652380074,0.002793045,-0.47,"[0.6523800743493005, 0.0027930454677714545, -0.47]","[0.0, 0.0, 0.0]",grasp_object,blue_placement_platform,"[0.6579440880148908, 0.005680673832868548, 0.49249847709353317]","[0.65, 0.0, 0.45]",0.006268704,0.009766196,0.009766196,,,TRUE,place_trajectory,75,510,471,510,471,1.05E-06,2.46E-07,5.05E-07,,TRUE,,FALSE,"[0.6504680635194597, 0.19979787410276817]",0.001541886,0.650468064,0.199797874,0.001490079,0.000396328,,46.48091197,0.751768112,0.002899885,1.958091259,0.172347069,29.62892246,43.50405002,4,10,moveit_wrapper_v1,43.50405002,/home/wei/code/learning_thousand_tasks/demo_library/rollout_trajectories/rollout_anchor_place_20260814_051248.json,/home/wei/code/learning_thousand_tasks/demo_library/rollout_trajectories/anchor_replay_input_anchor_place_20260814_051248.json,/home/wei/code/learning_thousand_tasks/demo_library/scene_packages/live_anchor_place_trial_anchor_place_20260814_051248_relation.json,,,,,,,,-0.417047771,-0.415959572,0.009047771,-0.406911801,3,"[0.6499999999999082, 0.2000000000003518, 0.4724999999995868]","[0.6499999999999082, 0.2000000000003518, """"]",0.05,0.05,5,"[0.05, 0.05, 0.02]",9.76619627,-6.05E-12,-6.05E-12,-0.695140265,0.695140265,0.695140265,90,TRUE,FALSE
2026/8/14 5:18,anchor_place_20260814_051715,anchor_pick_place,pick the green cube and place it on the blue platform,x065_y_0_5cm,4,full,target_anchor,stage_replay,success,TRUE,TRUE,TRUE,,,,,explicit_demo_id,cube_place_on_blue_platform_10cm,,,cube,"[0.04380018934607505, 0.053537189960479736, 0.04165679812431344]",grasp_object,"[0.6499999999999082, 0.2000000000003518, """"]","[0.6499999999999082, 0.2000000000003518, 0.4724999999995868]","[0.6499999999999082, 0.2000000000003518, 0.4724999999995868]",gazebo_world_xy_only,base,,,"[0.6489813245085945, 0.19940067056471372, -0.4576157935904169]",0.001181903,0.648981325,0.199400671,-0.457615794,blue_placement_platform,"[0.65, 0.0, """"]","[0.65, 0.0, 0.45]","[0.6523800832234978, 0.002790971925010294, -0.47]",0.003668013,0.652380083,0.002790972,-0.47,"[0.65, 0.0, 0.45]",gazebo_world_xy_only,base,,,,,,,,,,0.648981325,0.199400671,-0.406911225,"[0.6489813245085945, 0.19940067056471372, -0.40691122496592025]","[0.6489966446293206, -0.0014544035142831215, -0.2168605029965824]",0.652380083,0.002790972,-0.47,"[0.6523800832234978, 0.002790971925010294, -0.47]","[0.0, 0.0, 0.0]",grasp_object,blue_placement_platform,"[0.6600925585165686, 0.006450207551228005, 0.4925000001332831]","[0.65, 0.0, 0.45]",0.008536526,0.011977684,0.011977684,,,TRUE,place_trajectory,75,510,471,510,471,1.72E-07,3.73E-08,3.41E-07,,TRUE,,FALSE,"[0.6505283659522962, 0.1993056977810705]",0.001549954,0.650528366,0.199305698,0.001547041,-9.50E-05,,46.29748631,0.681295633,0.005992413,1.882512808,0.172038078,29.10825348,43.40232062,4,10,moveit_wrapper_v1,43.40232062,/home/wei/code/learning_thousand_tasks/demo_library/rollout_trajectories/rollout_anchor_place_20260814_051715.json,/home/wei/code/learning_thousand_tasks/demo_library/rollout_trajectories/anchor_replay_input_anchor_place_20260814_051715.json,/home/wei/code/learning_thousand_tasks/demo_library/scene_packages/live_anchor_place_trial_anchor_place_20260814_051715_relation.json,,,,,,,,-0.417047771,-0.415958995,0.009047771,-0.406911225,3,"[0.6499999999999082, 0.2000000000003518, 0.4724999999995868]","[0.6499999999999082, 0.2000000000003518, """"]",0.05,0.05,5,"[0.05, 0.05, 0.02]",11.97768404,-6.05E-12,-6.05E-12,2.292288014,2.292288014,2.292288014,90,TRUE,FALSE
2026/8/14 5:25,anchor_place_20260814_052441,anchor_pick_place,pick the green cube and place it on the blue platform,x055_y_-0.15_5cm,1,full,target_anchor,stage_replay,success,TRUE,TRUE,TRUE,,,,,explicit_demo_id,cube_place_on_blue_platform_10cm,,,cube,"[0.043430504202842724, 0.053438642621040366, 0.03930866718292236]",grasp_object,"[0.6499999999999082, 0.2000000000003518, """"]","[0.6499999999999082, 0.2000000000003518, 0.4724999999995868]","[0.6499999999999082, 0.2000000000003518, 0.4724999999995868]",gazebo_world_xy_only,base,,,"[0.6489649102423825, 0.19921588685087332, -0.4570961922399944]",0.001298555,0.64896491,0.199215887,-0.457096192,blue_placement_platform,"[0.55, -0.15, """"]","[0.55, -0.15, 0.45]","[0.5523854007871151, -0.14834280500666275, -0.47]",0.002904554,0.552385401,-0.148342805,-0.47,"[0.55, -0.15, 0.45]",gazebo_world_xy_only,base,,,,,,,,,,0.64896491,0.199215887,-0.408739755,"[0.6489649102423825, 0.19921588685087332, -0.4087397545568889]","[0.6489966446293206, -0.0014544035142831215, -0.2168605029965824]",0.552385401,-0.148342805,-0.47,"[0.5523854007871151, -0.14834280500666275, -0.47]","[0.0, 0.0, 0.0]",grasp_object,blue_placement_platform,"[0.5496976643484857, -0.14515588306799523, 0.4925000003156671]","[0.55, -0.15, 0.45]",0.004168981,0.004853543,0.004853543,,,TRUE,place_trajectory,75,510,576,510,576,0.000289744,6.80E-05,0.000126533,,TRUE,,FALSE,"[0.6508504299875022, 0.19958328086419272]",0.00192098,0.65085043,0.199583281,0.00188552,0.000367394,,48.25402522,0.817450762,0.005161285,2.279164314,0.151350737,29.80539775,44.8543787,4,11,moveit_wrapper_v1,44.8543787,/home/wei/code/learning_thousand_tasks/demo_library/rollout_trajectories/rollout_anchor_place_20260814_052441.json,/home/wei/code/learning_thousand_tasks/demo_library/rollout_trajectories/anchor_replay_input_anchor_place_20260814_052441.json,/home/wei/code/learning_thousand_tasks/demo_library/scene_packages/live_anchor_place_trial_anchor_place_20260814_052441_relation.json,,,,,,,,-0.417047771,-0.417787525,0.009047771,-0.408739755,3,"[0.6499999999999082, 0.2000000000003518, 0.4724999999995868]","[0.6499999999999082, 0.2000000000003518, """"]",0.05,0.05,5,"[0.05, 0.05, 0.02]",4.853542592,-5.83E-12,-5.83E-12,-20.47433035,20.47433035,20.47433035,90,TRUE,FALSE
2026/8/14 5:37,anchor_place_20260814_053640,anchor_pick_place,pick the green cube and place it on the blue platform,x055_y_-0.15_5cm,2,full,target_anchor,stage_replay,success,TRUE,TRUE,TRUE,,,,,explicit_demo_id,cube_place_on_blue_platform_10cm,,,cube,"[0.04380163922905922, 0.05353748798370361, 0.04165661334991455]",grasp_object,"[0.6499999999999082, 0.2000000000003518, """"]","[0.6499999999999082, 0.2000000000003518, 0.4724999999995868]","[0.6499999999999082, 0.2000000000003518, 0.4724999999995868]",gazebo_world_xy_only,base,,,"[0.648978654000407, 0.1994013293112039, -0.45761634359888215]",0.001183873,0.648978654,0.199401329,-0.457616344,blue_placement_platform,"[0.55, -0.15, """"]","[0.55, -0.15, 0.45]","[0.5524737360130725, -0.1479780411270321, -0.47]",0.003194947,0.552473736,-0.147978041,-0.47,"[0.55, -0.15, 0.45]",gazebo_world_xy_only,base,,,,,,,,,,0.648978654,0.199401329,-0.40691196,"[0.648978654000407, 0.1994013293112039, -0.4069119597487844]","[0.6489966446293206, -0.0014544035142831215, -0.2168605029965824]",0.552473736,-0.147978041,-0.47,"[0.5524737360130725, -0.1479780411270321, -0.47]","[0.0, 0.0, 0.0]",grasp_object,blue_placement_platform,"[0.5454963323888641, -0.14900134873828583, 0.492491645897631]","[0.55, -0.15, 0.45]",0.007052044,0.00461306,0.00461306,,,TRUE,place_trajectory,75,510,576,510,576,8.98E-07,2.10E-07,4.11E-07,,TRUE,,FALSE,"[0.6516084756495016, 0.19850115767166354]",0.002779617,0.651608476,0.198501158,0.002629822,-0.000900172,,45.85689163,1.083217621,0.005519629,1.649525881,0.153292894,28.89113736,42.77814317,4,10,moveit_wrapper_v1,42.77814317,/home/wei/code/learning_thousand_tasks/demo_library/rollout_trajectories/rollout_anchor_place_20260814_053640.json,/home/wei/code/learning_thousand_tasks/demo_library/rollout_trajectories/anchor_replay_input_anchor_place_20260814_053640.json,/home/wei/code/learning_thousand_tasks/demo_library/scene_packages/live_anchor_place_trial_anchor_place_20260814_053640_relation.json,,,,,,,,-0.417047771,-0.41595973,0.009047771,-0.40691196,3,"[0.6499999999999082, 0.2000000000003518, 0.4724999999995868]","[0.6499999999999082, 0.2000000000003518, """"]",0.05,0.05,5,"[0.05, 0.05, 0.02]",4.613060404,-6.05E-12,-6.05E-12,-7.51331293,7.51331293,7.51331293,90,TRUE,FALSE
2026/8/14 5:40,anchor_place_20260814_053930,anchor_pick_place,pick the green cube and place it on the blue platform,x055_y_-0.15_5cm,3,full,target_anchor,stage_replay,success,TRUE,TRUE,TRUE,,,,,explicit_demo_id,cube_place_on_blue_platform_10cm,,,cube,"[0.043801862001419084, 0.053537607192993164, 0.0416567325592041]",grasp_object,"[0.6499999999999082, 0.2000000000003518, """"]","[0.6499999999999082, 0.2000000000003518, 0.4724999999995868]","[0.6499999999999082, 0.2000000000003518, 0.4724999999995868]",gazebo_world_xy_only,base,,,"[0.6489783616706888, 0.19940159093385562, -0.4576165701215502]",0.001183993,0.648978362,0.199401591,-0.45761657,blue_placement_platform,"[0.55, -0.15, """"]","[0.55, -0.15, 0.45]","[0.5524738046926824, -0.14797778471253023, -0.47]",0.003195163,0.552473805,-0.147977785,-0.47,"[0.55, -0.15, 0.45]",gazebo_world_xy_only,base,,,,,,,,,,0.648978362,0.199401591,-0.406912067,"[0.6489783616706888, 0.19940159093385562, -0.40691206706216293]","[0.6489966446293206, -0.0014544035142831215, -0.2168605029965824]",0.552473805,-0.147977785,-0.47,"[0.5524738046926824, -0.14797778471253023, -0.47]","[0.0, 0.0, 0.0]",grasp_object,blue_placement_platform,"[0.5491422834257617, -0.14610075071435763, 0.492492894445867]","[0.55, -0.15, 0.45]",0.00382391,0.003992471,0.003992471,,,TRUE,place_trajectory,75,510,576,510,576,1.09E-06,3.17E-07,6.76E-07,,TRUE,,FALSE,"[0.6504671116369924, 0.19660703778538352]",0.003166371,0.650467112,0.196607038,0.00148875,-0.002794553,,46.77445507,0.805847883,0.004910946,1.974121094,0.145959139,29.39167523,43.43153477,4,10,moveit_wrapper_v1,43.43153477,/home/wei/code/learning_thousand_tasks/demo_library/rollout_trajectories/rollout_anchor_place_20260814_053930.json,/home/wei/code/learning_thousand_tasks/demo_library/rollout_trajectories/anchor_replay_input_anchor_place_20260814_053930.json,/home/wei/code/learning_thousand_tasks/demo_library/scene_packages/live_anchor_place_trial_anchor_place_20260814_053930_relation.json,,,,,,,,-0.417047771,-0.415959838,0.009047771,-0.406912067,3,"[0.6499999999999082, 0.2000000000003518, 0.4724999999995868]","[0.6499999999999082, 0.2000000000003518, """"]",0.05,0.05,5,"[0.05, 0.05, 0.02]",3.992470753,-5.83E-12,-5.83E-12,-16.66188752,16.66188752,16.66188752,90,TRUE,FALSE
2026/8/14 5:43,anchor_place_20260814_054230,anchor_pick_place,pick the green cube and place it on the blue platform,x055_y_-0.15_5cm,4,full,target_anchor,stage_replay,success,TRUE,TRUE,TRUE,,,,,explicit_demo_id,cube_place_on_blue_platform_10cm,,,cube,"[0.043798278272151936, 0.05353665351867676, 0.04165685176849365]",grasp_object,"[0.6499999999999082, 0.2000000000003518, """"]","[0.6499999999999082, 0.2000000000003518, 0.4724999999995868]","[0.6499999999999082, 0.2000000000003518, 0.4724999999995868]",gazebo_world_xy_only,base,,,"[0.6489849436374459, 0.19939986156314649, -0.4576150168554835]",0.001179197,0.648984944,0.199399862,-0.457615017,blue_placement_platform,"[0.55, -0.15, """"]","[0.55, -0.15, 0.45]","[0.5524730571872549, -0.14798057548949833, -0.47]",0.003192818,0.552473057,-0.147980575,-0.47,"[0.55, -0.15, 0.45]",gazebo_world_xy_only,base,,,,,,,,,,0.648984944,0.199399862,-0.406910395,"[0.6489849436374459, 0.19939986156314649, -0.40691039458680667]","[0.6489966446293206, -0.0014544035142831215, -0.2168605029965824]",0.552473057,-0.147980575,-0.47,"[0.5524730571872549, -0.14798057548949833, -0.47]","[0.0, 0.0, 0.0]",grasp_object,blue_placement_platform,"[0.5568136671703546, -0.14670991238777242, 0.4924938483434352]","[0.55, -0.15, 0.45]",0.004522773,0.007566422,0.007566422,,,TRUE,place_trajectory,75,510,576,510,576,1.39E-06,2.99E-07,5.45E-07,,TRUE,,FALSE,"[0.6498950796590808, 0.20049451076121846]",0.001423589,0.64989508,0.200494511,0.000910136,0.001094649,,47.39914179,0.827000141,0.004695654,1.668595314,0.161143541,30.08179402,44.56413746,4,10,moveit_wrapper_v1,44.56413746,/home/wei/code/learning_thousand_tasks/demo_library/rollout_trajectories/rollout_anchor_place_20260814_054230.json,/home/wei/code/learning_thousand_tasks/demo_library/rollout_trajectories/anchor_replay_input_anchor_place_20260814_054230.json,/home/wei/code/learning_thousand_tasks/demo_library/scene_packages/live_anchor_place_trial_anchor_place_20260814_054230_relation.json,,,,,,,,-0.417047771,-0.415958165,0.009047771,-0.406910395,3,"[0.6499999999999082, 0.2000000000003518, 0.4724999999995868]","[0.6499999999999082, 0.2000000000003518, """"]",0.05,0.05,5,"[0.05, 0.05, 0.02]",7.566421664,-5.79E-12,-5.79E-12,0.639300811,0.639300811,0.639300811,90,TRUE,FALSE
2026/8/14 5:51,anchor_place_20260814_055020,anchor_pick_place,pick the green cube and place it on the blue platform,x055_y_-0.15_10cm,1,full,target_anchor,stage_replay,success,TRUE,TRUE,TRUE,,,,,explicit_demo_id,cube_place_on_blue_platform_10cm,,,cube,"[0.04376708567142487, 0.0535280704498291, 0.04060003757476793]",grasp_object,"[0.6499999999999082, 0.2000000000003518, """"]","[0.6499999999999082, 0.2000000000003518, 0.4724999999995868]","[0.6499999999999082, 0.2000000000003518, 0.4724999999995868]",gazebo_world_xy_only,base,,,"[0.6490440764313665, 0.19938434530925808, -0.4575988779958069]",0.001137023,0.649044076,0.199384345,-0.457598878,blue_placement_platform,"[0.55, -0.15, """"]","[0.55, -0.15, 0.45]","[0.5508163834595655, -0.14894094360056387, -0.47]",0.001337192,0.550816383,-0.148940944,-0.47,"[0.55, -0.15, 0.45]",gazebo_world_xy_only,base,,,,,,,,,,0.649044076,0.199384345,-0.40795107,"[0.6490440764313665, 0.19938434530925808, -0.4079510699208558]","[0.6489966446293206, -0.0014544035142831215, -0.2168605029965824]",0.550816383,-0.148940944,-0.47,"[0.5508163834595655, -0.14894094360056387, -0.47]","[0.0, 0.0, 0.0]",grasp_object,blue_placement_platform,"[0.557702576492452, -0.1466175858698218, 0.4924982702063579]","[0.55, -0.15, 0.45]",0.007267575,0.008412515,0.008412515,,,TRUE,place_trajectory,75,510,1947,510,1947,2.36E-05,6.07E-06,1.13E-05,,TRUE,,FALSE,"[0.6491343790523763, 0.1972348077519656]",0.002151434,0.649134379,0.197234808,9.03E-05,-0.002149538,,46.6179328,0.970675945,0.001746893,1.897969007,0.180127621,28.94610047,43.35847211,4,10,moveit_wrapper_v1,43.35847211,/home/wei/code/learning_thousand_tasks/demo_library/rollout_trajectories/rollout_anchor_place_20260814_055020.json,/home/wei/code/learning_thousand_tasks/demo_library/rollout_trajectories/anchor_replay_input_anchor_place_20260814_055020.json,/home/wei/code/learning_thousand_tasks/demo_library/scene_packages/live_anchor_place_trial_anchor_place_20260814_055020_relation.json,,,,,,,,-0.417047771,-0.41699884,0.009047771,-0.40795107,3,"[0.6499999999999082, 0.2000000000003518, 0.4724999999995868]","[0.6499999999999082, 0.2000000000003518, """"]",0.1,0.1,10,"[0.1, 0.1, 0.02]",8.41251508,-5.74E-12,-5.74E-12,-0.039285349,0.039285349,0.039285349,90,TRUE,TRUE
2026/8/14 5:53,anchor_place_20260814_055241,anchor_pick_place,pick the green cube and place it on the blue platform,x055_y_-0.15_10cm,2,full,target_anchor,stage_replay,success,TRUE,TRUE,TRUE,,,,,explicit_demo_id,cube_place_on_blue_platform_10cm,,,cube,"[0.043800677359104145, 0.05353736877441406, 0.04165655970573434]",grasp_object,"[0.6499999999999082, 0.2000000000003518, """"]","[0.6499999999999082, 0.2000000000003518, 0.4724999999995868]","[0.6499999999999082, 0.2000000000003518, 0.4724999999995868]",gazebo_world_xy_only,base,,,"[0.6489800822902172, 0.19940146612246828, -0.4576159322194589]",0.001182571,0.648980082,0.199401466,-0.457615932,blue_placement_platform,"[0.55, -0.15, """"]","[0.55, -0.15, 0.45]","[0.5508235943229765, -0.14891427367857782, -0.47]",0.001362758,0.550823594,-0.148914274,-0.47,"[0.55, -0.15, 0.45]",gazebo_world_xy_only,base,,,,,,,,,,0.648980082,0.199401466,-0.406911602,"[0.6489800822902172, 0.19940146612246828, -0.4069116020135414]","[0.6489966446293206, -0.0014544035142831215, -0.2168605029965824]",0.550823594,-0.148914274,-0.47,"[0.5508235943229765, -0.14891427367857782, -0.47]","[0.0, 0.0, 0.0]",grasp_object,blue_placement_platform,"[0.5600908378176271, -0.14620599699973766, 0.49249698639626766]","[0.55, -0.15, 0.45]",0.009654873,0.010780513,0.010780513,,,TRUE,place_trajectory,75,510,1947,510,1947,2.75E-07,8.16E-08,3.58E-07,,TRUE,,FALSE,"[0.6509217098551452, 0.1997000070890804]",0.001964445,0.65092171,0.199700007,0.001941628,0.000298541,,46.63016629,1.067760229,0.056017876,1.871352434,0.127940893,28.51559901,43.21070623,4,11,moveit_wrapper_v1,43.21070623,/home/wei/code/learning_thousand_tasks/demo_library/rollout_trajectories/rollout_anchor_place_20260814_055241.json,/home/wei/code/learning_thousand_tasks/demo_library/rollout_trajectories/anchor_replay_input_anchor_place_20260814_055241.json,/home/wei/code/learning_thousand_tasks/demo_library/scene_packages/live_anchor_place_trial_anchor_place_20260814_055241_relation.json,,,,,,,,-0.417047771,-0.415959373,0.009047771,-0.406911602,3,"[0.6499999999999082, 0.2000000000003518, 0.4724999999995868]","[0.6499999999999082, 0.2000000000003518, """"]",0.1,0.1,10,"[0.1, 0.1, 0.02]",10.78051328,-5.25E-12,-5.25E-12,0.599482728,0.599482728,0.599482728,90,TRUE,TRUE
2026/8/14 5:55,anchor_place_20260814_055455,anchor_pick_place,pick the green cube and place it on the blue platform,x055_y_-0.15_10cm,3,full,target_anchor,stage_replay,success,TRUE,TRUE,TRUE,,,,,explicit_demo_id,cube_place_on_blue_platform_10cm,,,cube,"[0.04380415380001068, 0.05353814363479614, 0.04165685176849365]",grasp_object,"[0.6499999999999082, 0.2000000000003518, """"]","[0.6499999999999082, 0.2000000000003518, 0.4724999999995868]","[0.6499999999999082, 0.2000000000003518, 0.4724999999995868]",gazebo_world_xy_only,base,,,"[0.648973619855346, 0.19940313969359116, -0.45761749705287635]",0.001187307,0.64897362,0.19940314,-0.457617497,blue_placement_platform,"[0.55, -0.15, """"]","[0.55, -0.15, 0.45]","[0.5508243364399157, -0.14891152861222, -0.47]",0.001365394,0.550824336,-0.148911529,-0.47,"[0.55, -0.15, 0.45]",gazebo_world_xy_only,base,,,,,,,,,,0.64897362,0.19940314,-0.406912875,"[0.648973619855346, 0.19940313969359116, -0.4069128747841995]","[0.6489966446293206, -0.0014544035142831215, -0.2168605029965824]",0.550824336,-0.148911529,-0.47,"[0.5508243364399157, -0.14891152861222, -0.47]","[0.0, 0.0, 0.0]",grasp_object,blue_placement_platform,"[0.5628429991893295, -0.14704191073870573, 0.4924915724142995]","[0.55, -0.15, 0.45]",0.012163212,0.013179261,0.013179261,,,TRUE,place_trajectory,75,510,1947,510,1947,2.74E-06,6.95E-07,1.45E-06,,TRUE,,FALSE,"[0.6479688654736127, 0.19804374073302689]",0.001690413,0.647968865,0.198043741,-0.001004754,-0.001359399,,47.36155653,0.764887571,0.010877132,1.882053614,0.149793386,29.63853097,44.24716878,4,10,moveit_wrapper_v1,44.24716878,/home/wei/code/learning_thousand_tasks/demo_library/rollout_trajectories/rollout_anchor_place_20260814_055455.json,/home/wei/code/learning_thousand_tasks/demo_library/rollout_trajectories/anchor_replay_input_anchor_place_20260814_055455.json,/home/wei/code/learning_thousand_tasks/demo_library/scene_packages/live_anchor_place_trial_anchor_place_20260814_055455_relation.json,,,,,,,,-0.417047771,-0.415960645,0.009047771,-0.406912875,3,"[0.6499999999999082, 0.2000000000003518, 0.4724999999995868]","[0.6499999999999082, 0.2000000000003518, """"]",0.1,0.1,10,"[0.1, 0.1, 0.02]",13.17926099,-6.05E-12,-6.05E-12,0.167783824,0.167783824,0.167783824,90,TRUE,TRUE
2026/8/14 5:58,anchor_place_20260814_055723,anchor_pick_place,pick the green cube and place it on the blue platform,x055_y_-0.15_10cm,4,full,target_anchor,stage_replay,success,TRUE,TRUE,TRUE,,,,,explicit_demo_id,cube_place_on_blue_platform_10cm,,,cube,"[0.04380239695310592, 0.053537607192993164, 0.04165685176849365]",grasp_object,"[0.6499999999999082, 0.2000000000003518, """"]","[0.6499999999999082, 0.2000000000003518, 0.4724999999995868]","[0.6499999999999082, 0.2000000000003518, 0.4724999999995868]",gazebo_world_xy_only,base,,,"[0.64897702150761, 0.19940172232090478, -0.457616443779294]",0.001185083,0.648977022,0.199401722,-0.457616444,blue_placement_platform,"[0.55, -0.15, """"]","[0.55, -0.15, 0.45]","[0.5508239356379486, -0.14891301117236957, -0.47]",0.00136397,0.550823936,-0.148913011,-0.47,"[0.55, -0.15, 0.45]",gazebo_world_xy_only,base,,,,,,,,,,0.648977022,0.199401722,-0.406911822,"[0.64897702150761, 0.19940172232090478, -0.40691182151061717]","[0.6489966446293206, -0.0014544035142831215, -0.2168605029965824]",0.550823936,-0.148913011,-0.47,"[0.5508239356379486, -0.14891301117236957, -0.47]","[0.0, 0.0, 0.0]",grasp_object,blue_placement_platform,"[0.5398078561243289, -0.14562741842495408, 0.49250000015207407]","[0.55, -0.15, 0.45]",0.011495613,0.011090503,0.011090503,,,TRUE,place_trajectory,75,510,1947,510,1947,1.38E-06,2.66E-07,7.54E-07,,TRUE,,FALSE,"[0.651734822847112, 0.19722059166021771]",0.003516077,0.651734823,0.197220592,0.002757801,-0.002181131,,46.78424883,1.07337594,0.001513004,1.476383924,0.173176765,29.31294775,43.92259192,4,10,moveit_wrapper_v1,43.92259192,/home/wei/code/learning_thousand_tasks/demo_library/rollout_trajectories/rollout_anchor_place_20260814_055723.json,/home/wei/code/learning_thousand_tasks/demo_library/rollout_trajectories/anchor_replay_input_anchor_place_20260814_055723.json,/home/wei/code/learning_thousand_tasks/demo_library/scene_packages/live_anchor_place_trial_anchor_place_20260814_055723_relation.json,,,,,,,,-0.417047771,-0.415959592,0.009047771,-0.406911822,3,"[0.6499999999999082, 0.2000000000003518, 0.4724999999995868]","[0.6499999999999082, 0.2000000000003518, """"]",0.1,0.1,10,"[0.1, 0.1, 0.02]",11.09050343,-5.82E-12,-5.82E-12,-20.14048782,20.14048782,20.14048782,90,TRUE,TRUE
2026/8/14 6:04,anchor_place_20260814_060314,anchor_pick_place,pick the green cube and place it on the blue platform,x075_y_-0.25_10cm,1,full,target_anchor,stage_replay,success,TRUE,TRUE,TRUE,,,,,explicit_demo_id,cube_place_on_blue_platform_10cm,,,cube,"[0.04380200803279877, 0.05353736877441406, 0.04165661334991455]",grasp_object,"[0.6499999999999082, 0.2000000000003518, """"]","[0.6499999999999082, 0.2000000000003518, 0.4724999999995868]","[0.6499999999999082, 0.2000000000003518, 0.4724999999995868]",gazebo_world_xy_only,base,,,"[0.6489779846240648, 0.1994014510017002, -0.4576161695309431]",0.001184389,0.648977985,0.199401451,-0.45761617,blue_placement_platform,"[0.75, -0.25, """"]","[0.75, -0.25, 0.45]","[0.7506593705707133, -0.24921772854345542, -0.47]",0.001023092,0.750659371,-0.249217729,-0.47,"[0.75, -0.25, 0.45]",gazebo_world_xy_only,base,,,,,,,,,,0.648977985,0.199401451,-0.406911786,"[0.6489779846240648, 0.1994014510017002, -0.40691178568084535]","[0.6489966446293206, -0.0014544035142831215, -0.2168605029965824]",0.750659371,-0.249217729,-0.47,"[0.7506593705707133, -0.24921772854345542, -0.47]","[0.0, 0.0, 0.0]",grasp_object,blue_placement_platform,"[0.748120861215787, -0.24633251789567942, 0.4924969372822156]","[0.75, -0.25, 0.45]",0.003842977,0.004120872,0.004120872,,,TRUE,place_trajectory,75,510,1311,510,1311,1.09E-06,2.12E-07,5.47E-07,,TRUE,,FALSE,"[0.6503052472818995, 0.19984182100250145]",0.00139841,0.650305247,0.199841821,0.001327263,0.00044037,,51.48139453,1.019837141,0.010658264,1.466221809,0.213014126,34.56968856,48.75369811,4,10,moveit_wrapper_v1,48.75369811,/home/wei/code/learning_thousand_tasks/demo_library/rollout_trajectories/rollout_anchor_place_20260814_060314.json,/home/wei/code/learning_thousand_tasks/demo_library/rollout_trajectories/anchor_replay_input_anchor_place_20260814_060314.json,/home/wei/code/learning_thousand_tasks/demo_library/scene_packages/live_anchor_place_trial_anchor_place_20260814_060314_relation.json,,,,,,,,-0.417047771,-0.415959556,0.009047771,-0.406911786,3,"[0.6499999999999082, 0.2000000000003518, 0.4724999999995868]","[0.6499999999999082, 0.2000000000003518, """"]",0.1,0.1,10,"[0.1, 0.1, 0.02]",4.120872184,-5.85E-12,-5.85E-12,-13.75125363,13.75125363,13.75125363,90,TRUE,TRUE
2026/8/14 6:06,anchor_place_20260814_060523,anchor_pick_place,pick the green cube and place it on the blue platform,x075_y_-0.25_10cm,2,full,target_anchor,stage_replay,success,TRUE,TRUE,TRUE,,,,,explicit_demo_id,cube_place_on_blue_platform_10cm,,,cube,"[0.04348252415657042, 0.05345263779163356, 0.03930854797363281]",grasp_object,"[0.6499999999999082, 0.2000000000003518, """"]","[0.6499999999999082, 0.2000000000003518, 0.4724999999995868]","[0.6499999999999082, 0.2000000000003518, 0.4724999999995868]",gazebo_world_xy_only,base,,,"[0.6488638923418522, 0.19924272730720927, -0.4571141204255487]",0.001365358,0.648863892,0.199242727,-0.45711412,blue_placement_platform,"[0.75, -0.25, """"]","[0.75, -0.25, 0.45]","[0.7505444781038662, -0.24956352544748028, -0.47]",0.00069783,0.750544478,-0.249563525,-0.47,"[0.75, -0.25, 0.45]",gazebo_world_xy_only,base,,,,,,,,,,0.648863892,0.199242727,-0.408757802,"[0.6488638923418522, 0.19924272730720927, -0.4087578019517327]","[0.6489966446293206, -0.0014544035142831215, -0.2168605029965824]",0.750544478,-0.249563525,-0.47,"[0.7505444781038662, -0.24956352544748028, -0.47]","[0.0, 0.0, 0.0]",grasp_object,blue_placement_platform,"[0.7541585641543506, -0.2508553464227297, 0.4924999999995872]","[0.75, -0.25, 0.45]",0.003838023,0.004245618,0.004245618,,,TRUE,place_trajectory,75,510,1311,510,1311,0.000237322,5.83E-05,0.000108372,,TRUE,,FALSE,"[0.6508145729781447, 0.19881072375109757]",0.001997944,0.650814573,0.198810724,0.001950681,-0.000432004,,52.53062177,0.99063611,0.00509119,1.700830221,0.128608704,35.11852002,49.47057652,4,10,moveit_wrapper_v1,49.47057652,/home/wei/code/learning_thousand_tasks/demo_library/rollout_trajectories/rollout_anchor_place_20260814_060523.json,/home/wei/code/learning_thousand_tasks/demo_library/rollout_trajectories/anchor_replay_input_anchor_place_20260814_060523.json,/home/wei/code/learning_thousand_tasks/demo_library/scene_packages/live_anchor_place_trial_anchor_place_20260814_060523_relation.json,,,,,,,,-0.417047771,-0.417805572,0.009047771,-0.408757802,3,"[0.6499999999999082, 0.2000000000003518, 0.4724999999995868]","[0.6499999999999082, 0.2000000000003518, """"]",0.1,0.1,10,"[0.1, 0.1, 0.02]",4.245618133,-5.82E-12,-5.82E-12,2.51050094,2.51050094,2.51050094,90,TRUE,TRUE
2026/8/14 6:08,anchor_place_20260814_060724,anchor_pick_place,pick the green cube and place it on the blue platform,x075_y_-0.25_10cm,3,full,target_anchor,stage_replay,success,TRUE,TRUE,TRUE,,,,,explicit_demo_id,cube_place_on_blue_platform_10cm,,,cube,"[0.04332998171448707, 0.053410136699676536, 0.03619157671928397]",grasp_object,"[0.6499999999999082, 0.2000000000003518, """"]","[0.6499999999999082, 0.2000000000003518, 0.4724999999995868]","[0.6499999999999082, 0.2000000000003518, 0.4724999999995868]",gazebo_world_xy_only,base,,,"[0.6484776563801109, 0.19916558145310415, -0.45697460260742606]",0.001736025,0.648477656,0.199165581,-0.456974603,blue_placement_platform,"[0.75, -0.25, """"]","[0.75, -0.25, 0.45]","[0.7504887463213553, -0.24973107233778336, -0.47]",0.000557849,0.750488746,-0.249731072,-0.47,"[0.75, -0.25, 0.45]",gazebo_world_xy_only,base,,,,,,,,,,0.648477656,0.199165581,-0.411735255,"[0.6484776563801109, 0.19916558145310415, -0.4117352553879589]","[0.6489966446293206, -0.0014544035142831215, -0.2168605029965824]",0.750488746,-0.249731072,-0.47,"[0.7504887463213553, -0.24973107233778336, -0.47]","[0.0, 0.0, 0.0]",grasp_object,blue_placement_platform,"[0.7576889919992101, -0.2684085359828546, 0.492496614668722]","[0.75, -0.25, 0.45]",0.020017272,0.019949807,0.019949807,,,TRUE,place_trajectory,75,510,1311,510,1311,0.000370997,8.72E-05,0.000162129,,TRUE,,FALSE,"[0.6509723206315057, 0.19722542551881]",0.003160309,0.650972321,0.197225426,0.002494664,-0.001940156,,51.25702333,0.657515049,0.002788305,2.327757597,0.224179268,33.16224003,47.9258523,4,10,moveit_wrapper_v1,47.9258523,/home/wei/code/learning_thousand_tasks/demo_library/rollout_trajectories/rollout_anchor_place_20260814_060724.json,/home/wei/code/learning_thousand_tasks/demo_library/rollout_trajectories/anchor_replay_input_anchor_place_20260814_060724.json,/home/wei/code/learning_thousand_tasks/demo_library/scene_packages/live_anchor_place_trial_anchor_place_20260814_060724_relation.json,,,,,,,,-0.417047771,-0.420783026,0.009047771,-0.411735255,3,"[0.6499999999999082, 0.2000000000003518, 0.4724999999995868]","[0.6499999999999082, 0.2000000000003518, """"]",0.1,0.1,10,"[0.1, 0.1, 0.02]",19.94980689,-5.83E-12,-5.83E-12,101.9313597,11.93135966,101.9313597,90,TRUE,TRUE
2026/8/14 6:10,anchor_place_20260814_060939,anchor_pick_place,pick the green cube and place it on the blue platform,x075_y_-0.25_10cm,4,full,target_anchor,stage_replay,success,TRUE,TRUE,TRUE,,,,,explicit_demo_id,cube_place_on_blue_platform_10cm,,,cube,"[0.04379848837852479, 0.05353671312332153, 0.0416567325592041]",grasp_object,"[0.6499999999999082, 0.2000000000003518, """"]","[0.6499999999999082, 0.2000000000003518, 0.4724999999995868]","[0.6499999999999082, 0.2000000000003518, 0.4724999999995868]",gazebo_world_xy_only,base,,,"[0.6489845461429886, 0.1993999104369038, -0.4576150050198015]",0.001179514,0.648984546,0.19939991,-0.457615005,blue_placement_platform,"[0.75, -0.25, """"]","[0.75, -0.25, 0.45]","[0.7506581742701519, -0.24922133184657763, -0.47]",0.001019567,0.750658174,-0.249221332,-0.47,"[0.75, -0.25, 0.45]",gazebo_world_xy_only,base,,,,,,,,,,0.648984546,0.19939991,-0.406910502,"[0.6489845461429886, 0.1993999104369038, -0.40691050196041423]","[0.6489966446293206, -0.0014544035142831215, -0.2168605029965824]",0.750658174,-0.249221332,-0.47,"[0.7506581742701519, -0.24922133184657763, -0.47]","[0.0, 0.0, 0.0]",grasp_object,blue_placement_platform,"[0.7614747677626387, -0.24509812126835015, 0.4924934118487783]","[0.75, -0.25, 0.45]",0.011575818,0.012477929,0.012477929,,,TRUE,place_trajectory,75,510,1311,510,1311,1.32E-06,3.00E-07,7.95E-07,,TRUE,,FALSE,"[0.6499898881675006, 0.1992894049931955]",0.001011397,0.649989888,0.199289405,0.001005342,-0.000110505,,52.63670635,0.751842976,0.114392757,1.813349485,0.205501318,34.95132256,49.66463423,4,10,moveit_wrapper_v1,49.66463423,/home/wei/code/learning_thousand_tasks/demo_library/rollout_trajectories/rollout_anchor_place_20260814_060939.json,/home/wei/code/learning_thousand_tasks/demo_library/rollout_trajectories/anchor_replay_input_anchor_place_20260814_060939.json,/home/wei/code/learning_thousand_tasks/demo_library/scene_packages/live_anchor_place_trial_anchor_place_20260814_060939_relation.json,,,,,,,,-0.417047771,-0.415958272,0.009047771,-0.406910502,3,"[0.6499999999999082, 0.2000000000003518, 0.4724999999995868]","[0.6499999999999082, 0.2000000000003518, """"]",0.1,0.1,10,"[0.1, 0.1, 0.02]",12.47792893,-5.76E-12,-5.76E-12,0.35915443,0.35915443,0.35915443,90,TRUE,TRUE
2026/8/14 6:13,anchor_place_20260814_061253,anchor_pick_place,pick the green cube and place it on the blue platform,x065_y_0.0_10cm,1,full,target_anchor,stage_replay,success,TRUE,TRUE,TRUE,,,,,explicit_demo_id,cube_place_on_blue_platform_10cm,,,cube,"[0.04380244463682176, 0.05353766679763794, 0.04165661334991455]",grasp_object,"[0.6499999999999082, 0.2000000000003518, """"]","[0.6499999999999082, 0.2000000000003518, 0.4724999999995868]","[0.6499999999999082, 0.2000000000003518, 0.4724999999995868]",gazebo_world_xy_only,base,,,"[0.648977337421085, 0.19940166041887292, -0.4576166866682563]",0.001184841,0.648977337,0.19940166,-0.457616687,blue_placement_platform,"[0.65, 0.0, """"]","[0.65, 0.0, 0.45]","[0.6505933700719105, 0.002694723478494338, -0.47]",0.002759279,0.65059337,0.002694723,-0.47,"[0.65, 0.0, 0.45]",gazebo_world_xy_only,base,,,,,,,,,,0.648977337,0.19940166,-0.406912303,"[0.648977337421085, 0.19940166041887292, -0.40691230281815854]","[0.6489966446293206, -0.0014544035142831215, -0.2168605029965824]",0.65059337,0.002694723,-0.47,"[0.6505933700719105, 0.002694723478494338, -0.47]","[0.0, 0.0, 0.0]",grasp_object,blue_placement_platform,"[0.6617323990714498, 0.006703056414672118, 0.4925000003455361]","[0.65, 0.0, 0.45]",0.011838273,0.013512222,0.013512222,,,TRUE,place_trajectory,75,510,1516,510,1516,1.50E-06,3.79E-07,9.47E-07,,TRUE,,FALSE,"[0.6489384778182445, 0.20079052971526662]",0.001389413,0.648938478,0.20079053,-3.89E-05,0.001388869,,48.08433914,1.192615747,0.006307125,1.751091242,0.12556839,30.21358085,44.670403,4,10,moveit_wrapper_v1,44.670403,/home/wei/code/learning_thousand_tasks/demo_library/rollout_trajectories/rollout_anchor_place_20260814_061253.json,/home/wei/code/learning_thousand_tasks/demo_library/rollout_trajectories/anchor_replay_input_anchor_place_20260814_061253.json,/home/wei/code/learning_thousand_tasks/demo_library/scene_packages/live_anchor_place_trial_anchor_place_20260814_061253_relation.json,,,,,,,,-0.417047771,-0.415960073,0.009047771,-0.406912303,3,"[0.6499999999999082, 0.2000000000003518, 0.4724999999995868]","[0.6499999999999082, 0.2000000000003518, """"]",0.1,0.1,10,"[0.1, 0.1, 0.02]",13.51222237,-6.05E-12,-6.05E-12,-0.359029768,0.359029768,0.359029768,90,TRUE,TRUE
2026/8/14 6:15,anchor_place_20260814_061512,anchor_pick_place,pick the green cube and place it on the blue platform,x065_y_0.0_10cm,2,full,target_anchor,stage_replay,success,TRUE,TRUE,TRUE,,,,,explicit_demo_id,cube_place_on_blue_platform_10cm,,,cube,"[0.04397923648357391, 0.05358911454677584, 0.04324138164520264]",grasp_object,"[0.6499999999999082, 0.2000000000003518, """"]","[0.6499999999999082, 0.2000000000003518, 0.4724999999995868]","[0.6499999999999082, 0.2000000000003518, 0.4724999999995868]",gazebo_world_xy_only,base,,,"[0.649236379400437, 0.19948976946010477, -0.4577003030992568]",0.000918396,0.649236379,0.199489769,-0.457700303,blue_placement_platform,"[0.65, 0.0, """"]","[0.65, 0.0, 0.45]","[0.6505926618137853, 0.002860613606405042, -0.47]",0.002921362,0.650592662,0.002860614,-0.47,"[0.65, 0.0, 0.45]",gazebo_world_xy_only,base,,,,,,,,,,0.649236379,0.199489769,-0.405411151,"[0.649236379400437, 0.19948976946010477, -0.405411150953871]","[0.6489966446293206, -0.0014544035142831215, -0.2168605029965824]",0.650592662,0.002860614,-0.47,"[0.6505926618137853, 0.002860613606405042, -0.47]","[0.0, 0.0, 0.0]",grasp_object,blue_placement_platform,"[0.6615106653718011, -0.0012637343275246809, 0.4924981419371352]","[0.65, 0.0, 0.45]",0.011671035,0.011579829,0.011579829,,,TRUE,place_trajectory,75,510,1516,510,1516,0.000140262,3.21E-05,6.11E-05,,TRUE,,FALSE,"[0.6492417079402701, 0.200474394137529]",0.000984639,0.649241708,0.200474394,5.33E-06,0.000984625,,47.38188267,0.880858898,0.007552385,1.65766716,0.125058174,29.85305309,44.37620449,4,10,moveit_wrapper_v1,44.37620449,/home/wei/code/learning_thousand_tasks/demo_library/rollout_trajectories/rollout_anchor_place_20260814_061512.json,/home/wei/code/learning_thousand_tasks/demo_library/rollout_trajectories/anchor_replay_input_anchor_place_20260814_061512.json,/home/wei/code/learning_thousand_tasks/demo_library/scene_packages/live_anchor_place_trial_anchor_place_20260814_061512_relation.json,,,,,,,,-0.417047771,-0.414458921,0.009047771,-0.405411151,3,"[0.6499999999999082, 0.2000000000003518, 0.4724999999995868]","[0.6499999999999082, 0.2000000000003518, """"]",0.1,0.1,10,"[0.1, 0.1, 0.02]",11.57982909,-5.80E-12,-5.80E-12,-0.679657007,0.679657007,0.679657007,90,TRUE,TRUE
2026/8/14 6:17,anchor_place_20260814_061711,anchor_pick_place,pick the green cube and place it on the blue platform,x065_y_0.0_10cm,3,full,target_anchor,stage_replay,success,TRUE,TRUE,TRUE,,,,,explicit_demo_id,cube_place_on_blue_platform_10cm,,,cube,"[0.04380113780498504, 0.05353728830814364, 0.0416567325592041]",grasp_object,"[0.6499999999999082, 0.2000000000003518, """"]","[0.6499999999999082, 0.2000000000003518, 0.4724999999995868]","[0.6499999999999082, 0.2000000000003518, 0.4724999999995868]",gazebo_world_xy_only,base,,,"[0.648979508470957, 0.19940141828729213, -0.457616012504192]",0.00118309,0.648979508,0.199401418,-0.457616013,blue_placement_platform,"[0.65, 0.0, """"]","[0.65, 0.0, 0.45]","[0.6505933735423197, 0.002693885479191046, -0.47]",0.002758462,0.650593374,0.002693885,-0.47,"[0.65, 0.0, 0.45]",gazebo_world_xy_only,base,,,,,,,,,,0.648979508,0.199401418,-0.406911509,"[0.648979508470957, 0.19940141828729213, -0.4069115094448047]","[0.6489966446293206, -0.0014544035142831215, -0.2168605029965824]",0.650593374,0.002693885,-0.47,"[0.6505933735423197, 0.002693885479191046, -0.47]","[0.0, 0.0, 0.0]",grasp_object,blue_placement_platform,"[0.6627926309529998, 0.0063015796572819995, 0.4924979784151172]","[0.65, 0.0, 0.45]",0.012721531,0.014260481,0.014260481,,,TRUE,place_trajectory,75,510,1516,510,1516,5.37E-07,1.33E-07,2.46E-07,,TRUE,,FALSE,"[0.6477360257017923, 0.19778439867990916]",0.002039853,0.647736026,0.197784399,-0.001243483,-0.00161702,,46.28665471,0.839771986,0.008586645,2.04888773,0.2118752,29.12510324,43.01868248,4,10,moveit_wrapper_v1,43.01868248,/home/wei/code/learning_thousand_tasks/demo_library/rollout_trajectories/rollout_anchor_place_20260814_061711.json,/home/wei/code/learning_thousand_tasks/demo_library/rollout_trajectories/anchor_replay_input_anchor_place_20260814_061711.json,/home/wei/code/learning_thousand_tasks/demo_library/scene_packages/live_anchor_place_trial_anchor_place_20260814_061711_relation.json,,,,,,,,-0.417047771,-0.41595928,0.009047771,-0.406911509,3,"[0.6499999999999082, 0.2000000000003518, 0.4724999999995868]","[0.6499999999999082, 0.2000000000003518, """"]",0.1,0.1,10,"[0.1, 0.1, 0.02]",14.26048081,-5.80E-12,-5.80E-12,0.123469398,0.123469398,0.123469398,90,TRUE,TRUE
2026/8/14 6:20,anchor_place_20260814_061949,anchor_pick_place,pick the green cube and place it on the blue platform,x065_y_0.0_10cm,4,full,target_anchor,stage_replay,success,TRUE,TRUE,TRUE,,,,,explicit_demo_id,cube_place_on_blue_platform_10cm,,,cube,"[0.04380390718579291, 0.05353811681270604, 0.04165685176849365]",grasp_object,"[0.6499999999999082, 0.2000000000003518, """"]","[0.6499999999999082, 0.2000000000003518, 0.4724999999995868]","[0.6499999999999082, 0.2000000000003518, 0.4724999999995868]",gazebo_world_xy_only,base,,,"[0.6489745236637227, 0.19940248934042284, -0.4576174686237616]",0.001186853,0.648974524,0.199402489,-0.457617469,blue_placement_platform,"[0.65, 0.0, """"]","[0.65, 0.0, 0.45]","[0.6505933640183451, 0.00269618460877302, -0.47]",0.002760705,0.650593364,0.002696185,-0.47,"[0.65, 0.0, 0.45]",gazebo_world_xy_only,base,,,,,,,,,,0.648974524,0.199402489,-0.406912846,"[0.6489745236637227, 0.19940248934042284, -0.4069128463550848]","[0.6489966446293206, -0.0014544035142831215, -0.2168605029965824]",0.650593364,0.002696185,-0.47,"[0.6505933640183451, 0.00269618460877302, -0.47]","[0.0, 0.0, 0.0]",grasp_object,blue_placement_platform,"[0.659184628947146, 0.0034839885880140033, 0.4924979176776236]","[0.65, 0.0, 0.45]",0.008627309,0.009823217,0.009823217,,,TRUE,place_trajectory,75,510,1516,510,1516,2.61E-06,6.97E-07,1.54E-06,,TRUE,,FALSE,"[0.6499115513234563, 0.199862562886515]",0.001043881,0.649911551,0.199862563,0.000937028,0.000460074,,47.46011519,1.073135138,0.002743244,1.944218397,0.162588835,29.81037045,44.04343081,4,10,moveit_wrapper_v1,44.04343081,/home/wei/code/learning_thousand_tasks/demo_library/rollout_trajectories/rollout_anchor_place_20260814_061949.json,/home/wei/code/learning_thousand_tasks/demo_library/rollout_trajectories/anchor_replay_input_anchor_place_20260814_061949.json,/home/wei/code/learning_thousand_tasks/demo_library/scene_packages/live_anchor_place_trial_anchor_place_20260814_061949_relation.json,,,,,,,,-0.417047771,-0.415960617,0.009047771,-0.406912846,3,"[0.6499999999999082, 0.2000000000003518, 0.4724999999995868]","[0.6499999999999082, 0.2000000000003518, """"]",0.1,0.1,10,"[0.1, 0.1, 0.02]",9.823216651,-5.88E-12,-5.88E-12,0.156657174,0.156657174,0.156657174,90,TRUE,TRUE
2026/8/14 6:27,anchor_place_20260814_062629,anchor_pick_place,pick the green cube and place it on the blue platform,x085_y_0.0_10cm,1,full,target_anchor,stage_replay,success,TRUE,TRUE,TRUE,,,,,explicit_demo_id,cube_place_on_blue_platform_10cm,,,cube,"[0.0433065213263035, 0.05340394377708435, 0.03619156479835506]",grasp_object,"[0.6499999999999082, 0.2000000000003518, """"]","[0.6499999999999082, 0.2000000000003518, 0.4724999999995868]","[0.6499999999999082, 0.2000000000003518, 0.4724999999995868]",gazebo_world_xy_only,base,,,"[0.6485038917702117, 0.19915431019734958, -0.4570402645450306]",0.001718584,0.648503892,0.19915431,-0.457040265,blue_placement_platform,"[0.85, 0.0, """"]","[0.85, 0.0, 0.45]","[0.8506975405914161, 0.002501796537913319, -0.47]",0.002597219,0.850697541,0.002501797,-0.47,"[0.85, 0.0, 0.45]",gazebo_world_xy_only,base,,,,,,,,,,0.648503892,0.19915431,-0.411800929,"[0.6485038917702117, 0.19915431019734958, -0.41180092924649236]","[0.6489966446293206, -0.0014544035142831215, -0.2168605029965824]",0.850697541,0.002501797,-0.47,"[0.8506975405914161, 0.002501796537913319, -0.47]","[0.0, 0.0, 0.0]",grasp_object,blue_placement_platform,"[0.8622199185808372, 0.006935393944818207, 0.4924917728395735]","[0.85, 0.0, 0.45]",0.01234593,0.01405084,0.01405084,,,TRUE,place_trajectory,75,510,1028,510,1028,0.000383902,9.18E-05,0.000174098,,TRUE,,FALSE,"[0.6514152020128925, 0.1978735112832608]",0.003180593,0.651415202,0.197873511,0.00291131,-0.001280799,,54.53641629,1.060085058,0.003709078,3.106468678,0.180314302,35.17874408,50.00169134,4,10,moveit_wrapper_v1,50.00169134,/home/wei/code/learning_thousand_tasks/demo_library/rollout_trajectories/rollout_anchor_place_20260814_062629.json,/home/wei/code/learning_thousand_tasks/demo_library/rollout_trajectories/anchor_replay_input_anchor_place_20260814_062629.json,/home/wei/code/learning_thousand_tasks/demo_library/scene_packages/live_anchor_place_trial_anchor_place_20260814_062629_relation.json,,,,,,,,-0.417047771,-0.4208487,0.009047771,-0.411800929,3,"[0.6499999999999082, 0.2000000000003518, 0.4724999999995868]","[0.6499999999999082, 0.2000000000003518, """"]",0.1,0.1,10,"[0.1, 0.1, 0.02]",14.05083981,-5.73E-12,-5.73E-12,3.017617588,3.017617588,3.017617588,90,TRUE,TRUE
2026/8/14 6:29,anchor_place_20260814_062907,anchor_pick_place,pick the green cube and place it on the blue platform,x085_y_0.0_10cm,2,full,target_anchor,stage_replay,success,TRUE,TRUE,TRUE,,,,,explicit_demo_id,cube_place_on_blue_platform_10cm,,,cube,"[0.04362957775592802, 0.053491801023483276, 0.040600275993347035]",grasp_object,"[0.6499999999999082, 0.2000000000003518, """"]","[0.6499999999999082, 0.2000000000003518, 0.4724999999995868]","[0.6499999999999082, 0.2000000000003518, 0.4724999999995868]",gazebo_world_xy_only,base,,,"[0.6492387144804189, 0.199316067651252, -0.45752910485013276]",0.001023386,0.649238714,0.199316068,-0.457529105,blue_placement_platform,"[0.85, 0.0, """"]","[0.85, 0.0, 0.45]","[0.8506962720127129, 0.002901264874830641, -0.47]",0.002983644,0.850696272,0.002901265,-0.47,"[0.85, 0.0, 0.45]",gazebo_world_xy_only,base,,,,,,,,,,0.649238714,0.199316068,-0.407881058,"[0.6492387144804189, 0.199316067651252, -0.40788105835660254]","[0.6489966446293206, -0.0014544035142831215, -0.2168605029965824]",0.850696272,0.002901265,-0.47,"[0.8506962720127129, 0.002901264874830641, -0.47]","[0.0, 0.0, 0.0]",grasp_object,blue_placement_platform,"[0.8579858928767938, 0.001634875606468647, 0.4924983177075613]","[0.85, 0.0, 0.45]",0.007398805,0.008151522,0.008151522,,,TRUE,place_trajectory,75,510,1028,510,1028,0.000125178,3.11E-05,5.78E-05,,TRUE,,FALSE,"[0.6514623224461988, 0.19950470964787642]",0.002231595,0.651462322,0.19950471,0.002223608,0.000188642,,52.75585485,0.702055693,0.002797842,1.548823595,0.135481596,35.22232652,50.17159748,4,11,moveit_wrapper_v1,50.17159748,/home/wei/code/learning_thousand_tasks/demo_library/rollout_trajectories/rollout_anchor_place_20260814_062907.json,/home/wei/code/learning_thousand_tasks/demo_library/rollout_trajectories/anchor_replay_input_anchor_place_20260814_062907.json,/home/wei/code/learning_thousand_tasks/demo_library/scene_packages/live_anchor_place_trial_anchor_place_20260814_062907_relation.json,,,,,,,,-0.417047771,-0.416928829,0.009047771,-0.407881058,3,"[0.6499999999999082, 0.2000000000003518, 0.4724999999995868]","[0.6499999999999082, 0.2000000000003518, """"]",0.1,0.1,10,"[0.1, 0.1, 0.02]",8.151521532,-5.77E-12,-5.77E-12,0.070083448,0.070083448,0.070083448,90,TRUE,TRUE
2026/8/14 6:34,anchor_place_20260814_063325,anchor_pick_place,pick the green cube and place it on the blue platform,x085_y_0.0_10cm,3,full,target_anchor,stage_replay,success,TRUE,TRUE,TRUE,,,,,explicit_demo_id,cube_place_on_blue_platform_10cm,,,cube,"[0.0438014455139637, 0.05353748798370361, 0.041656494140625]",grasp_object,"[0.6499999999999082, 0.2000000000003518, """"]","[0.6499999999999082, 0.2000000000003518, 0.4724999999995868]","[0.6499999999999082, 0.2000000000003518, 0.4724999999995868]",gazebo_world_xy_only,base,,,"[0.6489790394028394, 0.199401265567838, -0.4576163764440211]",0.001183572,0.648979039,0.199401266,-0.457616376,blue_placement_platform,"[0.85, 0.0, """"]","[0.85, 0.0, 0.45]","[0.8506955282703311, 0.003111709347623649, -0.47]",0.003188494,0.850695528,0.003111709,-0.47,"[0.85, 0.0, 0.45]",gazebo_world_xy_only,base,,,,,,,,,,0.648979039,0.199401266,-0.406912112,"[0.6489790394028394, 0.199401265567838, -0.4069121118032129]","[0.6489966446293206, -0.0014544035142831215, -0.2168605029965824]",0.850695528,0.003111709,-0.47,"[0.8506955282703311, 0.003111709347623649, -0.47]","[0.0, 0.0, 0.0]",grasp_object,blue_placement_platform,"[0.8677303265583871, 0.008457117966691484, 0.49250000015432205]","[0.85, 0.0, 0.45]",0.017853788,0.019644015,0.019644015,,,TRUE,place_trajectory,75,510,1028,510,1028,7.66E-07,1.70E-07,4.35E-07,,TRUE,,FALSE,"[0.648402947075603, 0.1975225999146636]",0.001965011,0.648402947,0.1975226,-0.000576092,-0.001878666,,53.46737146,0.97802186,0.001828194,1.704848051,0.20942378,35.99403429,50.54818416,4,10,moveit_wrapper_v1,50.54818416,/home/wei/code/learning_thousand_tasks/demo_library/rollout_trajectories/rollout_anchor_place_20260814_063325.json,/home/wei/code/learning_thousand_tasks/demo_library/rollout_trajectories/anchor_replay_input_anchor_place_20260814_063325.json,/home/wei/code/learning_thousand_tasks/demo_library/scene_packages/live_anchor_place_trial_anchor_place_20260814_063325_relation.json,,,,,,,,-0.417047771,-0.415959882,0.009047771,-0.406912112,3,"[0.6499999999999082, 0.2000000000003518, 0.4724999999995868]","[0.6499999999999082, 0.2000000000003518, """"]",0.1,0.1,10,"[0.1, 0.1, 0.02]",19.64401497,-5.81E-12,-5.81E-12,13.15345083,13.15345083,13.15345083,90,TRUE,TRUE
2026/8/14 6:36,anchor_place_20260814_063603,anchor_pick_place,pick the green cube and place it on the blue platform,x085_y_0.0_10cm,4,full,target_anchor,stage_replay,success,TRUE,TRUE,TRUE,,,,,explicit_demo_id,cube_place_on_blue_platform_10cm,,,cube,"[0.04380189552903174, 0.05353748798370361, 0.04165685176849365]",grasp_object,"[0.6499999999999082, 0.2000000000003518, """"]","[0.6499999999999082, 0.2000000000003518, 0.4724999999995868]","[0.6499999999999082, 0.2000000000003518, 0.4724999999995868]",gazebo_world_xy_only,base,,,"[0.648977991410586, 0.19940152236636294, -0.45761642340294373]",0.001184347,0.648977991,0.199401522,-0.457616423,blue_placement_platform,"[0.85, 0.0, """"]","[0.85, 0.0, 0.45]","[0.8506955262063584, 0.0031122735561861085, -0.47]",0.003189044,0.850695526,0.003112274,-0.47,"[0.85, 0.0, 0.45]",gazebo_world_xy_only,base,,,,,,,,,,0.648977991,0.199401522,-0.406911801,"[0.648977991410586, 0.19940152236636294, -0.4069118011342669]","[0.6489966446293206, -0.0014544035142831215, -0.2168605029965824]",0.850695526,0.003112274,-0.47,"[0.8506955262063584, 0.0031122735561861085, -0.47]","[0.0, 0.0, 0.0]",grasp_object,blue_placement_platform,"[0.8514432403059143, 0.005243309340812392, 0.4925000001598653]","[0.85, 0.0, 0.45]",0.002258404,0.005438312,0.005438312,,,TRUE,place_trajectory,75,510,1028,510,1028,1.05E-06,2.46E-07,5.05E-07,,TRUE,,FALSE,"[0.6508669395549569, 0.1988370860471233]",0.001971475,0.65086694,0.198837086,0.001888948,-0.000564436,,52.99176049,0.859512568,0.004787445,1.815106869,0.141268253,35.56562877,49.95073676,4,10,moveit_wrapper_v1,49.95073676,/home/wei/code/learning_thousand_tasks/demo_library/rollout_trajectories/rollout_anchor_place_20260814_063603.json,/home/wei/code/learning_thousand_tasks/demo_library/rollout_trajectories/anchor_replay_input_anchor_place_20260814_063603.json,/home/wei/code/learning_thousand_tasks/demo_library/scene_packages/live_anchor_place_trial_anchor_place_20260814_063603_relation.json,,,,,,,,-0.417047771,-0.415959572,0.009047771,-0.406911801,3,"[0.6499999999999082, 0.2000000000003518, 0.4724999999995868]","[0.6499999999999082, 0.2000000000003518, """"]",0.1,0.1,10,"[0.1, 0.1, 0.02]",5.438311817,-5.81E-12,-5.81E-12,-0.117058412,0.117058412,0.117058412,90,TRUE,TRUE
