timestamp,trial_id,task_type,query,condition_id,repeat_id,method_variant,relation_alignment_mode,insert_replay_anchor_mode,trajectory_transfer_mode,outcome,success,task_success,postcheck_success,failure_stage,failure_reason,failure_category,insert_failure_detail,retrieval_mode,retrieved_demo_id,language_score,geometry_score,target_shape,target_size_xyz,target_gt_model,target_gt_xyz,target_gt_world_xyz,initial_object_xyz,target_gt_frame,target_est_frame,target_error_z_m,target_error_xyz_m,target_est_xyz,target_error_xy_m,target_perception_error_xy_m,target_perception_error_xyz_m,target_perception_error_metric,target_perception_method,target_geometry_center_method,target_x,target_y,target_z,anchor_gt_xyz,anchor_est_xyz,anchor_error_xy_m,socket_gt_model,socket_gt_xyz,socket_gt_world_xyz,initial_socket_xyz,initial_anchor_xyz,socket_gt_frame,socket_est_frame,socket_est_xyz,socket_error_xy_m,socket_perception_error_xy_m,socket_perception_error_xyz_m,socket_perception_error_metric,socket_perception_method,socket_geometry_center_method,socket_error_z_m,socket_error_xyz_m,anchor_x,anchor_y,anchor_z,target_yaw_gt_deg,target_yaw_est_deg,yaw_error_deg,grasp_x,grasp_y,grasp_z,grasp_xyz,bottleneck_xyz,place_x,place_y,place_z,place_or_insert_xyz,cylinder_size,socket_size,socket_opening,place_offset_xyz,final_object_model_name,final_socket_model_name,final_object_xyz,final_socket_xyz,final_anchor_xyz,final_target_error_xy_m,final_relation_error_xy_m,max_insert_relation_error_xy_m,rim_contact_or_collision_flag,rim_contact_xy_threshold_m,insert_depth_m,postcheck_reason,replay_used,replay_type,release_index,grasp_replay_used,grasp_replay_path,mask_pixels,anchor_mask_pixels,pointcloud_points,anchor_pointcloud_points,icp_mean_error_m,icp_median_error_m,icp_p90_error_m,planning_success,execution_success,grasp_replay_attempted,grasp_replay_success,grasp_replay_stage,grasp_replay_failure_stage,insertion_replay_attempted,insertion_replay_success,insertion_replay_stage,insertion_replay_failure_stage,scripted_fallback_used,pure_replay_execution_success,pure_replay_success,failure_stage_detail,replay_failure_stage_detail,grasp_post_close_motion_max_m,grasp_post_close_motion_max_xy_m,grasp_post_close_motion_max_z_m,grasp_post_close_mode,grasp_post_close_dwell_s,manual_success_label,total_time_s,perception_time_s,retrieval_time_s,alignment_time_s,planning_time_s,robot_execution_time_s,execution_wall_time_s,planning_call_count,robot_execution_call_count,timing_source,execution_time_s,rollout_path,replay_path,scene_package_path,manual_wall_contact,manual_contact_note,manual_contact_timestamp,insertion_interaction_success,post_release_retreat_attempted,post_release_retreat_success,diag_grasp_before_close_cylinder_hand_offset_x_m,diag_grasp_before_close_cylinder_hand_offset_y_m,diag_grasp_before_close_cylinder_hand_offset_xy_m,diag_grasp_after_close_cylinder_hand_offset_x_m,diag_grasp_after_close_cylinder_hand_offset_y_m,diag_grasp_after_close_cylinder_hand_offset_xy_m,diag_grasp_after_lift_cylinder_hand_offset_x_m,diag_grasp_after_lift_cylinder_hand_offset_y_m,diag_grasp_after_lift_cylinder_hand_offset_xy_m,diag_grasp_complete_before_transport_cylinder_hand_offset_xy_m,diag_pre_step_f_cylinder_hand_offset_x_m,diag_pre_step_f_cylinder_hand_offset_y_m,diag_pre_step_f_cylinder_hand_offset_xy_m,diag_pre_step_f_cylinder_socket_offset_x_m,diag_pre_step_f_cylinder_socket_offset_y_m,diag_pre_step_f_cylinder_socket_error_xy_m,diag_pre_step_f_replay_cylinder_socket_error_xy_m,diag_step_f_first_cylinder_socket_error_xy_m,diag_step_f_last_cylinder_socket_error_xy_m,diag_step_f_max_cylinder_socket_error_xy_m,diag_step_f_last_hand_tracking_error_xyz_m,diag_step_f_max_hand_tracking_error_xyz_m,diag_post_release_cylinder_socket_error_xy_m,insert_tracking_failure,insert_tracking_failure_chunk,insert_tracking_failure_error_m,insert_replay_tracking_error_max_m_active,diag_pre_step_f_translational_jacobian_condition_number,diag_pre_step_f_translational_jacobian_sigma_min,diag_pre_step_f_vertical_joint_velocity_gain,diag_pre_step_f_joint_limit_min_margin_normalized,diag_pre_step_f_cylinder_speed_xy_m_s,diag_pre_step_f_cylinder_tilt_deg,diag_step_f_first_translational_jacobian_condition_number,diag_step_f_last_translational_jacobian_condition_number,diag_step_f_max_translational_jacobian_condition_number,diag_step_f_first_translational_jacobian_sigma_min,diag_step_f_last_translational_jacobian_sigma_min,diag_step_f_min_translational_jacobian_sigma_min,diag_step_f_first_vertical_joint_velocity_gain,diag_step_f_last_vertical_joint_velocity_gain,diag_step_f_max_vertical_joint_velocity_gain,diag_step_f_first_joint_limit_min_margin_normalized,diag_step_f_last_joint_limit_min_margin_normalized,diag_step_f_min_joint_limit_min_margin_normalized,diag_step_f_first_cylinder_speed_xy_m_s,diag_step_f_last_cylinder_speed_xy_m_s,diag_step_f_max_cylinder_speed_xy_m_s,diag_step_f_first_cylinder_tilt_deg,diag_step_f_last_cylinder_tilt_deg,diag_step_f_max_cylinder_tilt_deg
2026/8/15 23:27,insert_20260815_232639,cylinder_insert_socket,insert the green cylinder into the blue socket,socket__x70_y0_cyl_x06_y-0.1,1,full,target_anchor,bottleneck,stage_replay,success,TRUE,TRUE,TRUE,,,,,explicit_demo_id,green_cylinder_insert_blue_socket,,,cylinder,"[0.045, 0.045, 0.1]",green_insert_cylinder,"[0.5999747371854781, -0.10000944350479976, """"]","[0.5999747371854781, -0.10000944350479976, 0.5000005942567664]","[0.5999747371854781, -0.10000944350479976, 0.5000005942567664]",gazebo_world_xy_only,base,,,"[0.5965221356632264, -0.09932566279186995, -0.432]",0.003519661,0.003519661,,xy_base_vs_gazebo_world_model_xy,dual_LangSAM_masks+PointCloud2+TF,base_pointcloud_percentile_box_center_xy,0.596522136,-0.099325663,-0.432,,,,blue_insert_socket,"[0.7, 0.0, """"]","[0.7, 0.0, 0.45]","[0.7, 0.0, 0.45]","[0.7, 0.0, 0.45]",gazebo_world_xy_only,base,"[0.6999748262720977, 1.056180982799972e-05, -0.432]",2.73E-05,2.73E-05,,xy_base_vs_gazebo_world_model_xy,dual_LangSAM_masks+PointCloud2+TF,base_pointcloud_top_band_circle_fit_xy,,,0.699974826,1.06E-05,-0.432,,,,0.596522136,-0.099325663,-0.357,"[0.5965221356632264, -0.09932566279186995, -0.357]","[0.697585478667162, 0.0032228071628622444, -0.1469368289744335]",0.699974826,1.06E-05,-0.432,"[0.6999748262720977, 1.056180982799972e-05, -0.432]","[0.045, 0.045, 0.1]","[0.085, 0.085, 0.1]","[0.055, 0.055]","[0.0, 0.0, 0.0]",green_insert_cylinder,blue_insert_socket,"[0.7020256909342505, -0.0011096879729491325, 0.5000008572086178]","[0.7, 0.0, 0.45]","[0.7, 0.0, 0.45]",0.002336879,0.002309725,0.139074279,TRUE,0.004,0.049999143,,TRUE,insertion_trajectory,75,TRUE,/home/wei/code/learning_thousand_tasks/demo_library/rollout_trajectories/insert_grasp_replay_input_insert_20260815_232639.json,666,1383,666,1383,,,,,TRUE,TRUE,TRUE,grasp_complete,,TRUE,TRUE,insertion_replay_complete,,FALSE,TRUE,TRUE,,,9.76E-05,9.48E-05,4.09E-05,dwell_only,1.001,,53.24546313,0.980990648,0.004080772,0.154579639,0,32.44244814,51.54675245,0,29,moveit_wrapper_v1,51.54675245,/home/wei/code/learning_thousand_tasks/demo_library/rollout_trajectories/rollout_insert_20260815_232639.json,/home/wei/code/learning_thousand_tasks/demo_library/rollout_trajectories/insert_replay_input_insert_20260815_232639.json,/home/wei/code/learning_thousand_tasks/demo_library/scene_packages/live_insert_trial_insert_20260815_232639_relation.json,,,,,,,,,,,,,,,,,,,,,,,,,,,,,,,,,,,,,,,,,,,,,,,,,,,,,,,,,
2026/8/15 23:39,insert_20260815_233807,cylinder_insert_socket,insert the green cylinder into the blue socket,socket__x70_y0_cyl_x06_y-0.1,2,full,target_anchor,bottleneck,stage_replay,success,TRUE,TRUE,TRUE,,,,,explicit_demo_id,green_cylinder_insert_blue_socket,,,cylinder,"[0.045, 0.045, 0.1]",green_insert_cylinder,"[0.599972612227783, -0.10001715540372927, """"]","[0.599972612227783, -0.10001715540372927, 0.5000008486044679]","[0.599972612227783, -0.10001715540372927, 0.5000008486044679]",gazebo_world_xy_only,base,,,"[0.5965311633105906, -0.09926881484701117, -0.432]",0.003521872,0.003521872,,xy_base_vs_gazebo_world_model_xy,dual_LangSAM_masks+PointCloud2+TF,base_pointcloud_percentile_box_center_xy,0.596531163,-0.099268815,-0.432,,,,blue_insert_socket,"[0.7, 0.0, """"]","[0.7, 0.0, 0.45]","[0.7, 0.0, 0.45]","[0.7, 0.0, 0.45]",gazebo_world_xy_only,base,"[0.6999758033328616, 9.535142890828479e-06, -0.432]",2.60E-05,2.60E-05,,xy_base_vs_gazebo_world_model_xy,dual_LangSAM_masks+PointCloud2+TF,base_pointcloud_top_band_circle_fit_xy,,,0.699975803,9.54E-06,-0.432,,,,0.596531163,-0.099268815,-0.357,"[0.5965311633105906, -0.09926881484701117, -0.357]","[0.697585478667162, 0.0032228071628622444, -0.1469368289744335]",0.699975803,9.54E-06,-0.432,"[0.6999758033328616, 9.535142890828479e-06, -0.432]","[0.045, 0.045, 0.1]","[0.085, 0.085, 0.1]","[0.055, 0.055]","[0.0, 0.0, 0.0]",green_insert_cylinder,blue_insert_socket,"[0.6994084708912139, -0.001164764190760623, 0.4999999340634062]","[0.7, 0.0, 0.45]","[0.7, 0.0, 0.45]",0.001304164,0.001306362,0.143036551,TRUE,0.004,0.050000066,,TRUE,insertion_trajectory,75,TRUE,/home/wei/code/learning_thousand_tasks/demo_library/rollout_trajectories/insert_grasp_replay_input_insert_20260815_233807.json,666,1383,666,1383,,,,,TRUE,TRUE,TRUE,grasp_complete,,TRUE,TRUE,insertion_replay_complete,,FALSE,TRUE,TRUE,,,9.76E-05,9.48E-05,4.09E-05,dwell_only,1.001,,53.94488907,0.810994625,0.001514673,0.051763535,0,33.67793298,52.58077836,0,29,moveit_wrapper_v1,52.58077836,/home/wei/code/learning_thousand_tasks/demo_library/rollout_trajectories/rollout_insert_20260815_233807.json,/home/wei/code/learning_thousand_tasks/demo_library/rollout_trajectories/insert_replay_input_insert_20260815_233807.json,/home/wei/code/learning_thousand_tasks/demo_library/scene_packages/live_insert_trial_insert_20260815_233807_relation.json,,,,,,,,,,,,,,,,,,,,,,,,,,,,,,,,,,,,,,,,,,,,,,,,,,,,,,,,,
2026/8/15 23:43,insert_20260815_234244,cylinder_insert_socket,insert the green cylinder into the blue socket,socket__x70_y0_cyl_x06_y-0.1,3,full,target_anchor,bottleneck,stage_replay,success,TRUE,TRUE,TRUE,,,,,explicit_demo_id,green_cylinder_insert_blue_socket,,,cylinder,"[0.045, 0.045, 0.1]",green_insert_cylinder,"[0.5999740545686543, -0.10001742299316381, """"]","[0.5999740545686543, -0.10001742299316381, 0.500000565529481]","[0.5999740545686543, -0.10001742299316381, 0.500000565529481]",gazebo_world_xy_only,base,,,"[0.5965596890597371, -0.0990194861344424, -0.432]",0.003557214,0.003557214,,xy_base_vs_gazebo_world_model_xy,dual_LangSAM_masks+PointCloud2+TF,base_pointcloud_percentile_box_center_xy,0.596559689,-0.099019486,-0.432,,,,blue_insert_socket,"[0.7, 0.0, """"]","[0.7, 0.0, 0.45]","[0.7, 0.0, 0.45]","[0.7, 0.0, 0.45]",gazebo_world_xy_only,base,"[0.6999795110803, -1.6840643889703466e-06, -0.432]",2.06E-05,2.06E-05,,xy_base_vs_gazebo_world_model_xy,dual_LangSAM_masks+PointCloud2+TF,base_pointcloud_top_band_circle_fit_xy,,,0.699979511,-1.68E-06,-0.432,,,,0.596559689,-0.099019486,-0.357,"[0.5965596890597371, -0.0990194861344424, -0.357]","[0.697585478667162, 0.0032228071628622444, -0.1469368289744335]",0.699979511,-1.68E-06,-0.432,"[0.6999795110803, -1.6840643889703466e-06, -0.432]","[0.045, 0.045, 0.1]","[0.085, 0.085, 0.1]","[0.055, 0.055]","[0.0, 0.0, 0.0]",green_insert_cylinder,blue_insert_socket,"[0.7012211677115422, 0.00043764513555934344, 0.49999992953426137]","[0.7, 0.0, 0.45]","[0.7, 0.0, 0.45]",0.001317088,0.001297222,0.127615582,TRUE,0.004,0.05000007,,TRUE,insertion_trajectory,75,TRUE,/home/wei/code/learning_thousand_tasks/demo_library/rollout_trajectories/insert_grasp_replay_input_insert_20260815_234244.json,666,1383,666,1383,,,,,TRUE,TRUE,TRUE,grasp_complete,,TRUE,TRUE,insertion_replay_complete,,FALSE,TRUE,TRUE,,,9.76E-05,9.48E-05,4.09E-05,dwell_only,1.001,,54.74388838,0.772413731,0.003350496,0.052094221,0,34.32208633,53.19924235,0,29,moveit_wrapper_v1,53.19924235,/home/wei/code/learning_thousand_tasks/demo_library/rollout_trajectories/rollout_insert_20260815_234244.json,/home/wei/code/learning_thousand_tasks/demo_library/rollout_trajectories/insert_replay_input_insert_20260815_234244.json,/home/wei/code/learning_thousand_tasks/demo_library/scene_packages/live_insert_trial_insert_20260815_234244_relation.json,,,,,,,,,,,,,,,,,,,,,,,,,,,,,,,,,,,,,,,,,,,,,,,,,,,,,,,,,
2026/8/15 23:46,insert_20260815_234540,cylinder_insert_socket,insert the green cylinder into the blue socket,socket__x70_y0_cyl_x06_y-0.1,4,full,target_anchor,bottleneck,stage_replay,success,TRUE,TRUE,TRUE,,,,,explicit_demo_id,green_cylinder_insert_blue_socket,,,cylinder,"[0.045, 0.045, 0.1]",green_insert_cylinder,"[0.5999774830027299, -0.10001595022297648, """"]","[0.5999774830027299, -0.10001595022297648, 0.4999988974999996]","[0.5999774830027299, -0.10001595022297648, 0.4999988974999996]",gazebo_world_xy_only,base,,,"[0.5965565004048883, -0.09902295283263997, -0.432]",0.003562186,0.003562186,,xy_base_vs_gazebo_world_model_xy,dual_LangSAM_masks+PointCloud2+TF,base_pointcloud_percentile_box_center_xy,0.5965565,-0.099022953,-0.432,,,,blue_insert_socket,"[0.7, 0.0, """"]","[0.7, 0.0, 0.45]","[0.7, 0.0, 0.45]","[0.7, 0.0, 0.45]",gazebo_world_xy_only,base,"[0.6999795758396322, -1.8116666147725165e-06, -0.432]",2.05E-05,2.05E-05,,xy_base_vs_gazebo_world_model_xy,dual_LangSAM_masks+PointCloud2+TF,base_pointcloud_top_band_circle_fit_xy,,,0.699979576,-1.81E-06,-0.432,,,,0.5965565,-0.099022953,-0.357,"[0.5965565004048883, -0.09902295283263997, -0.357]","[0.697585478667162, 0.0032228071628622444, -0.1469368289744335]",0.699979576,-1.81E-06,-0.432,"[0.6999795758396322, -1.8116666147725165e-06, -0.432]","[0.045, 0.045, 0.1]","[0.085, 0.085, 0.1]","[0.055, 0.055]","[0.0, 0.0, 0.0]",green_insert_cylinder,blue_insert_socket,"[0.7003384318674812, 0.0028408901201212693, 0.4999998959447267]","[0.7, 0.0, 0.45]","[0.7, 0.0, 0.45]",0.002865263,0.002860978,0.147078194,TRUE,0.004,0.050000104,,TRUE,insertion_trajectory,75,TRUE,/home/wei/code/learning_thousand_tasks/demo_library/rollout_trajectories/insert_grasp_replay_input_insert_20260815_234540.json,666,1383,666,1383,,,,,TRUE,TRUE,TRUE,grasp_complete,,TRUE,TRUE,insertion_replay_complete,,FALSE,TRUE,TRUE,,,9.76E-05,9.48E-05,4.09E-05,dwell_only,1.001,,55.82319999,0.952961683,0.008045197,0.014856815,0,34.99727273,54.22471786,0,29,moveit_wrapper_v1,54.22471786,/home/wei/code/learning_thousand_tasks/demo_library/rollout_trajectories/rollout_insert_20260815_234540.json,/home/wei/code/learning_thousand_tasks/demo_library/rollout_trajectories/insert_replay_input_insert_20260815_234540.json,/home/wei/code/learning_thousand_tasks/demo_library/scene_packages/live_insert_trial_insert_20260815_234540_relation.json,,,,,,,,,,,,,,,,,,,,,,,,,,,,,,,,,,,,,,,,,,,,,,,,,,,,,,,,,
2026/8/15 23:55,insert_20260815_235441,cylinder_insert_socket,insert the green cylinder into the blue socket,socket__x70_y0_cyl_x06_y0.1,1,full,target_anchor,bottleneck,stage_replay,success,TRUE,TRUE,TRUE,,,,,explicit_demo_id,green_cylinder_insert_blue_socket,,,cylinder,"[0.045, 0.045, 0.1]",green_insert_cylinder,"[0.6006976888114175, 0.10025320749523851, """"]","[0.6006976888114175, 0.10025320749523851, 0.5000005612915915]","[0.6006976888114175, 0.10025320749523851, 0.5000005612915915]",gazebo_world_xy_only,base,,,"[0.5969189751838714, 0.09931462288474655, -0.432]",0.003893535,0.003893535,,xy_base_vs_gazebo_world_model_xy,dual_LangSAM_masks+PointCloud2+TF,base_pointcloud_percentile_box_center_xy,0.596918975,0.099314623,-0.432,,,,blue_insert_socket,"[0.7, 0.0, """"]","[0.7, 0.0, 0.45]","[0.7, 0.0, 0.45]","[0.7, 0.0, 0.45]",gazebo_world_xy_only,base,"[0.6999795960648911, -1.5702840415852634e-06, -0.432]",2.05E-05,2.05E-05,,xy_base_vs_gazebo_world_model_xy,dual_LangSAM_masks+PointCloud2+TF,base_pointcloud_top_band_circle_fit_xy,,,0.699979596,-1.57E-06,-0.432,,,,0.596918975,0.099314623,-0.357,"[0.5969189751838714, 0.09931462288474655, -0.357]","[0.697585478667162, 0.0032228071628622444, -0.1469368289744335]",0.699979596,-1.57E-06,-0.432,"[0.6999795960648911, -1.5702840415852634e-06, -0.432]","[0.045, 0.045, 0.1]","[0.085, 0.085, 0.1]","[0.055, 0.055]","[0.0, 0.0, 0.0]",green_insert_cylinder,blue_insert_socket,"[0.7021899315153174, 0.0012169750243504953, 0.4999988938895955]","[0.7, 0.0, 0.45]","[0.7, 0.0, 0.45]",0.002523972,0.00250536,0.134348514,TRUE,0.004,0.050001106,,TRUE,insertion_trajectory,75,TRUE,/home/wei/code/learning_thousand_tasks/demo_library/rollout_trajectories/insert_grasp_replay_input_insert_20260815_235441.json,670,1383,670,1383,,,,,TRUE,TRUE,TRUE,grasp_complete,,TRUE,TRUE,insertion_replay_complete,,FALSE,TRUE,TRUE,,,9.76E-05,9.48E-05,4.09E-05,dwell_only,1.001,,55.47139788,0.773287535,0.0033319,0.023643017,0,34.65964055,53.6470058,0,29,moveit_wrapper_v1,53.6470058,/home/wei/code/learning_thousand_tasks/demo_library/rollout_trajectories/rollout_insert_20260815_235441.json,/home/wei/code/learning_thousand_tasks/demo_library/rollout_trajectories/insert_replay_input_insert_20260815_235441.json,/home/wei/code/learning_thousand_tasks/demo_library/scene_packages/live_insert_trial_insert_20260815_235441_relation.json,,,,,,,,,,,,,,,,,,,,,,,,,,,,,,,,,,,,,,,,,,,,,,,,,,,,,,,,,
2026/8/15 23:59,insert_20260815_235813,cylinder_insert_socket,insert the green cylinder into the blue socket,socket__x70_y0_cyl_x06_y0.1,2,full,target_anchor,bottleneck,stage_replay,success,TRUE,TRUE,TRUE,,,,,explicit_demo_id,green_cylinder_insert_blue_socket,,,cylinder,"[0.045, 0.045, 0.1]",green_insert_cylinder,"[0.600088150311316, 0.1000620014935208, """"]","[0.600088150311316, 0.1000620014935208, 0.5000008441572757]","[0.600088150311316, 0.1000620014935208, 0.5000008441572757]",gazebo_world_xy_only,base,,,"[0.5966173937145172, 0.09940683586148766, -0.432]",0.003532052,0.003532052,,xy_base_vs_gazebo_world_model_xy,dual_LangSAM_masks+PointCloud2+TF,base_pointcloud_percentile_box_center_xy,0.596617394,0.099406836,-0.432,,,,blue_insert_socket,"[0.7, 0.0, """"]","[0.7, 0.0, 0.45]","[0.7, 0.0, 0.45]","[0.7, 0.0, 0.45]",gazebo_world_xy_only,base,"[0.6999795518067645, -1.576495261976251e-06, -0.432]",2.05E-05,2.05E-05,,xy_base_vs_gazebo_world_model_xy,dual_LangSAM_masks+PointCloud2+TF,base_pointcloud_top_band_circle_fit_xy,,,0.699979552,-1.58E-06,-0.432,,,,0.596617394,0.099406836,-0.357,"[0.5966173937145172, 0.09940683586148766, -0.357]","[0.697585478667162, 0.0032228071628622444, -0.1469368289744335]",0.699979552,-1.58E-06,-0.432,"[0.6999795518067645, -1.576495261976251e-06, -0.432]","[0.045, 0.045, 0.1]","[0.085, 0.085, 0.1]","[0.055, 0.055]","[0.0, 0.0, 0.0]",green_insert_cylinder,blue_insert_socket,"[0.7039913994862576, -0.0009502864348240154, 0.4999989081512697]","[0.7, 0.0, 0.45]","[0.7, 0.0, 0.45]",0.004122496,0.004102964,0.134348005,TRUE,0.004,0.050001092,,TRUE,insertion_trajectory,75,TRUE,/home/wei/code/learning_thousand_tasks/demo_library/rollout_trajectories/insert_grasp_replay_input_insert_20260815_235813.json,670,1383,670,1383,,,,,TRUE,TRUE,TRUE,grasp_complete,,TRUE,TRUE,insertion_replay_complete,,FALSE,TRUE,TRUE,,,9.76E-05,9.48E-05,4.09E-05,dwell_only,1.001,,56.34532285,1.001753569,0.010117531,0.036807299,0,35.37930012,54.6638031,0,29,moveit_wrapper_v1,54.6638031,/home/wei/code/learning_thousand_tasks/demo_library/rollout_trajectories/rollout_insert_20260815_235813.json,/home/wei/code/learning_thousand_tasks/demo_library/rollout_trajectories/insert_replay_input_insert_20260815_235813.json,/home/wei/code/learning_thousand_tasks/demo_library/scene_packages/live_insert_trial_insert_20260815_235813_relation.json,,,,,,,,,,,,,,,,,,,,,,,,,,,,,,,,,,,,,,,,,,,,,,,,,,,,,,,,,
2026/8/16 0:35,insert_20260816_003448,cylinder_insert_socket,insert the green cylinder into the blue socket,socket__x70_y0_cyl_x06_y0.1,3,full,target_anchor,bottleneck,stage_replay,success,TRUE,TRUE,TRUE,,,,,explicit_demo_id,green_cylinder_insert_blue_socket,,,cylinder,"[0.045, 0.045, 0.1]",green_insert_cylinder,"[0.6001179935058647, 0.10006642358247761, """"]","[0.6001179935058647, 0.10006642358247761, 0.49999889402722014]","[0.6001179935058647, 0.10006642358247761, 0.49999889402722014]",gazebo_world_xy_only,base,,,"[0.5966298744496187, 0.09940763647190765, -0.432]",0.003549785,0.003549785,,xy_base_vs_gazebo_world_model_xy,dual_LangSAM_masks+PointCloud2+TF,base_pointcloud_percentile_box_center_xy,0.596629874,0.099407636,-0.432,,,,blue_insert_socket,"[0.7, 0.0, """"]","[0.7, 0.0, 0.45]","[0.7, 0.0, 0.45]","[0.7, 0.0, 0.45]",gazebo_world_xy_only,base,"[0.6999795588915463, -1.6466979282712752e-06, -0.432]",2.05E-05,2.05E-05,,xy_base_vs_gazebo_world_model_xy,dual_LangSAM_masks+PointCloud2+TF,base_pointcloud_top_band_circle_fit_xy,,,0.699979559,-1.65E-06,-0.432,,,,0.596629874,0.099407636,-0.357,"[0.5966298744496187, 0.09940763647190765, -0.357]","[0.697585478667162, 0.0032228071628622444, -0.1469368289744335]",0.699979559,-1.65E-06,-0.432,"[0.6999795588915463, -1.6466979282712752e-06, -0.432]","[0.045, 0.045, 0.1]","[0.085, 0.085, 0.1]","[0.055, 0.055]","[0.0, 0.0, 0.0]",green_insert_cylinder,blue_insert_socket,"[0.7026999458347838, -0.0010398847454902158, 0.5000008572064473]","[0.7, 0.0, 0.45]","[0.7, 0.0, 0.45]",0.002911777,0.00289328,0.147891556,TRUE,0.004,0.049999143,,TRUE,insertion_trajectory,75,TRUE,/home/wei/code/learning_thousand_tasks/demo_library/rollout_trajectories/insert_grasp_replay_input_insert_20260816_003448.json,670,1383,670,1383,,,,,TRUE,TRUE,TRUE,grasp_complete,,TRUE,TRUE,insertion_replay_complete,,FALSE,TRUE,TRUE,,,9.76E-05,9.48E-05,4.09E-05,dwell_only,1.001,,56.77121067,1.231241941,0.010153055,0.049317122,0,35.26764369,54.80256414,0,29,moveit_wrapper_v1,54.80256414,/home/wei/code/learning_thousand_tasks/demo_library/rollout_trajectories/rollout_insert_20260816_003448.json,/home/wei/code/learning_thousand_tasks/demo_library/rollout_trajectories/insert_replay_input_insert_20260816_003448.json,/home/wei/code/learning_thousand_tasks/demo_library/scene_packages/live_insert_trial_insert_20260816_003448_relation.json,,,,,,,,,,,,,,,,,,,,,,,,,,,,,,,,,,,,,,,,,,,,,,,,,,,,,,,,,
2026/8/16 0:39,insert_20260816_003817,cylinder_insert_socket,insert the green cylinder into the blue socket,socket__x70_y0_cyl_x06_y0.1,4,full,target_anchor,bottleneck,stage_replay,success,TRUE,TRUE,TRUE,,,,,explicit_demo_id,green_cylinder_insert_blue_socket,,,cylinder,"[0.045, 0.045, 0.1]",green_insert_cylinder,"[0.6001080834738809, 0.10006711363316993, """"]","[0.6001080834738809, 0.10006711363316993, 0.5000005613740431]","[0.6001080834738809, 0.10006711363316993, 0.5000005613740431]",gazebo_world_xy_only,base,,,"[0.5979649625504859, 0.09906802155864237, -0.432]",0.002364562,0.002364562,,xy_base_vs_gazebo_world_model_xy,dual_LangSAM_masks+PointCloud2+TF,base_pointcloud_percentile_box_center_xy,0.597964963,0.099068022,-0.432,,,,blue_insert_socket,"[0.7, 0.0, """"]","[0.7, 0.0, 0.45]","[0.7, 0.0, 0.45]","[0.7, 0.0, 0.45]",gazebo_world_xy_only,base,"[0.6999764924346166, 9.581223827730568e-06, -0.432]",2.54E-05,2.54E-05,,xy_base_vs_gazebo_world_model_xy,dual_LangSAM_masks+PointCloud2+TF,base_pointcloud_top_band_circle_fit_xy,,,0.699976492,9.58E-06,-0.432,,,,0.597964963,0.099068022,-0.357,"[0.5979649625504859, 0.09906802155864237, -0.357]","[0.697585478667162, 0.0032228071628622444, -0.1469368289744335]",0.699976492,9.58E-06,-0.432,"[0.6999764924346166, 9.581223827730568e-06, -0.432]","[0.045, 0.045, 0.1]","[0.085, 0.085, 0.1]","[0.055, 0.055]","[0.0, 0.0, 0.0]",green_insert_cylinder,blue_insert_socket,"[0.7025789299710161, -0.0020592622919264557, 0.5000005826117752]","[0.7, 0.0, 0.45]","[0.7, 0.0, 0.45]",0.003324574,0.003300218,0.147638825,TRUE,0.004,0.049999417,,TRUE,insertion_trajectory,75,TRUE,/home/wei/code/learning_thousand_tasks/demo_library/rollout_trajectories/insert_grasp_replay_input_insert_20260816_003817.json,670,1383,670,1383,,,,,TRUE,TRUE,TRUE,grasp_complete,,TRUE,TRUE,insertion_replay_complete,,FALSE,TRUE,TRUE,,,9.76E-05,9.48E-05,4.09E-05,dwell_only,1.001,,56.75207853,1.169345856,0.001988411,0.073906183,0,35.77262664,54.86560512,0,29,moveit_wrapper_v1,54.86560512,/home/wei/code/learning_thousand_tasks/demo_library/rollout_trajectories/rollout_insert_20260816_003817.json,/home/wei/code/learning_thousand_tasks/demo_library/rollout_trajectories/insert_replay_input_insert_20260816_003817.json,/home/wei/code/learning_thousand_tasks/demo_library/scene_packages/live_insert_trial_insert_20260816_003817_relation.json,,,,,,,,,,,,,,,,,,,,,,,,,,,,,,,,,,,,,,,,,,,,,,,,,,,,,,,,,
2026/8/16 1:14,insert_20260816_011312,cylinder_insert_socket,insert the green cylinder into the blue socket,socket__x70_y0_cyl_x08_y0.1,1,full,target_anchor,bottleneck,stage_replay,success,TRUE,TRUE,TRUE,,,,,explicit_demo_id,green_cylinder_insert_blue_socket,,,cylinder,"[0.045, 0.045, 0.1]",green_insert_cylinder,"[0.800073004829738, 0.10000966654196673, """"]","[0.800073004829738, 0.10000966654196673, 0.5000005679507713]","[0.800073004829738, 0.10000966654196673, 0.5000005679507713]",gazebo_world_xy_only,base,,,"[0.7974017227963477, 0.09974873546887165, -0.432]",0.002683996,0.002683996,,xy_base_vs_gazebo_world_model_xy,dual_LangSAM_masks+PointCloud2+TF,base_pointcloud_percentile_box_center_xy,0.797401723,0.099748735,-0.432,,,,blue_insert_socket,"[0.7, 0.0, """"]","[0.7, 0.0, 0.45]","[0.7, 0.0, 0.45]","[0.7, 0.0, 0.45]",gazebo_world_xy_only,base,"[0.6999796264766074, -7.833834712010531e-06, -0.432]",2.18E-05,2.18E-05,,xy_base_vs_gazebo_world_model_xy,dual_LangSAM_masks+PointCloud2+TF,base_pointcloud_top_band_circle_fit_xy,,,0.699979626,-7.83E-06,-0.432,,,,0.797401723,0.099748735,-0.357,"[0.7974017227963477, 0.09974873546887165, -0.357]","[0.697585478667162, 0.0032228071628622444, -0.1469368289744335]",0.699979626,-7.83E-06,-0.432,"[0.6999796264766074, -7.833834712010531e-06, -0.432]","[0.045, 0.045, 0.1]","[0.085, 0.085, 0.1]","[0.055, 0.055]","[0.0, 0.0, 0.0]",green_insert_cylinder,blue_insert_socket,"[0.702210796420552, 0.0006181689053884377, 0.5000008594272399]","[0.7, 0.0, 0.45]","[0.7, 0.0, 0.45]",0.002317326,0.002295594,0.137218848,TRUE,0.004,0.049999141,,TRUE,insertion_trajectory,75,TRUE,/home/wei/code/learning_thousand_tasks/demo_library/rollout_trajectories/insert_grasp_replay_input_insert_20260816_011312.json,512,1383,512,1383,,,,,TRUE,TRUE,TRUE,grasp_complete,,TRUE,TRUE,insertion_replay_complete,,FALSE,TRUE,TRUE,,,9.76E-05,9.48E-05,4.09E-05,dwell_only,1.001,,69.53259993,0.881889343,0.007109165,0.049736977,0,49.3873415,68.05963254,0,29,moveit_wrapper_v1,68.05963254,/home/wei/code/learning_thousand_tasks/demo_library/rollout_trajectories/rollout_insert_20260816_011312.json,/home/wei/code/learning_thousand_tasks/demo_library/rollout_trajectories/insert_replay_input_insert_20260816_011312.json,/home/wei/code/learning_thousand_tasks/demo_library/scene_packages/live_insert_trial_insert_20260816_011312_relation.json,,,,,,,,,,,,,,,,,,,,,,,,,,,,,,,,,,,,,,,,,,,,,,,,,,,,,,,,,
2026/8/16 1:17,insert_20260816_011631,cylinder_insert_socket,insert the green cylinder into the blue socket,socket__x70_y0_cyl_x08_y0.1,2,full,target_anchor,bottleneck,stage_replay,success,TRUE,TRUE,TRUE,,,,,explicit_demo_id,green_cylinder_insert_blue_socket,,,cylinder,"[0.045, 0.045, 0.1]",green_insert_cylinder,"[0.8000728129293594, 0.1000058309280173, """"]","[0.8000728129293594, 0.1000058309280173, 0.49999889922275037]","[0.8000728129293594, 0.1000058309280173, 0.49999889922275037]",gazebo_world_xy_only,base,,,"[0.7974278007261111, 0.0993477777515161, -0.432]",0.002725642,0.002725642,,xy_base_vs_gazebo_world_model_xy,dual_LangSAM_masks+PointCloud2+TF,base_pointcloud_percentile_box_center_xy,0.797427801,0.099347778,-0.432,,,,blue_insert_socket,"[0.7, 0.0, """"]","[0.7, 0.0, 0.45]","[0.7, 0.0, 0.45]","[0.7, 0.0, 0.45]",gazebo_world_xy_only,base,"[0.6999785745835778, 8.326397347847165e-06, -0.432]",2.30E-05,2.30E-05,,xy_base_vs_gazebo_world_model_xy,dual_LangSAM_masks+PointCloud2+TF,base_pointcloud_top_band_circle_fit_xy,,,0.699978575,8.33E-06,-0.432,,,,0.797427801,0.099347778,-0.357,"[0.7974278007261111, 0.0993477777515161, -0.357]","[0.697585478667162, 0.0032228071628622444, -0.1469368289744335]",0.699978575,8.33E-06,-0.432,"[0.6999785745835778, 8.326397347847165e-06, -0.432]","[0.045, 0.045, 0.1]","[0.085, 0.085, 0.1]","[0.055, 0.055]","[0.0, 0.0, 0.0]",green_insert_cylinder,blue_insert_socket,"[0.702088212982969, 0.0020267513982103426, 0.5000008725678338]","[0.7, 0.0, 0.45]","[0.7, 0.0, 0.45]",0.002919694,0.002910044,0.136966763,TRUE,0.004,0.049999127,,TRUE,insertion_trajectory,75,TRUE,/home/wei/code/learning_thousand_tasks/demo_library/rollout_trajectories/insert_grasp_replay_input_insert_20260816_011631.json,512,1383,512,1383,,,,,TRUE,TRUE,TRUE,grasp_complete,,TRUE,TRUE,insertion_replay_complete,,FALSE,TRUE,TRUE,,,9.76E-05,9.48E-05,4.09E-05,dwell_only,1.001,,67.73660707,1.227582455,0.010135412,0.025314093,0,46.77029967,66.02364802,0,29,moveit_wrapper_v1,66.02364802,/home/wei/code/learning_thousand_tasks/demo_library/rollout_trajectories/rollout_insert_20260816_011631.json,/home/wei/code/learning_thousand_tasks/demo_library/rollout_trajectories/insert_replay_input_insert_20260816_011631.json,/home/wei/code/learning_thousand_tasks/demo_library/scene_packages/live_insert_trial_insert_20260816_011631_relation.json,,,,,,,,,,,,,,,,,,,,,,,,,,,,,,,,,,,,,,,,,,,,,,,,,,,,,,,,,
2026/8/16 1:20,insert_20260816_011927,cylinder_insert_socket,insert the green cylinder into the blue socket,socket__x70_y0_cyl_x08_y0.1,3,full,target_anchor,bottleneck,stage_replay,success,TRUE,TRUE,,,,,,explicit_demo_id,green_cylinder_insert_blue_socket,,,cylinder,"[0.045, 0.045, 0.1]",green_insert_cylinder,"[0.8000720105072654, 0.10001074257390594, """"]","[0.8000720105072654, 0.10001074257390594, 0.4999989152549902]","[0.8000720105072654, 0.10001074257390594, 0.4999989152549902]",gazebo_world_xy_only,base,,,"[0.7974104055181803, 0.09959792582266122, -0.432]",0.002693429,0.002693429,,xy_base_vs_gazebo_world_model_xy,dual_LangSAM_masks+PointCloud2+TF,base_pointcloud_percentile_box_center_xy,0.797410406,0.099597926,-0.432,,,,blue_insert_socket,"[0.7, 0.0, """"]","[0.7, 0.0, 0.45]","[0.7, 0.0, 0.45]","[0.7, 0.0, 0.45]",gazebo_world_xy_only,base,"[0.6999795712544522, -1.5443198470202084e-06, -0.432]",2.05E-05,2.05E-05,,xy_base_vs_gazebo_world_model_xy,dual_LangSAM_masks+PointCloud2+TF,base_pointcloud_top_band_circle_fit_xy,,,0.699979571,-1.54E-06,-0.432,,,,0.797410406,0.099597926,-0.357,"[0.7974104055181803, 0.09959792582266122, -0.357]","[0.697585478667162, 0.0032228071628622444, -0.1469368289744335]",0.699979571,-1.54E-06,-0.432,"[0.6999795712544522, -1.5443198470202084e-06, -0.432]","[0.045, 0.045, 0.1]","[0.085, 0.085, 0.1]","[0.055, 0.055]","[0.0, 0.0, 0.0]",,,"["""", """", """"]","["""", """", """"]","["""", """", """"]",,,0.141114524,TRUE,0.004,,manual video adjudication: task success; automatic postcheck not run because Step H post-release retreat failed,TRUE,insertion_trajectory,75,TRUE,/home/wei/code/learning_thousand_tasks/demo_library/rollout_trajectories/insert_grasp_replay_input_insert_20260816_011927.json,512,1383,512,1383,,,,,FALSE,TRUE,TRUE,grasp_complete,,TRUE,FALSE,insertion_step_h_replay,insertion_step_h_replay,FALSE,FALSE,FALSE,insertion_step_h_replay,insertion_step_h_replay,9.76E-05,9.48E-05,4.09E-05,dwell_only,1.001,success_video_verified,68.59866357,1.16383481,0.015244484,0.03691864,0,47.22431827,66.71812105,0,29,moveit_wrapper_v1,66.71812105,/home/wei/code/learning_thousand_tasks/demo_library/rollout_trajectories/rollout_insert_20260816_011927.json,/home/wei/code/learning_thousand_tasks/demo_library/rollout_trajectories/insert_replay_input_insert_20260816_011927.json,/home/wei/code/learning_thousand_tasks/demo_library/scene_packages/live_insert_trial_insert_20260816_011927_relation.json,,,,,,,,,,,,,,,,,,,,,,,,,,,,,,,,,,,,,,,,,,,,,,,,,,,,,,,,,
2026/8/16 1:27,insert_20260816_012641,cylinder_insert_socket,insert the green cylinder into the blue socket,socket__x70_y0_cyl_x08_y0.1,4,full,target_anchor,bottleneck,stage_replay,success,TRUE,TRUE,TRUE,,,,,explicit_demo_id,green_cylinder_insert_blue_socket,,,cylinder,"[0.045, 0.045, 0.1]",green_insert_cylinder,"[0.8001046789278282, 0.09999951124337778, """"]","[0.8001046789278282, 0.09999951124337778, 0.5000005679510019]","[0.8001046789278282, 0.09999951124337778, 0.5000005679510019]",gazebo_world_xy_only,base,,,"[0.7974272271631615, 0.09957652432508182, -0.432]",0.002710658,0.002710658,,xy_base_vs_gazebo_world_model_xy,dual_LangSAM_masks+PointCloud2+TF,base_pointcloud_percentile_box_center_xy,0.797427227,0.099576524,-0.432,,,,blue_insert_socket,"[0.7, 0.0, """"]","[0.7, 0.0, 0.45]","[0.7, 0.0, 0.45]","[0.7, 0.0, 0.45]",gazebo_world_xy_only,base,"[0.6999795588916018, -1.6228244646370397e-06, -0.432]",2.05E-05,2.05E-05,,xy_base_vs_gazebo_world_model_xy,dual_LangSAM_masks+PointCloud2+TF,base_pointcloud_top_band_circle_fit_xy,,,0.699979559,-1.62E-06,-0.432,,,,0.797427227,0.099576524,-0.357,"[0.7974272271631615, 0.09957652432508182, -0.357]","[0.697585478667162, 0.0032228071628622444, -0.1469368289744335]",0.699979559,-1.62E-06,-0.432,"[0.6999795588916018, -1.6228244646370397e-06, -0.432]","[0.045, 0.045, 0.1]","[0.085, 0.085, 0.1]","[0.055, 0.055]","[0.0, 0.0, 0.0]",green_insert_cylinder,blue_insert_socket,"[0.7011153382976534, 0.0010944818311952671, 0.49999890885606146]","[0.7, 0.0, 0.45]","[0.7, 0.0, 0.45]",0.00157843,0.001562648,0.142280542,TRUE,0.004,0.050001091,,TRUE,insertion_trajectory,75,TRUE,/home/wei/code/learning_thousand_tasks/demo_library/rollout_trajectories/insert_grasp_replay_input_insert_20260816_012641.json,512,1383,512,1383,,,,,TRUE,TRUE,TRUE,grasp_complete,,TRUE,TRUE,insertion_replay_complete,,FALSE,TRUE,TRUE,,,9.76E-05,9.48E-05,4.09E-05,dwell_only,1.001,,78.62214327,1.018654108,0.002276182,0.022669554,0,57.59569669,76.90408587,0,29,moveit_wrapper_v1,76.90408587,/home/wei/code/learning_thousand_tasks/demo_library/rollout_trajectories/rollout_insert_20260816_012641.json,/home/wei/code/learning_thousand_tasks/demo_library/rollout_trajectories/insert_replay_input_insert_20260816_012641.json,/home/wei/code/learning_thousand_tasks/demo_library/scene_packages/live_insert_trial_insert_20260816_012641_relation.json,,,,,,,,,,,,,,,,,,,,,,,,,,,,,,,,,,,,,,,,,,,,,,,,,,,,,,,,,
2026/8/16 1:35,insert_20260816_013436,cylinder_insert_socket,insert the green cylinder into the blue socket,socket__x70_y0_cyl_x08_y-0.1,1,full,target_anchor,bottleneck,stage_replay,success,TRUE,TRUE,TRUE,,,,,explicit_demo_id,green_cylinder_insert_blue_socket,,,cylinder,"[0.045, 0.045, 0.1]",green_insert_cylinder,"[0.8003317092493433, -0.09985967046379234, """"]","[0.8003317092493433, -0.09985967046379234, 0.5000008441255659]","[0.8003317092493433, -0.09985967046379234, 0.5000008441255659]",gazebo_world_xy_only,base,,,"[0.7975408222613768, -0.09962946445536698, -0.432]",0.002800365,0.002800365,,xy_base_vs_gazebo_world_model_xy,dual_LangSAM_masks+PointCloud2+TF,base_pointcloud_percentile_box_center_xy,0.797540822,-0.099629464,-0.432,,,,blue_insert_socket,"[0.7, 0.0, """"]","[0.7, 0.0, 0.45]","[0.7, 0.0, 0.45]","[0.7, 0.0, 0.45]",gazebo_world_xy_only,base,"[0.6999795924845644, -1.7621099520222597e-06, -0.432]",2.05E-05,2.05E-05,,xy_base_vs_gazebo_world_model_xy,dual_LangSAM_masks+PointCloud2+TF,base_pointcloud_top_band_circle_fit_xy,,,0.699979592,-1.76E-06,-0.432,,,,0.797540822,-0.099629464,-0.357,"[0.7975408222613768, -0.09962946445536698, -0.357]","[0.697585478667162, 0.0032228071628622444, -0.1469368289744335]",0.699979592,-1.76E-06,-0.432,"[0.6999795924845644, -1.7621099520222597e-06, -0.432]","[0.045, 0.045, 0.1]","[0.085, 0.085, 0.1]","[0.055, 0.055]","[0.0, 0.0, 0.0]",green_insert_cylinder,blue_insert_socket,"[0.6993749317336919, -0.001827712724254346, 0.5000006256009584]","[0.7, 0.0, 0.45]","[0.7, 0.0, 0.45]",0.001923463,0.001931643,0.146245166,TRUE,0.004,0.049999374,,TRUE,insertion_trajectory,75,TRUE,/home/wei/code/learning_thousand_tasks/demo_library/rollout_trajectories/insert_grasp_replay_input_insert_20260816_013436.json,513,1383,513,1383,,,,,TRUE,TRUE,TRUE,grasp_complete,,TRUE,TRUE,insertion_replay_complete,,FALSE,TRUE,TRUE,,,9.76E-05,9.48E-05,4.09E-05,dwell_only,1.001,,70.10480833,1.048228502,0.00171423,0.031071901,0,49.60692859,68.23191953,0,29,moveit_wrapper_v1,68.23191953,/home/wei/code/learning_thousand_tasks/demo_library/rollout_trajectories/rollout_insert_20260816_013436.json,/home/wei/code/learning_thousand_tasks/demo_library/rollout_trajectories/insert_replay_input_insert_20260816_013436.json,/home/wei/code/learning_thousand_tasks/demo_library/scene_packages/live_insert_trial_insert_20260816_013436_relation.json,,,,,,,,,,,,,,,,,,,,,,,,,,,,,,,,,,,,,,,,,,,,,,,,,,,,,,,,,
2026/8/16 1:38,insert_20260816_013734,cylinder_insert_socket,insert the green cylinder into the blue socket,socket__x70_y0_cyl_x08_y-0.1,2,full,target_anchor,bottleneck,stage_replay,success,TRUE,TRUE,TRUE,,,,,explicit_demo_id,green_cylinder_insert_blue_socket,,,cylinder,"[0.045, 0.045, 0.1]",green_insert_cylinder,"[0.8000777579686942, -0.09994665782128304, """"]","[0.8000777579686942, -0.09994665782128304, 0.49999889403260284]","[0.8000777579686942, -0.09994665782128304, 0.49999889403260284]",gazebo_world_xy_only,base,,,"[0.7974148714797027, -0.09964762463924462, -0.432]",0.002679624,0.002679624,,xy_base_vs_gazebo_world_model_xy,dual_LangSAM_masks+PointCloud2+TF,base_pointcloud_percentile_box_center_xy,0.797414871,-0.099647625,-0.432,,,,blue_insert_socket,"[0.7, 0.0, """"]","[0.7, 0.0, 0.45]","[0.7, 0.0, 0.45]","[0.7, 0.0, 0.45]",gazebo_world_xy_only,base,"[0.6999795952751848, -1.669212197507278e-06, -0.432]",2.05E-05,2.05E-05,,xy_base_vs_gazebo_world_model_xy,dual_LangSAM_masks+PointCloud2+TF,base_pointcloud_top_band_circle_fit_xy,,,0.699979595,-1.67E-06,-0.432,,,,0.797414871,-0.099647625,-0.357,"[0.7974148714797027, -0.09964762463924462, -0.357]","[0.697585478667162, 0.0032228071628622444, -0.1469368289744335]",0.699979595,-1.67E-06,-0.432,"[0.6999795952751848, -1.669212197507278e-06, -0.432]","[0.045, 0.045, 0.1]","[0.085, 0.085, 0.1]","[0.055, 0.055]","[0.0, 0.0, 0.0]",green_insert_cylinder,blue_insert_socket,"[0.7007638191331688, -0.0005102529141777352, 0.49999890395903396]","[0.7, 0.0, 0.45]","[0.7, 0.0, 0.45]",0.0009347,0.000918574,0.135303176,TRUE,0.004,0.050001096,,TRUE,insertion_trajectory,75,TRUE,/home/wei/code/learning_thousand_tasks/demo_library/rollout_trajectories/insert_grasp_replay_input_insert_20260816_013734.json,513,1383,513,1383,,,,,TRUE,TRUE,TRUE,grasp_complete,,TRUE,TRUE,insertion_replay_complete,,FALSE,TRUE,TRUE,,,9.76E-05,9.48E-05,4.09E-05,dwell_only,1.001,,67.31139135,0.692915201,0.002976418,0.143361807,0,46.42165136,65.91964674,0,29,moveit_wrapper_v1,65.91964674,/home/wei/code/learning_thousand_tasks/demo_library/rollout_trajectories/rollout_insert_20260816_013734.json,/home/wei/code/learning_thousand_tasks/demo_library/rollout_trajectories/insert_replay_input_insert_20260816_013734.json,/home/wei/code/learning_thousand_tasks/demo_library/scene_packages/live_insert_trial_insert_20260816_013734_relation.json,,,,,,,,,,,,,,,,,,,,,,,,,,,,,,,,,,,,,,,,,,,,,,,,,,,,,,,,,
2026/8/16 1:41,insert_20260816_014026,cylinder_insert_socket,insert the green cylinder into the blue socket,socket__x70_y0_cyl_x08_y-0.1,3,full,target_anchor,bottleneck,stage_replay,success,TRUE,TRUE,TRUE,,,,,explicit_demo_id,green_cylinder_insert_blue_socket,,,cylinder,"[0.045, 0.045, 0.1]",green_insert_cylinder,"[0.8000692882114743, -0.09994414145117299, """"]","[0.8000692882114743, -0.09994414145117299, 0.5000008441597765]","[0.8000692882114743, -0.09994414145117299, 0.5000008441597765]",gazebo_world_xy_only,base,,,"[0.7974109344642557, -0.09964661748913561, -0.432]",0.002674951,0.002674951,,xy_base_vs_gazebo_world_model_xy,dual_LangSAM_masks+PointCloud2+TF,base_pointcloud_percentile_box_center_xy,0.797410934,-0.099646617,-0.432,,,,blue_insert_socket,"[0.7, 0.0, """"]","[0.7, 0.0, 0.45]","[0.7, 0.0, 0.45]","[0.7, 0.0, 0.45]",gazebo_world_xy_only,base,"[0.6999795339579062, -1.5937503778565942e-06, -0.432]",2.05E-05,2.05E-05,,xy_base_vs_gazebo_world_model_xy,dual_LangSAM_masks+PointCloud2+TF,base_pointcloud_top_band_circle_fit_xy,,,0.699979534,-1.59E-06,-0.432,,,,0.797410934,-0.099646617,-0.357,"[0.7974109344642557, -0.09964661748913561, -0.357]","[0.697585478667162, 0.0032228071628622444, -0.1469368289744335]",0.699979534,-1.59E-06,-0.432,"[0.6999795339579062, -1.5937503778565942e-06, -0.432]","[0.045, 0.045, 0.1]","[0.085, 0.085, 0.1]","[0.055, 0.055]","[0.0, 0.0, 0.0]",green_insert_cylinder,blue_insert_socket,"[0.7012513800736079, 0.0005120605304050831, 0.49999992923672465]","[0.7, 0.0, 0.45]","[0.7, 0.0, 0.45]",0.001371653,0.001352094,0.143815529,TRUE,0.004,0.050000071,,TRUE,insertion_trajectory,75,TRUE,/home/wei/code/learning_thousand_tasks/demo_library/rollout_trajectories/insert_grasp_replay_input_insert_20260816_014026.json,513,1383,513,1383,,,,,TRUE,TRUE,TRUE,grasp_complete,,TRUE,TRUE,insertion_replay_complete,,FALSE,TRUE,TRUE,,,9.76E-05,9.48E-05,4.09E-05,dwell_only,1.001,,69.90910721,0.907883644,0.001677036,0.013190746,0,49.08282852,68.11494541,0,29,moveit_wrapper_v1,68.11494541,/home/wei/code/learning_thousand_tasks/demo_library/rollout_trajectories/rollout_insert_20260816_014026.json,/home/wei/code/learning_thousand_tasks/demo_library/rollout_trajectories/insert_replay_input_insert_20260816_014026.json,/home/wei/code/learning_thousand_tasks/demo_library/scene_packages/live_insert_trial_insert_20260816_014026_relation.json,,,,,,,,,,,,,,,,,,,,,,,,,,,,,,,,,,,,,,,,,,,,,,,,,,,,,,,,,
2026/8/16 1:44,insert_20260816_014341,cylinder_insert_socket,insert the green cylinder into the blue socket,socket__x70_y0_cyl_x08_y-0.1,4,full,target_anchor,bottleneck,stage_replay,success,TRUE,TRUE,TRUE,,,,,explicit_demo_id,green_cylinder_insert_blue_socket,,,cylinder,"[0.045, 0.045, 0.1]",green_insert_cylinder,"[0.800128719450588, -0.09993009808985835, """"]","[0.800128719450588, -0.09993009808985835, 0.49999889402603737]","[0.800128719450588, -0.09993009808985835, 0.49999889402603737]",gazebo_world_xy_only,base,,,"[0.797438594942566, -0.09965327479037381, -0.432]",0.00270433,0.00270433,,xy_base_vs_gazebo_world_model_xy,dual_LangSAM_masks+PointCloud2+TF,base_pointcloud_percentile_box_center_xy,0.797438595,-0.099653275,-0.432,,,,blue_insert_socket,"[0.7, 0.0, """"]","[0.7, 0.0, 0.45]","[0.7, 0.0, 0.45]","[0.7, 0.0, 0.45]",gazebo_world_xy_only,base,"[0.6999795959962136, -1.605002441850584e-06, -0.432]",2.05E-05,2.05E-05,,xy_base_vs_gazebo_world_model_xy,dual_LangSAM_masks+PointCloud2+TF,base_pointcloud_top_band_circle_fit_xy,,,0.699979596,-1.61E-06,-0.432,,,,0.797438595,-0.099653275,-0.357,"[0.797438594942566, -0.09965327479037381, -0.357]","[0.697585478667162, 0.0032228071628622444, -0.1469368289744335]",0.699979596,-1.61E-06,-0.432,"[0.6999795959962136, -1.605002441850584e-06, -0.432]","[0.045, 0.045, 0.1]","[0.085, 0.085, 0.1]","[0.055, 0.055]","[0.0, 0.0, 0.0]",green_insert_cylinder,blue_insert_socket,"[0.7015488058162691, 0.0002824160226653535, 0.49999989309336285]","[0.7, 0.0, 0.45]","[0.7, 0.0, 0.45]",0.001594706,0.001574344,0.142421453,TRUE,0.004,0.050000107,,TRUE,insertion_trajectory,75,TRUE,/home/wei/code/learning_thousand_tasks/demo_library/rollout_trajectories/insert_grasp_replay_input_insert_20260816_014341.json,513,1383,513,1383,,,,,TRUE,TRUE,TRUE,grasp_complete,,TRUE,TRUE,insertion_replay_complete,,FALSE,TRUE,TRUE,,,9.76E-05,9.48E-05,4.09E-05,dwell_only,1.001,,70.65727639,1.201526403,0.002580881,0.033832312,0,49.61771297,68.83876276,0,29,moveit_wrapper_v1,68.83876276,/home/wei/code/learning_thousand_tasks/demo_library/rollout_trajectories/rollout_insert_20260816_014341.json,/home/wei/code/learning_thousand_tasks/demo_library/rollout_trajectories/insert_replay_input_insert_20260816_014341.json,/home/wei/code/learning_thousand_tasks/demo_library/scene_packages/live_insert_trial_insert_20260816_014341_relation.json,,,,,,,,,,,,,,,,,,,,,,,,,,,,,,,,,,,,,,,,,,,,,,,,,,,,,,,,,
2026/8/16 2:28,insert_20260816_022722,cylinder_insert_socket,insert the green cylinder into the blue socket,socket__x65_y-0.1_cyl_x055_y0,1,full,target_anchor,bottleneck,stage_replay,success,TRUE,TRUE,TRUE,,,,,explicit_demo_id,green_cylinder_insert_blue_socket,,,cylinder,"[0.045, 0.045, 0.1]",green_insert_cylinder,"[0.5499753796517335, -1.1545733355471595e-05, """"]","[0.5499753796517335, -1.1545733355471595e-05, 0.5000005942553276]","[0.5499753796517335, -1.1545733355471595e-05, 0.5000005942553276]",gazebo_world_xy_only,base,,,"[0.5476741102744921, 6.295476547820734e-05, -0.432]",0.002302475,0.002302475,,xy_base_vs_gazebo_world_model_xy,dual_LangSAM_masks+PointCloud2+TF,base_pointcloud_percentile_box_center_xy,0.54767411,6.30E-05,-0.432,,,,blue_insert_socket,"[0.65, -0.1, """"]","[0.65, -0.1, 0.45]","[0.65, -0.1, 0.45]","[0.65, -0.1, 0.45]",gazebo_world_xy_only,base,"[0.6499714241499136, -0.10001216076555447, -0.432]",3.11E-05,3.11E-05,,xy_base_vs_gazebo_world_model_xy,dual_LangSAM_masks+PointCloud2+TF,base_pointcloud_top_band_circle_fit_xy,,,0.649971424,-0.100012161,-0.432,,,,0.54767411,6.30E-05,-0.357,"[0.5476741102744921, 6.295476547820734e-05, -0.357]","[0.697585478667162, 0.0032228071628622444, -0.1469368289744335]",0.649971424,-0.100012161,-0.432,"[0.6499714241499136, -0.10001216076555447, -0.432]","[0.045, 0.045, 0.1]","[0.085, 0.085, 0.1]","[0.055, 0.055]","[0.0, 0.0, 0.0]",green_insert_cylinder,blue_insert_socket,"[0.6529617534161364, -0.10057339811689166, 0.49999993424457284]","[0.65, -0.1, 0.45]","[0.65, -0.1, 0.45]",0.003042541,0.003016748,0.146710359,TRUE,0.004,0.050000066,,TRUE,insertion_trajectory,75,TRUE,/home/wei/code/learning_thousand_tasks/demo_library/rollout_trajectories/insert_grasp_replay_input_insert_20260816_022722.json,703,1535,703,1535,,,,,TRUE,TRUE,TRUE,grasp_complete,,TRUE,TRUE,insertion_replay_complete,,FALSE,TRUE,TRUE,,,9.76E-05,9.48E-05,4.09E-05,dwell_only,1.001,,56.7692771,0.937175989,0.012605906,0.021232843,0,35.03992534,54.8834393,0,29,moveit_wrapper_v1,54.8834393,/home/wei/code/learning_thousand_tasks/demo_library/rollout_trajectories/rollout_insert_20260816_022722.json,/home/wei/code/learning_thousand_tasks/demo_library/rollout_trajectories/insert_replay_input_insert_20260816_022722.json,/home/wei/code/learning_thousand_tasks/demo_library/scene_packages/live_insert_trial_insert_20260816_022722_relation.json,,,,TRUE,TRUE,TRUE,,,,,,,,,,,,,,,,,,,,,,,,,,,,,,,,,,,,,,,,,,,,,,,,,,,
2026/8/16 2:41,insert_20260816_024102,cylinder_insert_socket,insert the green cylinder into the blue socket,socket__x65_y-0.1_cyl_x055_y0,2,full,target_anchor,bottleneck,stage_replay,success,TRUE,TRUE,TRUE,,,,,explicit_demo_id,green_cylinder_insert_blue_socket,,,cylinder,"[0.045, 0.045, 0.1]",green_insert_cylinder,"[0.549974073440316, -1.748052844134862e-05, """"]","[0.549974073440316, -1.748052844134862e-05, 0.5000005655296008]","[0.549974073440316, -1.748052844134862e-05, 0.5000005655296008]",gazebo_world_xy_only,base,,,"[0.5476854823038216, -0.00019123990516286063, -0.432]",0.002295178,0.002295178,,xy_base_vs_gazebo_world_model_xy,dual_LangSAM_masks+PointCloud2+TF,base_pointcloud_percentile_box_center_xy,0.547685482,-0.00019124,-0.432,,,,blue_insert_socket,"[0.65, -0.1, """"]","[0.65, -0.1, 0.45]","[0.65, -0.1, 0.45]","[0.65, -0.1, 0.45]",gazebo_world_xy_only,base,"[0.6499725955344401, -0.10000287383891635, -0.432]",2.76E-05,2.76E-05,,xy_base_vs_gazebo_world_model_xy,dual_LangSAM_masks+PointCloud2+TF,base_pointcloud_top_band_circle_fit_xy,,,0.649972596,-0.100002874,-0.432,,,,0.547685482,-0.00019124,-0.357,"[0.5476854823038216, -0.00019123990516286063, -0.357]","[0.697585478667162, 0.0032228071628622444, -0.1469368289744335]",0.649972596,-0.100002874,-0.432,"[0.6499725955344401, -0.10000287383891635, -0.432]","[0.045, 0.045, 0.1]","[0.085, 0.085, 0.1]","[0.055, 0.055]","[0.0, 0.0, 0.0]",green_insert_cylinder,blue_insert_socket,"[0.6507637874582224, -0.09859352867446028, 0.5000005836282391]","[0.65, -0.1, 0.45]","[0.65, -0.1, 0.45]",0.001616242,0.001600479,0.144683194,TRUE,0.004,0.049999416,,TRUE,insertion_trajectory,75,TRUE,/home/wei/code/learning_thousand_tasks/demo_library/rollout_trajectories/insert_grasp_replay_input_insert_20260816_024102.json,703,1535,703,1535,,,,,TRUE,TRUE,TRUE,grasp_complete,,TRUE,TRUE,insertion_replay_complete,,FALSE,TRUE,TRUE,,,9.76E-05,9.48E-05,4.09E-05,dwell_only,1.001,,56.18723083,0.747202635,0.019161463,0.080698013,0,34.56408954,54.67650127,0,29,moveit_wrapper_v1,54.67650127,/home/wei/code/learning_thousand_tasks/demo_library/rollout_trajectories/rollout_insert_20260816_024102.json,/home/wei/code/learning_thousand_tasks/demo_library/rollout_trajectories/insert_replay_input_insert_20260816_024102.json,/home/wei/code/learning_thousand_tasks/demo_library/scene_packages/live_insert_trial_insert_20260816_024102_relation.json,,,,TRUE,TRUE,TRUE,,,,,,,,,,,,,,,,,,,,,,,,,,,,,,,,,,,,,,,,,,,,,,,,,,,
2026/8/16 2:45,insert_20260816_024409,cylinder_insert_socket,insert the green cylinder into the blue socket,socket__x65_y-0.1_cyl_x055_y0,3,full,target_anchor,bottleneck,stage_replay,success,TRUE,TRUE,TRUE,,,,,explicit_demo_id,green_cylinder_insert_blue_socket,,,cylinder,"[0.045, 0.045, 0.1]",green_insert_cylinder,"[0.5499732988392044, -1.742455503739419e-05, """"]","[0.5499732988392044, -1.742455503739419e-05, 0.49999891886399184]","[0.5499732988392044, -1.742455503739419e-05, 0.49999891886399184]",gazebo_world_xy_only,base,,,"[0.5476741341711069, 6.0593983020452644e-05, -0.432]",0.002300488,0.002300488,,xy_base_vs_gazebo_world_model_xy,dual_LangSAM_masks+PointCloud2+TF,base_pointcloud_percentile_box_center_xy,0.547674134,6.06E-05,-0.432,,,,blue_insert_socket,"[0.65, -0.1, """"]","[0.65, -0.1, 0.45]","[0.65, -0.1, 0.45]","[0.65, -0.1, 0.45]",gazebo_world_xy_only,base,"[0.6499723503789667, -0.10001182779845269, -0.432]",3.01E-05,3.01E-05,,xy_base_vs_gazebo_world_model_xy,dual_LangSAM_masks+PointCloud2+TF,base_pointcloud_top_band_circle_fit_xy,,,0.64997235,-0.100011828,-0.432,,,,0.547674134,6.06E-05,-0.357,"[0.5476741341711069, 6.0593983020452644e-05, -0.357]","[0.697585478667162, 0.0032228071628622444, -0.1469368289744335]",0.64997235,-0.100011828,-0.432,"[0.6499723503789667, -0.10001182779845269, -0.432]","[0.045, 0.045, 0.1]","[0.085, 0.085, 0.1]","[0.055, 0.055]","[0.0, 0.0, 0.0]",green_insert_cylinder,blue_insert_socket,"[0.6534832604080153, -0.10128585092347153, 0.5000008589717829]","[0.65, -0.1, 0.45]","[0.65, -0.1, 0.45]",0.00373492,0.00371302,0.146110013,TRUE,0.004,0.049999141,,TRUE,insertion_trajectory,75,TRUE,/home/wei/code/learning_thousand_tasks/demo_library/rollout_trajectories/insert_grasp_replay_input_insert_20260816_024409.json,703,1535,703,1535,,,,,TRUE,TRUE,TRUE,grasp_complete,,TRUE,TRUE,insertion_replay_complete,,FALSE,TRUE,TRUE,,,9.76E-05,9.48E-05,4.09E-05,dwell_only,1.001,,57.47769785,1.171968699,0.009488106,0.037461519,0,34.870893,55.42026472,0,29,moveit_wrapper_v1,55.42026472,/home/wei/code/learning_thousand_tasks/demo_library/rollout_trajectories/rollout_insert_20260816_024409.json,/home/wei/code/learning_thousand_tasks/demo_library/rollout_trajectories/insert_replay_input_insert_20260816_024409.json,/home/wei/code/learning_thousand_tasks/demo_library/scene_packages/live_insert_trial_insert_20260816_024409_relation.json,,,,TRUE,TRUE,TRUE,,,,,,,,,,,,,,,,,,,,,,,,,,,,,,,,,,,,,,,,,,,,,,,,,,,
2026/8/16 2:47,insert_20260816_024643,cylinder_insert_socket,insert the green cylinder into the blue socket,socket__x65_y-0.1_cyl_x055_y0,4,full,target_anchor,bottleneck,stage_replay,success,TRUE,TRUE,TRUE,,,,,explicit_demo_id,green_cylinder_insert_blue_socket,,,cylinder,"[0.045, 0.045, 0.1]",green_insert_cylinder,"[0.5499736855084963, -1.867164582331588e-05, """"]","[0.5499736855084963, -1.867164582331588e-05, 0.4999989188634471]","[0.5499736855084963, -1.867164582331588e-05, 0.4999989188634471]",gazebo_world_xy_only,base,,,"[0.5476784698185376, -6.0345738552031875e-05, -0.432]",0.002295594,0.002295594,,xy_base_vs_gazebo_world_model_xy,dual_LangSAM_masks+PointCloud2+TF,base_pointcloud_percentile_box_center_xy,0.54767847,-6.03E-05,-0.432,,,,blue_insert_socket,"[0.65, -0.1, """"]","[0.65, -0.1, 0.45]","[0.65, -0.1, 0.45]","[0.65, -0.1, 0.45]",gazebo_world_xy_only,base,"[0.6499717894841284, -0.10000626355774067, -0.432]",2.89E-05,2.89E-05,,xy_base_vs_gazebo_world_model_xy,dual_LangSAM_masks+PointCloud2+TF,base_pointcloud_top_band_circle_fit_xy,,,0.649971789,-0.100006264,-0.432,,,,0.54767847,-6.03E-05,-0.357,"[0.5476784698185376, -6.0345738552031875e-05, -0.357]","[0.697585478667162, 0.0032228071628622444, -0.1469368289744335]",0.649971789,-0.100006264,-0.432,"[0.6499717894841284, -0.10000626355774067, -0.432]","[0.045, 0.045, 0.1]","[0.085, 0.085, 0.1]","[0.055, 0.055]","[0.0, 0.0, 0.0]",green_insert_cylinder,blue_insert_socket,"[0.6514219955479738, -0.09903585684744705, 0.5000005836655372]","[0.65, -0.1, 0.45]","[0.65, -0.1, 0.45]",0.001744932,0.001718035,0.137375631,TRUE,0.004,0.049999416,,TRUE,insertion_trajectory,75,TRUE,/home/wei/code/learning_thousand_tasks/demo_library/rollout_trajectories/insert_grasp_replay_input_insert_20260816_024643.json,703,1535,703,1535,,,,,TRUE,TRUE,TRUE,grasp_complete,,TRUE,TRUE,insertion_replay_complete,,FALSE,TRUE,TRUE,,,9.76E-05,9.48E-05,4.09E-05,dwell_only,1.001,,54.31467271,0.6869452,0.010565519,0.019505262,0,34.06821465,52.9244287,0,29,moveit_wrapper_v1,52.9244287,/home/wei/code/learning_thousand_tasks/demo_library/rollout_trajectories/rollout_insert_20260816_024643.json,/home/wei/code/learning_thousand_tasks/demo_library/rollout_trajectories/insert_replay_input_insert_20260816_024643.json,/home/wei/code/learning_thousand_tasks/demo_library/scene_packages/live_insert_trial_insert_20260816_024643_relation.json,,,,TRUE,TRUE,TRUE,,,,,,,,,,,,,,,,,,,,,,,,,,,,,,,,,,,,,,,,,,,,,,,,,,,
2026/8/16 2:52,insert_20260816_025128,cylinder_insert_socket,insert the green cylinder into the blue socket,socket__x65_y-0.1_cyl_x055_y-0.2,1,full,target_anchor,bottleneck,stage_replay,success,TRUE,TRUE,TRUE,,,,,explicit_demo_id,green_cylinder_insert_blue_socket,,,cylinder,"[0.045, 0.045, 0.1]",green_insert_cylinder,"[0.5499730015952786, -0.20001401994981755, """"]","[0.5499730015952786, -0.20001401994981755, 0.500000565527404]","[0.5499730015952786, -0.20001401994981755, 0.500000565527404]",gazebo_world_xy_only,base,,,"[0.5465313978761037, -0.19813794747757257, -0.432]",0.00391973,0.00391973,,xy_base_vs_gazebo_world_model_xy,dual_LangSAM_masks+PointCloud2+TF,base_pointcloud_percentile_box_center_xy,0.546531398,-0.198137947,-0.432,,,,blue_insert_socket,"[0.65, -0.1, """"]","[0.65, -0.1, 0.45]","[0.65, -0.1, 0.45]","[0.65, -0.1, 0.45]",gazebo_world_xy_only,base,"[0.6499717510836225, -0.10001212060451377, -0.432]",3.07E-05,3.07E-05,,xy_base_vs_gazebo_world_model_xy,dual_LangSAM_masks+PointCloud2+TF,base_pointcloud_top_band_circle_fit_xy,,,0.649971751,-0.100012121,-0.432,,,,0.546531398,-0.198137947,-0.357,"[0.5465313978761037, -0.19813794747757257, -0.357]","[0.697585478667162, 0.0032228071628622444, -0.1469368289744335]",0.649971751,-0.100012121,-0.432,"[0.6499717510836225, -0.10001212060451377, -0.432]","[0.045, 0.045, 0.1]","[0.085, 0.085, 0.1]","[0.055, 0.055]","[0.0, 0.0, 0.0]",green_insert_cylinder,blue_insert_socket,"[0.6524739348592881, -0.09973936491085046, 0.4999989039731727]","[0.65, -0.1, 0.45]","[0.65, -0.1, 0.45]",0.002517006,0.002487626,0.138628687,TRUE,0.004,0.050001096,,TRUE,insertion_trajectory,75,TRUE,/home/wei/code/learning_thousand_tasks/demo_library/rollout_trajectories/insert_grasp_replay_input_insert_20260816_025128.json,742,1535,742,1535,,,,,TRUE,TRUE,TRUE,grasp_complete,,TRUE,TRUE,insertion_replay_complete,,FALSE,TRUE,TRUE,,,9.76E-05,9.48E-05,4.09E-05,dwell_only,1.001,,55.51071429,0.72599268,0.003322601,0.058017492,0,35.08485794,54.31496716,0,29,moveit_wrapper_v1,54.31496716,/home/wei/code/learning_thousand_tasks/demo_library/rollout_trajectories/rollout_insert_20260816_025128.json,/home/wei/code/learning_thousand_tasks/demo_library/rollout_trajectories/insert_replay_input_insert_20260816_025128.json,/home/wei/code/learning_thousand_tasks/demo_library/scene_packages/live_insert_trial_insert_20260816_025128_relation.json,,,,TRUE,TRUE,TRUE,,,,,,,,,,,,,,,,,,,,,,,,,,,,,,,,,,,,,,,,,,,,,,,,,,,
2026/8/16 2:55,insert_20260816_025427,cylinder_insert_socket,insert the green cylinder into the blue socket,socket__x65_y-0.1_cyl_x055_y-0.2,2,full,target_anchor,bottleneck,stage_replay,success,TRUE,TRUE,TRUE,,,,,explicit_demo_id,green_cylinder_insert_blue_socket,,,cylinder,"[0.045, 0.045, 0.1]",green_insert_cylinder,"[0.5499734571611915, -0.2000179496308064, """"]","[0.5499734571611915, -0.2000179496308064, 0.49999891886377307]","[0.5499734571611915, -0.2000179496308064, 0.49999891886377307]",gazebo_world_xy_only,base,,,"[0.546529147852325, -0.19814055063666725, -0.432]",0.003922741,0.003922741,,xy_base_vs_gazebo_world_model_xy,dual_LangSAM_masks+PointCloud2+TF,base_pointcloud_percentile_box_center_xy,0.546529148,-0.198140551,-0.432,,,,blue_insert_socket,"[0.65, -0.1, """"]","[0.65, -0.1, 0.45]","[0.65, -0.1, 0.45]","[0.65, -0.1, 0.45]",gazebo_world_xy_only,base,"[0.6499723152754073, -0.10001197927441717, -0.432]",3.02E-05,3.02E-05,,xy_base_vs_gazebo_world_model_xy,dual_LangSAM_masks+PointCloud2+TF,base_pointcloud_top_band_circle_fit_xy,,,0.649972315,-0.100011979,-0.432,,,,0.546529148,-0.198140551,-0.357,"[0.546529147852325, -0.19814055063666725, -0.357]","[0.697585478667162, 0.0032228071628622444, -0.1469368289744335]",0.649972315,-0.100011979,-0.432,"[0.6499723152754073, -0.10001197927441717, -0.432]","[0.045, 0.045, 0.1]","[0.085, 0.085, 0.1]","[0.055, 0.055]","[0.0, 0.0, 0.0]",green_insert_cylinder,blue_insert_socket,"[0.6509179399420315, -0.09815705875950038, 0.4999989093363771]","[0.65, -0.1, 0.45]","[0.65, -0.1, 0.45]",0.002082051,0.002058894,0.14659612,TRUE,0.004,0.050001091,,TRUE,insertion_trajectory,75,TRUE,/home/wei/code/learning_thousand_tasks/demo_library/rollout_trajectories/insert_grasp_replay_input_insert_20260816_025427.json,742,1535,742,1535,,,,,TRUE,TRUE,TRUE,grasp_complete,,TRUE,TRUE,insertion_replay_complete,,FALSE,TRUE,TRUE,,,9.76E-05,9.48E-05,4.09E-05,dwell_only,1.001,,58.37293196,1.010106564,0.013108492,0.065735102,0,36.15696907,56.67571759,0,29,moveit_wrapper_v1,56.67571759,/home/wei/code/learning_thousand_tasks/demo_library/rollout_trajectories/rollout_insert_20260816_025427.json,/home/wei/code/learning_thousand_tasks/demo_library/rollout_trajectories/insert_replay_input_insert_20260816_025427.json,/home/wei/code/learning_thousand_tasks/demo_library/scene_packages/live_insert_trial_insert_20260816_025427_relation.json,,,,TRUE,TRUE,TRUE,,,,,,,,,,,,,,,,,,,,,,,,,,,,,,,,,,,,,,,,,,,,,,,,,,,
2026/8/16 2:58,insert_20260816_025728,cylinder_insert_socket,insert the green cylinder into the blue socket,socket__x65_y-0.1_cyl_x055_y-0.2,3,full,target_anchor,bottleneck,stage_replay,success,TRUE,TRUE,TRUE,,,,,explicit_demo_id,green_cylinder_insert_blue_socket,,,cylinder,"[0.045, 0.045, 0.1]",green_insert_cylinder,"[0.549978051727064, -0.2000158457993566, """"]","[0.549978051727064, -0.2000158457993566, 0.5000008688084224]","[0.549978051727064, -0.2000158457993566, 0.5000008688084224]",gazebo_world_xy_only,base,,,"[0.5476756206127893, -0.1980155914755416, -0.432]",0.003049952,0.003049952,,xy_base_vs_gazebo_world_model_xy,dual_LangSAM_masks+PointCloud2+TF,base_pointcloud_percentile_box_center_xy,0.547675621,-0.198015591,-0.432,,,,blue_insert_socket,"[0.65, -0.1, """"]","[0.65, -0.1, 0.45]","[0.65, -0.1, 0.45]","[0.65, -0.1, 0.45]",gazebo_world_xy_only,base,"[0.6499709142716052, -0.10001262601722305, -0.432]",3.17E-05,3.17E-05,,xy_base_vs_gazebo_world_model_xy,dual_LangSAM_masks+PointCloud2+TF,base_pointcloud_top_band_circle_fit_xy,,,0.649970914,-0.100012626,-0.432,,,,0.547675621,-0.198015591,-0.357,"[0.5476756206127893, -0.1980155914755416, -0.357]","[0.697585478667162, 0.0032228071628622444, -0.1469368289744335]",0.649970914,-0.100012626,-0.432,"[0.6499709142716052, -0.10001262601722305, -0.432]","[0.045, 0.045, 0.1]","[0.085, 0.085, 0.1]","[0.055, 0.055]","[0.0, 0.0, 0.0]",green_insert_cylinder,blue_insert_socket,"[0.6507042344723439, -0.09841100468103942, 0.49999990109104797]","[0.65, -0.1, 0.45]","[0.65, -0.1, 0.45]",0.001761519,0.00173806,0.144097231,TRUE,0.004,0.050000099,,TRUE,insertion_trajectory,75,TRUE,/home/wei/code/learning_thousand_tasks/demo_library/rollout_trajectories/insert_grasp_replay_input_insert_20260816_025728.json,742,1535,742,1535,,,,,TRUE,TRUE,TRUE,grasp_complete,,TRUE,TRUE,insertion_replay_complete,,FALSE,TRUE,TRUE,,,9.76E-05,9.48E-05,4.09E-05,dwell_only,1.001,,57.87295151,0.96254468,0.013398409,0.080231428,0,36.37278032,56.01454616,0,29,moveit_wrapper_v1,56.01454616,/home/wei/code/learning_thousand_tasks/demo_library/rollout_trajectories/rollout_insert_20260816_025728.json,/home/wei/code/learning_thousand_tasks/demo_library/rollout_trajectories/insert_replay_input_insert_20260816_025728.json,/home/wei/code/learning_thousand_tasks/demo_library/scene_packages/live_insert_trial_insert_20260816_025728_relation.json,,,,TRUE,TRUE,TRUE,,,,,,,,,,,,,,,,,,,,,,,,,,,,,,,,,,,,,,,,,,,,,,,,,,,
2026/8/16 3:03,insert_20260816_030216,cylinder_insert_socket,insert the green cylinder into the blue socket,socket__x65_y-0.1_cyl_x055_y-0.2,4,full,target_anchor,bottleneck,stage_replay,success,TRUE,TRUE,TRUE,,,,,explicit_demo_id,green_cylinder_insert_blue_socket,,,cylinder,"[0.045, 0.045, 0.1]",green_insert_cylinder,"[0.5499729000720631, -0.2000180957553762, """"]","[0.5499729000720631, -0.2000180957553762, 0.5000008486048856]","[0.5499729000720631, -0.2000180957553762, 0.5000008486048856]",gazebo_world_xy_only,base,,,"[0.5465324817524346, -0.19813750635640145, -0.432]",0.003920854,0.003920854,,xy_base_vs_gazebo_world_model_xy,dual_LangSAM_masks+PointCloud2+TF,base_pointcloud_percentile_box_center_xy,0.546532482,-0.198137506,-0.432,,,,blue_insert_socket,"[0.65, -0.1, """"]","[0.65, -0.1, 0.45]","[0.65, -0.1, 0.45]","[0.65, -0.1, 0.45]",gazebo_world_xy_only,base,"[0.6499715487304726, -0.10001212709230323, -0.432]",3.09E-05,3.09E-05,,xy_base_vs_gazebo_world_model_xy,dual_LangSAM_masks+PointCloud2+TF,base_pointcloud_top_band_circle_fit_xy,,,0.649971549,-0.100012127,-0.432,,,,0.546532482,-0.198137506,-0.357,"[0.5465324817524346, -0.19813750635640145, -0.357]","[0.697585478667162, 0.0032228071628622444, -0.1469368289744335]",0.649971549,-0.100012127,-0.432,"[0.6499715487304726, -0.10001212709230323, -0.432]","[0.045, 0.045, 0.1]","[0.085, 0.085, 0.1]","[0.055, 0.055]","[0.0, 0.0, 0.0]",green_insert_cylinder,blue_insert_socket,"[0.6514578047461064, -0.09837922318358755, 0.49999993571879514]","[0.65, -0.1, 0.45]","[0.65, -0.1, 0.45]",0.002208015,0.002179934,0.142125015,TRUE,0.004,0.050000064,,TRUE,insertion_trajectory,75,TRUE,/home/wei/code/learning_thousand_tasks/demo_library/rollout_trajectories/insert_grasp_replay_input_insert_20260816_030216.json,742,1535,742,1535,,,,,TRUE,TRUE,TRUE,grasp_complete,,TRUE,TRUE,insertion_replay_complete,,FALSE,TRUE,TRUE,,,9.76E-05,9.48E-05,4.09E-05,dwell_only,1.001,,58.03547549,0.983970404,0.003755331,0.086617947,0,36.55030346,56.22185731,0,29,moveit_wrapper_v1,56.22185731,/home/wei/code/learning_thousand_tasks/demo_library/rollout_trajectories/rollout_insert_20260816_030216.json,/home/wei/code/learning_thousand_tasks/demo_library/rollout_trajectories/insert_replay_input_insert_20260816_030216.json,/home/wei/code/learning_thousand_tasks/demo_library/scene_packages/live_insert_trial_insert_20260816_030216_relation.json,,,,TRUE,TRUE,TRUE,,,,,,,,,,,,,,,,,,,,,,,,,,,,,,,,,,,,,,,,,,,,,,,,,,,
2026/8/16 3:13,insert_20260816_031214,cylinder_insert_socket,insert the green cylinder into the blue socket,socket__x65_y-0.1_cyl_x075_y-0.2,1,full,target_anchor,bottleneck,stage_replay,success,TRUE,TRUE,TRUE,,,,,explicit_demo_id,green_cylinder_insert_blue_socket,,,cylinder,"[0.045, 0.045, 0.1]",green_insert_cylinder,"[0.7502529761343061, -0.1998893991398746, """"]","[0.7502529761343061, -0.1998893991398746, 0.5000005976606271]","[0.7502529761343061, -0.1998893991398746, 0.5000005976606271]",gazebo_world_xy_only,base,,,"[0.7483821070638924, -0.19850689870703841, -0.432]",0.002326254,0.002326254,,xy_base_vs_gazebo_world_model_xy,dual_LangSAM_masks+PointCloud2+TF,base_pointcloud_percentile_box_center_xy,0.748382107,-0.198506899,-0.432,,,,blue_insert_socket,"[0.65, -0.1, """"]","[0.65, -0.1, 0.45]","[0.65, -0.1, 0.45]","[0.65, -0.1, 0.45]",gazebo_world_xy_only,base,"[0.6499710260737034, -0.10001224853902392, -0.432]",3.15E-05,3.15E-05,,xy_base_vs_gazebo_world_model_xy,dual_LangSAM_masks+PointCloud2+TF,base_pointcloud_top_band_circle_fit_xy,,,0.649971026,-0.100012249,-0.432,,,,0.748382107,-0.198506899,-0.357,"[0.7483821070638924, -0.19850689870703841, -0.357]","[0.697585478667162, 0.0032228071628622444, -0.1469368289744335]",0.649971026,-0.100012249,-0.432,"[0.6499710260737034, -0.10001224853902392, -0.432]","[0.045, 0.045, 0.1]","[0.085, 0.085, 0.1]","[0.055, 0.055]","[0.0, 0.0, 0.0]",green_insert_cylinder,blue_insert_socket,"[0.6514505074489136, -0.1034583009891635, 0.49999991509214065]","[0.65, -0.1, 0.45]","[0.65, -0.1, 0.45]",0.003750219,0.003750176,0.135421654,TRUE,0.004,0.050000085,,TRUE,insertion_trajectory,75,TRUE,/home/wei/code/learning_thousand_tasks/demo_library/rollout_trajectories/insert_grasp_replay_input_insert_20260816_031214.json,559,1535,559,1535,,,,,TRUE,TRUE,TRUE,grasp_complete,,TRUE,TRUE,insertion_replay_complete,,FALSE,TRUE,TRUE,,,9.76E-05,9.48E-05,4.09E-05,dwell_only,1.001,,67.70434093,1.148481369,0.005558729,0.053350449,0,46.34611893,65.85230327,0,29,moveit_wrapper_v1,65.85230327,/home/wei/code/learning_thousand_tasks/demo_library/rollout_trajectories/rollout_insert_20260816_031214.json,/home/wei/code/learning_thousand_tasks/demo_library/rollout_trajectories/insert_replay_input_insert_20260816_031214.json,/home/wei/code/learning_thousand_tasks/demo_library/scene_packages/live_insert_trial_insert_20260816_031214_relation.json,,,,TRUE,TRUE,TRUE,,,,,,,,,,,,,,,,,,,,,,,,,,,,,,,,,,,,,,,,,,,,,,,,,,,
2026/8/16 3:17,insert_20260816_031549,cylinder_insert_socket,insert the green cylinder into the blue socket,socket__x65_y-0.1_cyl_x075_y-0.2,2,full,target_anchor,bottleneck,stage_replay,success,TRUE,TRUE,TRUE,,,,,explicit_demo_id,green_cylinder_insert_blue_socket,,,cylinder,"[0.045, 0.045, 0.1]",green_insert_cylinder,"[0.7502103972397077, -0.19990306520286177, """"]","[0.7502103972397077, -0.19990306520286177, 0.5000005976576146]","[0.7502103972397077, -0.19990306520286177, 0.5000005976576146]",gazebo_world_xy_only,base,,,"[0.7483589708393761, -0.1984970779646027, -0.432]",0.002324775,0.002324775,,xy_base_vs_gazebo_world_model_xy,dual_LangSAM_masks+PointCloud2+TF,base_pointcloud_percentile_box_center_xy,0.748358971,-0.198497078,-0.432,,,,blue_insert_socket,"[0.65, -0.1, """"]","[0.65, -0.1, 0.45]","[0.65, -0.1, 0.45]","[0.65, -0.1, 0.45]",gazebo_world_xy_only,base,"[0.6499717295946863, -0.10001195746809749, -0.432]",3.07E-05,3.07E-05,,xy_base_vs_gazebo_world_model_xy,dual_LangSAM_masks+PointCloud2+TF,base_pointcloud_top_band_circle_fit_xy,,,0.64997173,-0.100011957,-0.432,,,,0.748358971,-0.198497078,-0.357,"[0.7483589708393761, -0.1984970779646027, -0.357]","[0.697585478667162, 0.0032228071628622444, -0.1469368289744335]",0.64997173,-0.100011957,-0.432,"[0.6499717295946863, -0.10001195746809749, -0.432]","[0.045, 0.045, 0.1]","[0.085, 0.085, 0.1]","[0.055, 0.055]","[0.0, 0.0, 0.0]",green_insert_cylinder,blue_insert_socket,"[0.6511817278871684, -0.1028946997119694, 0.49999890510196426]","[0.65, -0.1, 0.45]","[0.65, -0.1, 0.45]",0.003126387,0.003126622,0.144965926,TRUE,0.004,0.050001095,,TRUE,insertion_trajectory,75,TRUE,/home/wei/code/learning_thousand_tasks/demo_library/rollout_trajectories/insert_grasp_replay_input_insert_20260816_031549.json,559,1535,559,1535,,,,,TRUE,TRUE,TRUE,grasp_complete,,TRUE,TRUE,insertion_replay_complete,,FALSE,TRUE,TRUE,,,9.76E-05,9.48E-05,4.09E-05,dwell_only,1.001,,75.05051637,0.794907331,0.001924038,0.032560825,0,53.53456497,73.47539091,0,29,moveit_wrapper_v1,73.47539091,/home/wei/code/learning_thousand_tasks/demo_library/rollout_trajectories/rollout_insert_20260816_031549.json,/home/wei/code/learning_thousand_tasks/demo_library/rollout_trajectories/insert_replay_input_insert_20260816_031549.json,/home/wei/code/learning_thousand_tasks/demo_library/scene_packages/live_insert_trial_insert_20260816_031549_relation.json,,,,TRUE,TRUE,TRUE,,,,,,,,,,,,,,,,,,,,,,,,,,,,,,,,,,,,,,,,,,,,,,,,,,,
2026/8/16 3:20,insert_20260816_031916,cylinder_insert_socket,insert the green cylinder into the blue socket,socket__x65_y-0.1_cyl_x075_y-0.2,3,full,target_anchor,bottleneck,stage_replay,success,TRUE,TRUE,TRUE,,,,,explicit_demo_id,green_cylinder_insert_blue_socket,,,cylinder,"[0.045, 0.045, 0.1]",green_insert_cylinder,"[0.7501681225436669, -0.19991217171108905, """"]","[0.7501681225436669, -0.19991217171108905, 0.5000008441465191]","[0.7501681225436669, -0.19991217171108905, 0.5000008441465191]",gazebo_world_xy_only,base,,,"[0.7468470390919725, -0.198484515490518, -0.432]",0.003614941,0.003614941,,xy_base_vs_gazebo_world_model_xy,dual_LangSAM_masks+PointCloud2+TF,base_pointcloud_percentile_box_center_xy,0.746847039,-0.198484515,-0.432,,,,blue_insert_socket,"[0.65, -0.1, """"]","[0.65, -0.1, 0.45]","[0.65, -0.1, 0.45]","[0.65, -0.1, 0.45]",gazebo_world_xy_only,base,"[0.6499717603350216, -0.10001195474753206, -0.432]",3.07E-05,3.07E-05,,xy_base_vs_gazebo_world_model_xy,dual_LangSAM_masks+PointCloud2+TF,base_pointcloud_top_band_circle_fit_xy,,,0.64997176,-0.100011955,-0.432,,,,0.746847039,-0.198484515,-0.357,"[0.7468470390919725, -0.198484515490518, -0.357]","[0.697585478667162, 0.0032228071628622444, -0.1469368289744335]",0.64997176,-0.100011955,-0.432,"[0.6499717603350216, -0.10001195474753206, -0.432]","[0.045, 0.045, 0.1]","[0.085, 0.085, 0.1]","[0.055, 0.055]","[0.0, 0.0, 0.0]",green_insert_cylinder,blue_insert_socket,"[0.6519166047403527, -0.10060764092332815, 0.49999890947261283]","[0.65, -0.1, 0.45]","[0.65, -0.1, 0.45]",0.002034026,0.002010622,0.133032247,TRUE,0.004,0.050001091,,TRUE,insertion_trajectory,75,TRUE,/home/wei/code/learning_thousand_tasks/demo_library/rollout_trajectories/insert_grasp_replay_input_insert_20260816_031916.json,559,1535,559,1535,,,,,TRUE,TRUE,TRUE,grasp_complete,,TRUE,TRUE,insertion_replay_complete,,FALSE,TRUE,TRUE,,,9.76E-05,9.48E-05,4.09E-05,dwell_only,1.001,,72.90051913,0.694958687,0.012894392,0.132701397,0,51.53356171,71.46128631,0,29,moveit_wrapper_v1,71.46128631,/home/wei/code/learning_thousand_tasks/demo_library/rollout_trajectories/rollout_insert_20260816_031916.json,/home/wei/code/learning_thousand_tasks/demo_library/rollout_trajectories/insert_replay_input_insert_20260816_031916.json,/home/wei/code/learning_thousand_tasks/demo_library/scene_packages/live_insert_trial_insert_20260816_031916_relation.json,,,,TRUE,TRUE,TRUE,,,,,,,,,,,,,,,,,,,,,,,,,,,,,,,,,,,,,,,,,,,,,,,,,,,
,,,,,,,,,,,,,,,,,,,,,,,,,,,,,,,,,,,,,,,,,,,,,,,,,,,,,,,,,,,,,,,,,,,,,,,,,,,,,,,,,,,,,,,,,,,,,,,,,,,,,,,,,,,,,,,,,,,,,,,,,,,,,,,,,,,,,,,,,,,,,,,,,,,,,,,,,,,,,,,,,,,,,,,,,,,,,,,,,,,,,,,,,,,,,,,,,,,
2026/8/16 21:43,insert_20260816_214205,cylinder_insert_socket,insert the green cylinder into the blue socket,socket__x75_y0.1_cyl_x065_y0,1,full,target_anchor,bottleneck,stage_replay,success,TRUE,TRUE,TRUE,,,,,explicit_demo_id,green_cylinder_insert_blue_socket,,,cylinder,"[0.045, 0.045, 0.1]",green_insert_cylinder,"[0.6504356077334043, 0.00017181895728071028, """"]","[0.6504356077334043, 0.00017181895728071028, 0.5000005613260369]","[0.6504356077334043, 0.00017181895728071028, 0.5000005613260369]",gazebo_world_xy_only,base,,,"[0.6464541871268559, -3.423921760122538e-05, -0.432]",0.003986749,0.003986749,,xy_base_vs_gazebo_world_model_xy,dual_LangSAM_masks+PointCloud2+TF,base_pointcloud_percentile_box_center_xy,0.646454187,-3.42E-05,-0.432,,,,blue_insert_socket,"[0.75, 0.1, """"]","[0.75, 0.1, 0.45]","[0.75, 0.1, 0.45]","[0.75, 0.1, 0.45]",gazebo_world_xy_only,base,"[0.7499717472943724, 0.10000872877538675, -0.432]",2.96E-05,2.96E-05,,xy_base_vs_gazebo_world_model_xy,dual_LangSAM_masks+PointCloud2+TF,base_pointcloud_top_band_circle_fit_xy,,,0.749971747,0.100008729,-0.432,,,,0.646454187,-3.42E-05,-0.357,"[0.6464541871268559, -3.423921760122538e-05, -0.357]","[0.697585478667162, 0.0032228071628622444, -0.1469368289744335]",0.749971747,0.100008729,-0.432,"[0.7499717472943724, 0.10000872877538675, -0.432]","[0.045, 0.045, 0.1]","[0.085, 0.085, 0.1]","[0.055, 0.055]","[0.0, 0.0, 0.0]",green_insert_cylinder,blue_insert_socket,"[0.7507656811070506, 0.10104657926891635, 0.4999999214020582]","[0.75, 0.1, 0.45]","[0.75, 0.1, 0.45]",0.0013067,0.001296764,0.133699464,TRUE,0.004,0.050000079,,TRUE,insertion_trajectory,75,TRUE,/home/wei/code/learning_thousand_tasks/demo_library/rollout_trajectories/insert_grasp_replay_input_insert_20260816_214205.json,626,1304,626,1304,,,,,TRUE,TRUE,TRUE,grasp_complete,,TRUE,TRUE,insertion_replay_complete,,FALSE,TRUE,TRUE,,,9.76E-05,9.48E-05,4.09E-05,dwell_only,1.001,,57.32768846,0.768257856,0.002741575,0.073615074,0,35.43560314,54.99297476,0,29,moveit_wrapper_v1,54.99297476,/home/wei/code/learning_thousand_tasks/demo_library/rollout_trajectories/rollout_insert_20260816_214205.json,/home/wei/code/learning_thousand_tasks/demo_library/rollout_trajectories/insert_replay_input_insert_20260816_214205.json,/home/wei/code/learning_thousand_tasks/demo_library/scene_packages/live_insert_trial_insert_20260816_214205_relation.json,,,,TRUE,TRUE,TRUE,,,,,,,,,,,,,,,,,,,,,,,,,,,,,,,,,,,,,,,,,,,,,,,,,,,
2026/8/16 21:45,insert_20260816_214504,cylinder_insert_socket,insert the green cylinder into the blue socket,socket__x75_y0.1_cyl_x065_y0,2,full,target_anchor,bottleneck,stage_replay,success,TRUE,TRUE,TRUE,,,,,explicit_demo_id,green_cylinder_insert_blue_socket,,,cylinder,"[0.045, 0.045, 0.1]",green_insert_cylinder,"[0.650114435079921, 7.054262251407313e-05, """"]","[0.650114435079921, 7.054262251407313e-05, 0.5000008441537592]","[0.650114435079921, 7.054262251407313e-05, 0.5000008441537592]",gazebo_world_xy_only,base,,,"[0.6463458494199956, -1.4885918340600685e-06, -0.432]",0.003769274,0.003769274,,xy_base_vs_gazebo_world_model_xy,dual_LangSAM_masks+PointCloud2+TF,base_pointcloud_percentile_box_center_xy,0.646345849,-1.49E-06,-0.432,,,,blue_insert_socket,"[0.75, 0.1, """"]","[0.75, 0.1, 0.45]","[0.75, 0.1, 0.45]","[0.75, 0.1, 0.45]",gazebo_world_xy_only,base,"[0.7499724783245669, 0.10000823658777695, -0.432]",2.87E-05,2.87E-05,,xy_base_vs_gazebo_world_model_xy,dual_LangSAM_masks+PointCloud2+TF,base_pointcloud_top_band_circle_fit_xy,,,0.749972478,0.100008237,-0.432,,,,0.646345849,-1.49E-06,-0.357,"[0.6463458494199956, -1.4885918340600685e-06, -0.357]","[0.697585478667162, 0.0032228071628622444, -0.1469368289744335]",0.749972478,0.100008237,-0.432,"[0.7499724783245669, 0.10000823658777695, -0.432]","[0.045, 0.045, 0.1]","[0.085, 0.085, 0.1]","[0.055, 0.055]","[0.0, 0.0, 0.0]",green_insert_cylinder,blue_insert_socket,"[0.7518120602321268, 0.10042363410625396, 0.4999999256011331]","[0.75, 0.1, 0.45]","[0.75, 0.1, 0.45]",0.001885899,0.001860921,0.152779307,TRUE,0.004,0.050000074,,TRUE,insertion_trajectory,75,TRUE,/home/wei/code/learning_thousand_tasks/demo_library/rollout_trajectories/insert_grasp_replay_input_insert_20260816_214504.json,626,1304,626,1304,,,,,TRUE,TRUE,TRUE,grasp_complete,,TRUE,TRUE,insertion_replay_complete,,FALSE,TRUE,TRUE,,,9.76E-05,9.48E-05,4.09E-05,dwell_only,1.001,,55.49371982,0.960519791,0.008878469,0.162195444,0,34.72886968,53.64742398,0,29,moveit_wrapper_v1,53.64742398,/home/wei/code/learning_thousand_tasks/demo_library/rollout_trajectories/rollout_insert_20260816_214504.json,/home/wei/code/learning_thousand_tasks/demo_library/rollout_trajectories/insert_replay_input_insert_20260816_214504.json,/home/wei/code/learning_thousand_tasks/demo_library/scene_packages/live_insert_trial_insert_20260816_214504_relation.json,,,,TRUE,TRUE,TRUE,,,,,,,,,,,,,,,,,,,,,,,,,,,,,,,,,,,,,,,,,,,,,,,,,,,
2026/8/16 21:49,insert_20260816_214807,cylinder_insert_socket,insert the green cylinder into the blue socket,socket__x75_y0.1_cyl_x065_y0,3,full,target_anchor,bottleneck,stage_replay,failed,FALSE,FALSE,FALSE,insertion_verification,圆柱与插孔最终XY对准误差过大,insertion_failure,insertion_failure,explicit_demo_id,green_cylinder_insert_blue_socket,,,cylinder,"[0.045, 0.045, 0.1]",green_insert_cylinder,"[0.6501603311008399, 8.480059920986642e-05, """"]","[0.6501603311008399, 8.480059920986642e-05, 0.49999891801367774]","[0.6501603311008399, 8.480059920986642e-05, 0.49999891801367774]",gazebo_world_xy_only,base,,,"[0.6463704652056237, -1.769478339437927e-06, -0.432]",0.003790855,0.003790855,,xy_base_vs_gazebo_world_model_xy,dual_LangSAM_masks+PointCloud2+TF,base_pointcloud_percentile_box_center_xy,0.646370465,-1.77E-06,-0.432,,,,blue_insert_socket,"[0.75, 0.1, """"]","[0.75, 0.1, 0.45]","[0.75, 0.1, 0.45]","[0.75, 0.1, 0.45]",gazebo_world_xy_only,base,"[0.7499727387726001, 0.10000747600001268, -0.432]",2.83E-05,2.83E-05,,xy_base_vs_gazebo_world_model_xy,dual_LangSAM_masks+PointCloud2+TF,base_pointcloud_top_band_circle_fit_xy,,,0.749972739,0.100007476,-0.432,,,,0.646370465,-1.77E-06,-0.357,"[0.6463704652056237, -1.769478339437927e-06, -0.357]","[0.697585478667162, 0.0032228071628622444, -0.1469368289744335]",0.749972739,0.100007476,-0.432,"[0.7499727387726001, 0.10000747600001268, -0.432]","[0.045, 0.045, 0.1]","[0.085, 0.085, 0.1]","[0.055, 0.055]","[0.0, 0.0, 0.0]",green_insert_cylinder,blue_insert_socket,"[0.5946153757387651, 0.10808304716457501, 0.4724995097326799]","[0.75, 0.1, 0.45]","[0.75, 0.1, 0.45]",0.155567108,0.155594721,0.140420987,TRUE,0.004,0.07750049,圆柱与插孔最终XY对准误差过大,TRUE,insertion_trajectory,75,TRUE,/home/wei/code/learning_thousand_tasks/demo_library/rollout_trajectories/insert_grasp_replay_input_insert_20260816_214807.json,626,1304,626,1304,,,,,TRUE,TRUE,TRUE,grasp_complete,,TRUE,TRUE,insertion_replay_complete,,FALSE,TRUE,FALSE,insertion_verification,,9.76E-05,9.48E-05,4.09E-05,dwell_only,1.001,,59.27658033,0.757266283,0.009139299,0.032538652,0,38.9696734,57.70053625,0,29,moveit_wrapper_v1,57.70053625,/home/wei/code/learning_thousand_tasks/demo_library/rollout_trajectories/rollout_insert_20260816_214807.json,/home/wei/code/learning_thousand_tasks/demo_library/rollout_trajectories/insert_replay_input_insert_20260816_214807.json,/home/wei/code/learning_thousand_tasks/demo_library/scene_packages/live_insert_trial_insert_20260816_214807_relation.json,,,,TRUE,TRUE,TRUE,,,,,,,,,,,,,,,,,,,,,,,,,,,,,,,,,,,,,,,,,,,,,,,,,,,
2026/8/16 22:06,insert_20260816_220526,cylinder_insert_socket,insert the green cylinder into the blue socket,socket__x75_y0.1_cyl_x065_y0,4,full,target_anchor,bottleneck,stage_replay,success,TRUE,TRUE,TRUE,,,,,explicit_demo_id,green_cylinder_insert_blue_socket,,,cylinder,"[0.045, 0.045, 0.1]",green_insert_cylinder,"[0.6501053886308731, 6.623800042043098e-05, """"]","[0.6501053886308731, 6.623800042043098e-05, 0.5000005613743619]","[0.6501053886308731, 6.623800042043098e-05, 0.5000005613743619]",gazebo_world_xy_only,base,,,"[0.6462823843010879, -2.166159168686538e-06, -0.432]",0.003823616,0.003823616,,xy_base_vs_gazebo_world_model_xy,dual_LangSAM_masks+PointCloud2+TF,base_pointcloud_percentile_box_center_xy,0.646282384,-2.17E-06,-0.432,,,,blue_insert_socket,"[0.75, 0.1, """"]","[0.75, 0.1, 0.45]","[0.75, 0.1, 0.45]","[0.75, 0.1, 0.45]",gazebo_world_xy_only,base,"[0.7499725051562882, 0.10000809664350446, -0.432]",2.87E-05,2.87E-05,,xy_base_vs_gazebo_world_model_xy,dual_LangSAM_masks+PointCloud2+TF,base_pointcloud_top_band_circle_fit_xy,,,0.749972505,0.100008097,-0.432,,,,0.646282384,-2.17E-06,-0.357,"[0.6462823843010879, -2.166159168686538e-06, -0.357]","[0.697585478667162, 0.0032228071628622444, -0.1469368289744335]",0.749972505,0.100008097,-0.432,"[0.7499725051562882, 0.10000809664350446, -0.432]","[0.045, 0.045, 0.1]","[0.085, 0.085, 0.1]","[0.055, 0.055]","[0.0, 0.0, 0.0]",green_insert_cylinder,blue_insert_socket,"[0.7513933999576845, 0.0981971802798758, 0.49999890512807516]","[0.75, 0.1, 0.45]","[0.75, 0.1, 0.45]",0.002301817,0.002278535,0.138891029,TRUE,0.004,0.050001095,,TRUE,insertion_trajectory,75,TRUE,/home/wei/code/learning_thousand_tasks/demo_library/rollout_trajectories/insert_grasp_replay_input_insert_20260816_220526.json,626,1304,626,1304,,,,,TRUE,TRUE,TRUE,grasp_complete,,TRUE,TRUE,insertion_replay_complete,,FALSE,TRUE,TRUE,,,9.76E-05,9.48E-05,4.09E-05,dwell_only,1.001,,58.26440859,0.935689926,0.002784014,0.114588976,0,36.6222055,56.61795616,0,29,moveit_wrapper_v1,56.61795616,/home/wei/code/learning_thousand_tasks/demo_library/rollout_trajectories/rollout_insert_20260816_220526.json,/home/wei/code/learning_thousand_tasks/demo_library/rollout_trajectories/insert_replay_input_insert_20260816_220526.json,/home/wei/code/learning_thousand_tasks/demo_library/scene_packages/live_insert_trial_insert_20260816_220526_relation.json,,,,TRUE,TRUE,TRUE,0.00423283,-2.00E-05,0.004232877,0.004219881,-1.24E-05,0.004219899,0.006614378,0.004971345,0.008274314,0.008263041,0.002942729,-0.001256561,0.003199781,-0.00682909,0.005899138,0.009024206,0.008943423,0.00186182,0.006255664,0.006255664,0.006202329,0.006202329,0.002283432,,,,0.02,,,,,,,,,,,,,,,,,,,,,,,,
2026/8/16 22:15,insert_20260816_221445,cylinder_insert_socket,insert the green cylinder into the blue socket,socket__x75_y0.1_cyl_x065_y02,1,full,target_anchor,bottleneck,stage_replay,success,TRUE,TRUE,TRUE,,,,,explicit_demo_id,green_cylinder_insert_blue_socket,,,cylinder,"[0.045, 0.045, 0.1]",green_insert_cylinder,"[0.6504432045765158, 0.20017031706316787, """"]","[0.6504432045765158, 0.20017031706316787, 0.49999889398673536]","[0.6504432045765158, 0.20017031706316787, 0.49999889398673536]",gazebo_world_xy_only,base,,,"[0.6477167265635924, 0.19835801541516263, -0.432]",0.003273854,0.003273854,,xy_base_vs_gazebo_world_model_xy,dual_LangSAM_masks+PointCloud2+TF,base_pointcloud_percentile_box_center_xy,0.647716727,0.198358015,-0.432,,,,blue_insert_socket,"[0.75, 0.1, """"]","[0.75, 0.1, 0.45]","[0.75, 0.1, 0.45]","[0.75, 0.1, 0.45]",gazebo_world_xy_only,base,"[0.7499715253093909, 0.1000085643753922, -0.432]",2.97E-05,2.97E-05,,xy_base_vs_gazebo_world_model_xy,dual_LangSAM_masks+PointCloud2+TF,base_pointcloud_top_band_circle_fit_xy,,,0.749971525,0.100008564,-0.432,,,,0.647716727,0.198358015,-0.357,"[0.6477167265635924, 0.19835801541516263, -0.357]","[0.697585478667162, 0.0032228071628622444, -0.1469368289744335]",0.749971525,0.100008564,-0.432,"[0.7499715253093909, 0.1000085643753922, -0.432]","[0.045, 0.045, 0.1]","[0.085, 0.085, 0.1]","[0.055, 0.055]","[0.0, 0.0, 0.0]",green_insert_cylinder,blue_insert_socket,"[0.7512559270480561, 0.0993607677329244, 0.49999890490262777]","[0.75, 0.1, 0.45]","[0.75, 0.1, 0.45]",0.001438516,0.001409245,0.142473407,TRUE,0.004,0.050001095,,TRUE,insertion_trajectory,75,TRUE,/home/wei/code/learning_thousand_tasks/demo_library/rollout_trajectories/insert_grasp_replay_input_insert_20260816_221445.json,634,1298,634,1298,,,,,TRUE,TRUE,TRUE,grasp_complete,,TRUE,TRUE,insertion_replay_complete,,FALSE,TRUE,TRUE,,,9.76E-05,9.48E-05,4.09E-05,dwell_only,1.001,,58.84035611,1.070091248,0.002295017,0.031630278,0,37.58277798,57.1006608,0,29,moveit_wrapper_v1,57.1006608,/home/wei/code/learning_thousand_tasks/demo_library/rollout_trajectories/rollout_insert_20260816_221445.json,/home/wei/code/learning_thousand_tasks/demo_library/rollout_trajectories/insert_replay_input_insert_20260816_221445.json,/home/wei/code/learning_thousand_tasks/demo_library/scene_packages/live_insert_trial_insert_20260816_221445_relation.json,,,,TRUE,TRUE,TRUE,0.003126344,0.001865745,0.003640746,0.003152832,0.000603357,0.003210045,-0.003713965,-0.001815099,0.004133778,0.004122472,0.001962617,0.002136898,0.002901413,-0.004589817,0.003820437,0.005971781,0.005895442,0.00499891,0.005350344,0.006060952,0.005921409,0.005921409,0.001414462,,,,0.02,,,,,,,,,,,,,,,,,,,,,,,,
2026/8/16 22:57,insert_20260816_225626,cylinder_insert_socket,insert the green cylinder into the blue socket,socket__x75_y0.1_cyl_x065_y02,2,full,target_anchor,bottleneck,stage_replay,success,TRUE,TRUE,TRUE,,,,,explicit_demo_id,green_cylinder_insert_blue_socket,,,cylinder,"[0.045, 0.045, 0.1]",green_insert_cylinder,"[0.6501295109103837, 0.20007016369514433, """"]","[0.6501295109103837, 0.20007016369514433, 0.4999988940259656]","[0.6501295109103837, 0.20007016369514433, 0.4999988940259656]",gazebo_world_xy_only,base,,,"[0.6475602396731623, 0.19833798880304207, -0.432]",0.003098642,0.003098642,,xy_base_vs_gazebo_world_model_xy,dual_LangSAM_masks+PointCloud2+TF,base_pointcloud_percentile_box_center_xy,0.64756024,0.198337989,-0.432,,,,blue_insert_socket,"[0.75, 0.1, """"]","[0.75, 0.1, 0.45]","[0.75, 0.1, 0.45]","[0.75, 0.1, 0.45]",gazebo_world_xy_only,base,"[0.749971455218045, 0.10000857316933903, -0.432]",2.98E-05,2.98E-05,,xy_base_vs_gazebo_world_model_xy,dual_LangSAM_masks+PointCloud2+TF,base_pointcloud_top_band_circle_fit_xy,,,0.749971455,0.100008573,-0.432,,,,0.64756024,0.198337989,-0.357,"[0.6475602396731623, 0.19833798880304207, -0.357]","[0.697585478667162, 0.0032228071628622444, -0.1469368289744335]",0.749971455,0.100008573,-0.432,"[0.749971455218045, 0.10000857316933903, -0.432]","[0.045, 0.045, 0.1]","[0.085, 0.085, 0.1]","[0.055, 0.055]","[0.0, 0.0, 0.0]",green_insert_cylinder,blue_insert_socket,"[0.7487115210700912, 0.09876965380875567, 0.49999992644142616]","[0.75, 0.1, 0.45]","[0.75, 0.1, 0.45]",0.001767019,0.001781553,0.135756652,TRUE,0.004,0.050000074,,TRUE,insertion_trajectory,75,TRUE,/home/wei/code/learning_thousand_tasks/demo_library/rollout_trajectories/insert_grasp_replay_input_insert_20260816_225626.json,634,1298,634,1298,,,,,TRUE,TRUE,TRUE,grasp_complete,,TRUE,TRUE,insertion_replay_complete,,FALSE,TRUE,TRUE,,,9.76E-05,9.48E-05,4.09E-05,dwell_only,1.001,,62.38001966,1.990060329,0.010667562,0.036695242,0,38.65014625,59.5356462,0,29,moveit_wrapper_v1,59.5356462,/home/wei/code/learning_thousand_tasks/demo_library/rollout_trajectories/rollout_insert_20260816_225626.json,/home/wei/code/learning_thousand_tasks/demo_library/rollout_trajectories/insert_replay_input_insert_20260816_225626.json,/home/wei/code/learning_thousand_tasks/demo_library/scene_packages/live_insert_trial_insert_20260816_225626_relation.json,,,,TRUE,TRUE,TRUE,0.003087223,0.001771363,0.003559308,0.003103643,0.000841503,0.0032157,-0.002457286,-0.003661713,0.004409807,0.004387027,0.002043232,0.003068735,0.003686724,-0.004094865,0.00383411,0.005609663,0.005553987,0.00533302,0.004148871,0.005778534,0.006318799,0.006318799,0.001781554,,,,0.02,,,,,,,,,,,,,,,,,,,,,,,,
2026/8/16 23:00,insert_20260816_225938,cylinder_insert_socket,insert the green cylinder into the blue socket,socket__x75_y0.1_cyl_x065_y02,3,full,target_anchor,bottleneck,stage_replay,success,TRUE,TRUE,TRUE,,,,,explicit_demo_id,green_cylinder_insert_blue_socket,,,cylinder,"[0.045, 0.045, 0.1]",green_insert_cylinder,"[0.6501575027916461, 0.20008449681864426, """"]","[0.6501575027916461, 0.20008449681864426, 0.5000008441479045]","[0.6501575027916461, 0.20008449681864426, 0.5000008441479045]",gazebo_world_xy_only,base,,,"[0.6475765580096823, 0.19834547739690056, -0.432]",0.003112148,0.003112148,,xy_base_vs_gazebo_world_model_xy,dual_LangSAM_masks+PointCloud2+TF,base_pointcloud_percentile_box_center_xy,0.647576558,0.198345477,-0.432,,,,blue_insert_socket,"[0.75, 0.1, """"]","[0.75, 0.1, 0.45]","[0.75, 0.1, 0.45]","[0.75, 0.1, 0.45]",gazebo_world_xy_only,base,"[0.7499721160272664, 0.10000766100188585, -0.432]",2.89E-05,2.89E-05,,xy_base_vs_gazebo_world_model_xy,dual_LangSAM_masks+PointCloud2+TF,base_pointcloud_top_band_circle_fit_xy,,,0.749972116,0.100007661,-0.432,,,,0.647576558,0.198345477,-0.357,"[0.6475765580096823, 0.19834547739690056, -0.357]","[0.697585478667162, 0.0032228071628622444, -0.1469368289744335]",0.749972116,0.100007661,-0.432,"[0.7499721160272664, 0.10000766100188585, -0.432]","[0.045, 0.045, 0.1]","[0.085, 0.085, 0.1]","[0.055, 0.055]","[0.0, 0.0, 0.0]",green_insert_cylinder,blue_insert_socket,"[0.7485870262962917, 0.10061168438646084, 0.5000008572646802]","[0.75, 0.1, 0.45]","[0.75, 0.1, 0.45]",0.001511065,0.001539692,0.145757329,TRUE,0.004,0.049999143,,TRUE,insertion_trajectory,75,TRUE,/home/wei/code/learning_thousand_tasks/demo_library/rollout_trajectories/insert_grasp_replay_input_insert_20260816_225938.json,634,1298,634,1298,,,,,TRUE,TRUE,TRUE,grasp_complete,,TRUE,TRUE,insertion_replay_complete,,FALSE,TRUE,TRUE,,,9.76E-05,9.48E-05,4.09E-05,dwell_only,1.001,,62.64537001,0.976917744,0.015692711,0.030111313,0,40.50706649,60.90152144,0,28,moveit_wrapper_v1,60.90152144,/home/wei/code/learning_thousand_tasks/demo_library/rollout_trajectories/rollout_insert_20260816_225938.json,/home/wei/code/learning_thousand_tasks/demo_library/rollout_trajectories/insert_replay_input_insert_20260816_225938.json,/home/wei/code/learning_thousand_tasks/demo_library/scene_packages/live_insert_trial_insert_20260816_225938_relation.json,,,,TRUE,TRUE,TRUE,0.003181431,0.001786557,0.003648739,0.003226514,0.000406529,0.003252024,0.009237223,0.006062829,0.011049171,0.011037404,0.002498188,-0.00116423,0.002756152,-0.004354493,0.003252063,0.005434843,0.005346378,0.003089959,0.00351452,0.006095334,0.005578375,0.005578375,0.001535168,,,,0.02,,,,,,,,,,,,,,,,,,,,,,,,
2026/8/16 23:04,insert_20260816_230325,cylinder_insert_socket,insert the green cylinder into the blue socket,socket__x75_y0.1_cyl_x065_y02,4,full,target_anchor,bottleneck,stage_replay,success,TRUE,TRUE,TRUE,,,,,explicit_demo_id,green_cylinder_insert_blue_socket,,,cylinder,"[0.045, 0.045, 0.1]",green_insert_cylinder,"[0.6501086518444178, 0.2000641507630997, """"]","[0.6501086518444178, 0.2000641507630997, 0.500000597649048]","[0.6501086518444178, 0.2000641507630997, 0.500000597649048]",gazebo_world_xy_only,base,,,"[0.6475520686925509, 0.1983333739172377, -0.432]",0.003087346,0.003087346,,xy_base_vs_gazebo_world_model_xy,dual_LangSAM_masks+PointCloud2+TF,base_pointcloud_percentile_box_center_xy,0.647552069,0.198333374,-0.432,,,,blue_insert_socket,"[0.75, 0.1, """"]","[0.75, 0.1, 0.45]","[0.75, 0.1, 0.45]","[0.75, 0.1, 0.45]",gazebo_world_xy_only,base,"[0.7499707686217831, 0.10000839105352298, -0.432]",3.04E-05,3.04E-05,,xy_base_vs_gazebo_world_model_xy,dual_LangSAM_masks+PointCloud2+TF,base_pointcloud_top_band_circle_fit_xy,,,0.749970769,0.100008391,-0.432,,,,0.647552069,0.198333374,-0.357,"[0.6475520686925509, 0.1983333739172377, -0.357]","[0.697585478667162, 0.0032228071628622444, -0.1469368289744335]",0.749970769,0.100008391,-0.432,"[0.7499707686217831, 0.10000839105352298, -0.432]","[0.045, 0.045, 0.1]","[0.085, 0.085, 0.1]","[0.055, 0.055]","[0.0, 0.0, 0.0]",green_insert_cylinder,blue_insert_socket,"[0.7496170474938282, 0.10068804949157589, 0.5000008596218749]","[0.75, 0.1, 0.45]","[0.75, 0.1, 0.45]",0.000766195,0.000787442,0.147688286,TRUE,0.004,0.04999914,,TRUE,insertion_trajectory,75,TRUE,/home/wei/code/learning_thousand_tasks/demo_library/rollout_trajectories/insert_grasp_replay_input_insert_20260816_230325.json,634,1298,634,1298,,,,,TRUE,TRUE,TRUE,grasp_complete,,TRUE,TRUE,insertion_replay_complete,,FALSE,TRUE,TRUE,,,9.76E-05,9.48E-05,4.09E-05,dwell_only,1.001,,61.1382544,0.498778582,0.001949072,0.031252861,0,39.02474356,59.80365181,0,29,moveit_wrapper_v1,59.80365181,/home/wei/code/learning_thousand_tasks/demo_library/rollout_trajectories/rollout_insert_20260816_230325.json,/home/wei/code/learning_thousand_tasks/demo_library/rollout_trajectories/insert_replay_input_insert_20260816_230325.json,/home/wei/code/learning_thousand_tasks/demo_library/scene_packages/live_insert_trial_insert_20260816_230325_relation.json,,,,TRUE,TRUE,TRUE,0.002676513,0.001726222,0.003184897,0.002697673,0.00046357,0.002737213,-0.002873958,-0.001759846,0.003369969,0.00335569,0.00177198,0.001690055,0.002448714,-0.004008667,0.003166203,0.005108254,0.005001409,0.005060437,0.003779538,0.006066732,0.004954216,0.004954216,0.000787019,,,,0.02,,,,,,,,,,,,,,,,,,,,,,,,
2026/8/16 23:21,insert_20260816_231959,cylinder_insert_socket,insert the green cylinder into the blue socket,socket__x75_y0.1_cyl_x085_y02,1,full,target_anchor,bottleneck,stage_replay,failed,FALSE,FALSE,FALSE,insertion_execution,insert_execution_failed,insertion_failure,insertion_failure,explicit_demo_id,green_cylinder_insert_blue_socket,,,cylinder,"[0.045, 0.045, 0.1]",green_insert_cylinder,"[0.8498409744600783, 0.20007833300476938, """"]","[0.8498409744600783, 0.20007833300476938, 0.4999988943042842]","[0.8498409744600783, 0.20007833300476938, 0.4999988943042842]",gazebo_world_xy_only,base,,,"[0.8462728014864463, 0.19862682509222362, -0.432]",0.003852108,0.003852108,,xy_base_vs_gazebo_world_model_xy,dual_LangSAM_masks+PointCloud2+TF,base_pointcloud_percentile_box_center_xy,0.846272801,0.198626825,-0.432,,,,blue_insert_socket,"[0.75, 0.1, """"]","[0.75, 0.1, 0.45]","[0.75, 0.1, 0.45]","[0.75, 0.1, 0.45]",gazebo_world_xy_only,base,"[0.7499711435761537, 0.10000830414039977, -0.432]",3.00E-05,3.00E-05,,xy_base_vs_gazebo_world_model_xy,dual_LangSAM_masks+PointCloud2+TF,base_pointcloud_top_band_circle_fit_xy,,,0.749971144,0.100008304,-0.432,,,,0.846272801,0.198626825,-0.357,"[0.8462728014864463, 0.19862682509222362, -0.357]","[0.697585478667162, 0.0032228071628622444, -0.1469368289744335]",0.749971144,0.100008304,-0.432,"[0.7499711435761537, 0.10000830414039977, -0.432]","[0.045, 0.045, 0.1]","[0.085, 0.085, 0.1]","[0.055, 0.055]","[0.0, 0.0, 0.0]",,,"["""", """", """"]","["""", """", """"]","["""", """", """"]",,,0.13719852,TRUE,0.004,,,TRUE,insertion_trajectory,75,TRUE,/home/wei/code/learning_thousand_tasks/demo_library/rollout_trajectories/insert_grasp_replay_input_insert_20260816_231959.json,492,1300,492,1300,,,,,FALSE,TRUE,TRUE,grasp_complete,,TRUE,FALSE,insertion_step_f_replay,insertion_step_f_tracking,FALSE,FALSE,FALSE,insertion_step_f_tracking,insertion_step_f_tracking,9.76E-05,9.48E-05,4.09E-05,dwell_only,1.001,,64.37998104,0.928458452,0.004492998,0.054763556,0,45.82908845,62.65124249,0,22,moveit_wrapper_v1,62.65124249,/home/wei/code/learning_thousand_tasks/demo_library/rollout_trajectories/rollout_insert_20260816_231959.json,/home/wei/code/learning_thousand_tasks/demo_library/rollout_trajectories/insert_replay_input_insert_20260816_231959.json,/home/wei/code/learning_thousand_tasks/demo_library/scene_packages/live_insert_trial_insert_20260816_231959_relation.json,,,,FALSE,FALSE,,0.003105993,0.001398935,0.003406496,0.00304394,0.001018694,0.003209877,0.009519806,-0.003889161,0.010283593,0.010263148,0.001759962,0.004421621,0.004759013,-0.005805677,0.003556742,0.006808546,0.006730981,0.00917154,0.030426518,0.030426518,0.056422288,0.056422288,,TRUE,2,0.056004318,0.02,,,,,,,,,,,,,,,,,,,,,,,,
2026/8/16 23:34,insert_20260816_233249,cylinder_insert_socket,insert the green cylinder into the blue socket,socket__x75_y0.1_cyl_x085_y02,2,full,target_anchor,bottleneck,stage_replay,success,TRUE,TRUE,TRUE,,,,,explicit_demo_id,green_cylinder_insert_blue_socket,,,cylinder,"[0.045, 0.045, 0.1]",green_insert_cylinder,"[0.849935646283212, 0.20004817356227214, """"]","[0.849935646283212, 0.20004817356227214, 0.5000008716199047]","[0.849935646283212, 0.20004817356227214, 0.5000008716199047]",gazebo_world_xy_only,base,,,"[0.8463234702762249, 0.19864864794289033, -0.432]",0.003873821,0.003873821,,xy_base_vs_gazebo_world_model_xy,dual_LangSAM_masks+PointCloud2+TF,base_pointcloud_percentile_box_center_xy,0.84632347,0.198648648,-0.432,,,,blue_insert_socket,"[0.75, 0.1, """"]","[0.75, 0.1, 0.45]","[0.75, 0.1, 0.45]","[0.75, 0.1, 0.45]",gazebo_world_xy_only,base,"[0.7499715177608051, 0.10000870999750273, -0.432]",2.98E-05,2.98E-05,,xy_base_vs_gazebo_world_model_xy,dual_LangSAM_masks+PointCloud2+TF,base_pointcloud_top_band_circle_fit_xy,,,0.749971518,0.10000871,-0.432,,,,0.84632347,0.198648648,-0.357,"[0.8463234702762249, 0.19864864794289033, -0.357]","[0.697585478667162, 0.0032228071628622444, -0.1469368289744335]",0.749971518,0.10000871,-0.432,"[0.7499715177608051, 0.10000870999750273, -0.432]","[0.045, 0.045, 0.1]","[0.085, 0.085, 0.1]","[0.055, 0.055]","[0.0, 0.0, 0.0]",green_insert_cylinder,blue_insert_socket,"[0.7521711839568014, 0.09971387813627056, 0.5000008379999448]","[0.75, 0.1, 0.45]","[0.75, 0.1, 0.45]",0.002219337,0.002189956,0.152937187,TRUE,0.004,0.049999162,,TRUE,insertion_trajectory,75,TRUE,/home/wei/code/learning_thousand_tasks/demo_library/rollout_trajectories/insert_grasp_replay_input_insert_20260816_233249.json,492,1300,492,1300,,,,,TRUE,TRUE,TRUE,grasp_complete,,TRUE,TRUE,insertion_replay_complete,,FALSE,TRUE,TRUE,,,9.76E-05,9.48E-05,4.09E-05,dwell_only,1.001,,77.24287724,0.979380369,0.004338741,0.028282642,0,53.6766572,75.19333124,0,29,moveit_wrapper_v1,75.19333124,/home/wei/code/learning_thousand_tasks/demo_library/rollout_trajectories/rollout_insert_20260816_233249.json,/home/wei/code/learning_thousand_tasks/demo_library/rollout_trajectories/insert_replay_input_insert_20260816_233249.json,/home/wei/code/learning_thousand_tasks/demo_library/scene_packages/live_insert_trial_insert_20260816_233249_relation.json,,,,TRUE,TRUE,TRUE,0.003150303,0.001354208,0.003429036,0.003051833,0.000965563,0.003200937,0.008811053,0.00370709,0.00955914,0.009545725,0.001481539,-0.000680646,0.00163041,-0.007813224,-0.000388274,0.007822865,0.00771859,0.00289492,0.006224375,0.006224375,0.005075331,0.005075331,0.00219081,,,,0.02,3.454873422,0.264010336,2.341165436,0.149789235,0.000547671,2.155058604,5.036555838,5.995429799,5.997426655,0.195901365,0.16374037,0.163556739,3.525850742,4.185362854,4.201693836,0.167894215,0.19142257,0.167894215,0.011247708,0.006069217,0.011247708,1.531229864,5.717293414,5.717293414
2026/8/17 5:05,insert_20260817_050422,cylinder_insert_socket,insert the green cylinder into the blue socket,socket__x75_y0.1_cyl_x085_y02,3,full,target_anchor,bottleneck,stage_replay,success,TRUE,TRUE,TRUE,,,,,explicit_demo_id,green_cylinder_insert_blue_socket,,,cylinder,"[0.045, 0.045, 0.1]",green_insert_cylinder,"[0.8499258452280197, 0.2000525622352675, """"]","[0.8499258452280197, 0.2000525622352675, 0.5000005962748146]","[0.8499258452280197, 0.2000525622352675, 0.5000005962748146]",gazebo_world_xy_only,base,,,"[0.8463159156165525, 0.1986482231118831, -0.432]",0.003873469,0.003873469,,xy_base_vs_gazebo_world_model_xy,dual_LangSAM_masks+PointCloud2+TF,base_pointcloud_percentile_box_center_xy,0.846315916,0.198648223,-0.432,,,,blue_insert_socket,"[0.75, 0.1, """"]","[0.75, 0.1, 0.45]","[0.75, 0.1, 0.45]","[0.75, 0.1, 0.45]",gazebo_world_xy_only,base,"[0.74997175140637, 0.10000835014858384, -0.432]",2.95E-05,2.95E-05,,xy_base_vs_gazebo_world_model_xy,dual_LangSAM_masks+PointCloud2+TF,base_pointcloud_top_band_circle_fit_xy,,,0.749971751,0.10000835,-0.432,,,,0.846315916,0.198648223,-0.357,"[0.8463159156165525, 0.1986482231118831, -0.357]","[0.697585478667162, 0.0032228071628622444, -0.1469368289744335]",0.749971751,0.10000835,-0.432,"[0.74997175140637, 0.10000835014858384, -0.432]","[0.045, 0.045, 0.1]","[0.085, 0.085, 0.1]","[0.055, 0.055]","[0.0, 0.0, 0.0]",green_insert_cylinder,blue_insert_socket,"[0.7510991664626936, 0.09887384829981082, 0.4999989027869739]","[0.75, 0.1, 0.45]","[0.75, 0.1, 0.45]",0.001599425,0.001573653,0.140309886,TRUE,0.004,0.050001097,,TRUE,insertion_trajectory,75,TRUE,/home/wei/code/learning_thousand_tasks/demo_library/rollout_trajectories/insert_grasp_replay_input_insert_20260817_050422.json,492,1300,492,1300,,,,,TRUE,TRUE,TRUE,grasp_complete,,TRUE,TRUE,insertion_replay_complete,,FALSE,TRUE,TRUE,,,9.76E-05,9.48E-05,4.09E-05,dwell_only,1.001,,73.24966431,1.423478842,0.001367092,0.05390358,0,50.6048274,70.83774328,0,29,moveit_wrapper_v1,70.83774328,/home/wei/code/learning_thousand_tasks/demo_library/rollout_trajectories/rollout_insert_20260817_050422.json,/home/wei/code/learning_thousand_tasks/demo_library/rollout_trajectories/insert_replay_input_insert_20260817_050422.json,/home/wei/code/learning_thousand_tasks/demo_library/scene_packages/live_insert_trial_insert_20260817_050422_relation.json,,,,TRUE,TRUE,TRUE,0.003220677,0.001446893,0.003530759,0.003178125,0.001022718,0.003338627,0.004663426,0.001447269,0.00488284,0.004881489,0.002071692,0.000797689,0.002219958,-0.006245316,0.001263947,0.006371933,0.006292808,0.0063079,0.006141566,0.0063079,0.005485282,0.005958782,0.001572221,,,,0.02,3.487736436,0.26253953,2.31090479,0.141518403,0.000660251,0.893949469,5.006389142,5.885461378,5.885461378,0.196651604,0.166073982,0.166073982,3.441038657,4.109812923,4.119624972,0.158644805,0.182406787,0.158644805,0.005443669,0.006797936,0.006797936,2.93764859,6.425238525,6.425238525
2026/8/17 5:09,insert_20260817_050746,cylinder_insert_socket,insert the green cylinder into the blue socket,socket__x75_y0.1_cyl_x085_y02,4,full,target_anchor,bottleneck,stage_replay,success,TRUE,TRUE,TRUE,,,,,explicit_demo_id,green_cylinder_insert_blue_socket,,,cylinder,"[0.045, 0.045, 0.1]",green_insert_cylinder,"[0.8499369994237477, 0.20004835912425153, """"]","[0.8499369994237477, 0.20004835912425153, 0.49999889435999506]","[0.8499369994237477, 0.20004835912425153, 0.49999889435999506]",gazebo_world_xy_only,base,,,"[0.8463216206194304, 0.19864789854960746, -0.432]",0.003877145,0.003877145,,xy_base_vs_gazebo_world_model_xy,dual_LangSAM_masks+PointCloud2+TF,base_pointcloud_percentile_box_center_xy,0.846321621,0.198647899,-0.432,,,,blue_insert_socket,"[0.75, 0.1, """"]","[0.75, 0.1, 0.45]","[0.75, 0.1, 0.45]","[0.75, 0.1, 0.45]",gazebo_world_xy_only,base,"[0.7499714638871217, 0.1000085081551868, -0.432]",2.98E-05,2.98E-05,,xy_base_vs_gazebo_world_model_xy,dual_LangSAM_masks+PointCloud2+TF,base_pointcloud_top_band_circle_fit_xy,,,0.749971464,0.100008508,-0.432,,,,0.846321621,0.198647899,-0.357,"[0.8463216206194304, 0.19864789854960746, -0.357]","[0.697585478667162, 0.0032228071628622444, -0.1469368289744335]",0.749971464,0.100008508,-0.432,"[0.7499714638871217, 0.1000085081551868, -0.432]","[0.045, 0.045, 0.1]","[0.085, 0.085, 0.1]","[0.055, 0.055]","[0.0, 0.0, 0.0]",green_insert_cylinder,blue_insert_socket,"[0.7508084363110445, 0.09737272080626609, 0.5000008605688443]","[0.75, 0.1, 0.45]","[0.75, 0.1, 0.45]",0.002765483,0.002748848,0.141329836,TRUE,0.004,0.049999139,,TRUE,insertion_trajectory,75,TRUE,/home/wei/code/learning_thousand_tasks/demo_library/rollout_trajectories/insert_grasp_replay_input_insert_20260817_050746.json,492,1300,492,1300,,,,,TRUE,TRUE,TRUE,grasp_complete,,TRUE,TRUE,insertion_replay_complete,,FALSE,TRUE,TRUE,,,9.76E-05,9.48E-05,4.09E-05,dwell_only,1.001,,74.90750575,0.750068426,0.009828091,0.113068819,0,53.24145508,73.22209287,0,29,moveit_wrapper_v1,73.22209287,/home/wei/code/learning_thousand_tasks/demo_library/rollout_trajectories/rollout_insert_20260817_050746.json,/home/wei/code/learning_thousand_tasks/demo_library/rollout_trajectories/insert_replay_input_insert_20260817_050746.json,/home/wei/code/learning_thousand_tasks/demo_library/scene_packages/live_insert_trial_insert_20260817_050746_relation.json,,,,TRUE,TRUE,TRUE,0.003313355,0.001374657,0.0035872,0.003241212,0.000987462,0.003388294,0.007292727,0.004245262,0.008438372,0.00841554,0.001655491,-0.001541795,0.002262251,-0.008702029,-0.000792253,0.008738019,0.008661193,0.002579625,0.006258576,0.006258576,0.003450754,0.004992367,0.002753683,,,,0.02,3.435804093,0.264877168,2.356720587,0.154989293,0.000567421,1.71539777,5.050407368,6.05755027,6.05755027,0.195523644,0.162315541,0.162298589,3.544573945,4.236097694,4.242186763,0.173116138,0.197322514,0.173116138,0.006327229,0.007639751,0.007639751,1.161894334,6.567735248,6.567735248
2026/8/17 5:15,insert_20260817_051452,cylinder_insert_socket,insert the green cylinder into the blue socket,socket__x75_y0.1_cyl_x085_y0,1,full,target_anchor,bottleneck,stage_replay,failed,FALSE,FALSE,FALSE,insertion_execution,insert_execution_failed,insertion_failure,insertion_failure,explicit_demo_id,green_cylinder_insert_blue_socket,,,cylinder,"[0.045, 0.045, 0.1]",green_insert_cylinder,"[0.8502735378958883, -5.989281641699711e-05, """"]","[0.8502735378958883, -5.989281641699711e-05, 0.5000008675077121]","[0.8502735378958883, -5.989281641699711e-05, 0.5000008675077121]",gazebo_world_xy_only,base,,,"[0.8581419681325587, -0.0003429468748541147, -0.432]",0.00787352,0.00787352,,xy_base_vs_gazebo_world_model_xy,dual_LangSAM_masks+PointCloud2+TF,base_pointcloud_percentile_box_center_xy,0.858141968,-0.000342947,-0.432,,,,blue_insert_socket,"[0.75, 0.1, """"]","[0.75, 0.1, 0.45]","[0.75, 0.1, 0.45]","[0.75, 0.1, 0.45]",gazebo_world_xy_only,base,"[0.7499724707943736, 0.10000821248253942, -0.432]",2.87E-05,2.87E-05,,xy_base_vs_gazebo_world_model_xy,dual_LangSAM_masks+PointCloud2+TF,base_pointcloud_top_band_circle_fit_xy,,,0.749972471,0.100008212,-0.432,,,,0.858141968,-0.000342947,-0.357,"[0.8581419681325587, -0.0003429468748541147, -0.357]","[0.697585478667162, 0.0032228071628622444, -0.1469368289744335]",0.749972471,0.100008212,-0.432,"[0.7499724707943736, 0.10000821248253942, -0.432]","[0.045, 0.045, 0.1]","[0.085, 0.085, 0.1]","[0.055, 0.055]","[0.0, 0.0, 0.0]",,,"["""", """", """"]","["""", """", """"]","["""", """", """"]",,,0.136452247,TRUE,0.004,,,TRUE,insertion_trajectory,75,TRUE,/home/wei/code/learning_thousand_tasks/demo_library/rollout_trajectories/insert_grasp_replay_input_insert_20260817_051452.json,494,1300,494,1300,,,,,FALSE,TRUE,TRUE,grasp_complete,,TRUE,FALSE,insertion_step_f_replay,insertion_step_f_tracking,FALSE,FALSE,FALSE,insertion_step_f_tracking,insertion_step_f_tracking,9.76E-05,9.48E-05,4.09E-05,dwell_only,1.001,,62.25166655,0.848555565,0.0012393,0.015637398,0,44.42053866,61.07176685,0,22,moveit_wrapper_v1,61.07176685,/home/wei/code/learning_thousand_tasks/demo_library/rollout_trajectories/rollout_insert_20260817_051452.json,/home/wei/code/learning_thousand_tasks/demo_library/rollout_trajectories/insert_replay_input_insert_20260817_051452.json,/home/wei/code/learning_thousand_tasks/demo_library/scene_packages/live_insert_trial_insert_20260817_051452_relation.json,,,,FALSE,FALSE,,-0.007262532,-0.000116364,0.007263464,-0.007361208,-2.57E-05,0.007361253,-0.00217845,0.001190319,0.002482439,0.002509119,-0.010778279,0.000199055,0.010780117,-0.020441397,0.003573321,0.02075137,0.020697461,0.007950089,0.021079591,0.021079591,0.03994224,0.03994224,,TRUE,2,0.039436555,0.02,3.428225471,0.265287849,2.433358595,0.188596188,0.008367709,0.882245289,5.144490176,6.664936179,6.664936179,0.192634174,0.149568443,0.149568443,3.599248798,4.39058756,4.39058756,0.203272249,0.222399444,0.203272249,0.009736588,0.041251742,0.041251742,1.288519198,30.37062028,30.37062028
2026/8/17 5:29,insert_20260817_052831,cylinder_insert_socket,insert the green cylinder into the blue socket,socket__x65_y-0.1_cyl_x015_y0,1,full,target_anchor,bottleneck,stage_replay,success,TRUE,TRUE,TRUE,,,,,explicit_demo_id,green_cylinder_insert_blue_socket,,,cylinder,"[0.045, 0.045, 0.1]",green_insert_cylinder,"[0.7521402543221798, 0.0006603333529331529, """"]","[0.7521402543221798, 0.0006603333529331529, 0.49999889385839585]","[0.7521402543221798, 0.0006603333529331529, 0.49999889385839585]",gazebo_world_xy_only,base,,,"[0.7476702133566246, -2.2270412729860287e-05, -0.432]",0.00452186,0.00452186,,xy_base_vs_gazebo_world_model_xy,dual_LangSAM_masks+PointCloud2+TF,base_pointcloud_percentile_box_center_xy,0.747670213,-2.23E-05,-0.432,,,,blue_insert_socket,"[0.65, -0.1, """"]","[0.65, -0.1, 0.45]","[0.65, -0.1, 0.45]","[0.65, -0.1, 0.45]",gazebo_world_xy_only,base,"[0.6499710555593191, -0.10001224095696494, -0.432]",3.14E-05,3.14E-05,,xy_base_vs_gazebo_world_model_xy,dual_LangSAM_masks+PointCloud2+TF,base_pointcloud_top_band_circle_fit_xy,,,0.649971056,-0.100012241,-0.432,,,,0.747670213,-2.23E-05,-0.357,"[0.7476702133566246, -2.2270412729860287e-05, -0.357]","[0.697585478667162, 0.0032228071628622444, -0.1469368289744335]",0.649971056,-0.100012241,-0.432,"[0.6499710555593191, -0.10001224095696494, -0.432]","[0.045, 0.045, 0.1]","[0.085, 0.085, 0.1]","[0.055, 0.055]","[0.0, 0.0, 0.0]",green_insert_cylinder,blue_insert_socket,"[0.6530535163053784, -0.09807279070791676, 0.5005921435606104]","[0.65, -0.1, 0.45]","[0.65, -0.1, 0.45]",0.003641845,0.003610831,0.136561223,TRUE,0.004,0.049407856,,TRUE,insertion_trajectory,75,TRUE,/home/wei/code/learning_thousand_tasks/demo_library/rollout_trajectories/insert_grasp_replay_input_insert_20260817_052831.json,538,1533,538,1533,,,,,TRUE,TRUE,TRUE,grasp_complete,,TRUE,FALSE,insertion_release_complete_retreat_failed,insertion_step_h_replay,FALSE,FALSE,FALSE,insertion_step_h_replay,insertion_step_h_replay,9.76E-05,9.48E-05,4.09E-05,dwell_only,1.001,,60.07828951,0.953202009,0.002612114,0.062644482,0,38.25269532,58.32890439,0,24,moveit_wrapper_v1,58.32890439,/home/wei/code/learning_thousand_tasks/demo_library/rollout_trajectories/rollout_insert_20260817_052831.json,/home/wei/code/learning_thousand_tasks/demo_library/rollout_trajectories/insert_replay_input_insert_20260817_052831.json,/home/wei/code/learning_thousand_tasks/demo_library/scene_packages/live_insert_trial_insert_20260817_052831_relation.json,,,,TRUE,TRUE,FALSE,0.004720593,0.00128723,0.00489295,0.004697962,-0.000147999,0.004700293,0.002691658,-0.005518583,0.006140015,0.006090627,0.00380178,0.002833976,0.004741831,-0.002970432,0.004821823,0.005663342,0.005640437,0.005808644,0.005117349,0.005808644,0.006299836,0.006299836,0.002336671,,,,0.02,2.980773524,0.292135103,2.720919128,0.22209432,0.000503365,0.383444183,3.775662873,4.224353405,4.227233706,0.249297011,0.228342094,0.228258071,3.291495102,3.551407495,3.552694232,0.221522717,0.220217776,0.220045539,0.001202273,0.007180802,0.024450269,0.284297971,2.252183558,2.252183558
2026/8/17 5:32,insert_20260817_053142,cylinder_insert_socket,insert the green cylinder into the blue socket,socket__x65_y-0.1_cyl_x015_y0,2,full,target_anchor,bottleneck,stage_replay,success,TRUE,TRUE,TRUE,,,,,explicit_demo_id,green_cylinder_insert_blue_socket,,,cylinder,"[0.045, 0.045, 0.1]",green_insert_cylinder,"[0.7501022584364564, 6.658837533867395e-05, """"]","[0.7501022584364564, 6.658837533867395e-05, 0.5000008441553718]","[0.7501022584364564, 6.658837533867395e-05, 0.5000008441553718]",gazebo_world_xy_only,base,,,"[0.7466428299970913, 2.3004767791649783e-06, -0.432]",0.003460026,0.003460026,,xy_base_vs_gazebo_world_model_xy,dual_LangSAM_masks+PointCloud2+TF,base_pointcloud_percentile_box_center_xy,0.74664283,2.30E-06,-0.432,,,,blue_insert_socket,"[0.65, -0.1, """"]","[0.65, -0.1, 0.45]","[0.65, -0.1, 0.45]","[0.65, -0.1, 0.45]",gazebo_world_xy_only,base,"[0.6499710269174553, -0.10001224305427682, -0.432]",3.15E-05,3.15E-05,,xy_base_vs_gazebo_world_model_xy,dual_LangSAM_masks+PointCloud2+TF,base_pointcloud_top_band_circle_fit_xy,,,0.649971027,-0.100012243,-0.432,,,,0.74664283,2.30E-06,-0.357,"[0.7466428299970913, 2.3004767791649783e-06, -0.357]","[0.697585478667162, 0.0032228071628622444, -0.1469368289744335]",0.649971027,-0.100012243,-0.432,"[0.6499710269174553, -0.10001224305427682, -0.432]","[0.045, 0.045, 0.1]","[0.085, 0.085, 0.1]","[0.055, 0.055]","[0.0, 0.0, 0.0]",green_insert_cylinder,blue_insert_socket,"[0.6519549744301287, -0.10209955890721122, 0.49999890512317274]","[0.65, -0.1, 0.45]","[0.65, -0.1, 0.45]",0.002879746,0.00286881,0.139108511,TRUE,0.004,0.050001095,,TRUE,insertion_trajectory,75,TRUE,/home/wei/code/learning_thousand_tasks/demo_library/rollout_trajectories/insert_grasp_replay_input_insert_20260817_053142.json,538,1533,538,1533,,,,,TRUE,TRUE,TRUE,grasp_complete,,TRUE,TRUE,insertion_replay_complete,,FALSE,TRUE,TRUE,,,9.76E-05,9.48E-05,4.09E-05,dwell_only,1.001,,64.03725767,1.077796936,0.001707554,0.041795731,0,42.33950305,62.18213797,0,29,moveit_wrapper_v1,62.18213797,/home/wei/code/learning_thousand_tasks/demo_library/rollout_trajectories/rollout_insert_20260817_053142.json,/home/wei/code/learning_thousand_tasks/demo_library/rollout_trajectories/insert_replay_input_insert_20260817_053142.json,/home/wei/code/learning_thousand_tasks/demo_library/scene_packages/live_insert_trial_insert_20260817_053142_relation.json,,,,TRUE,TRUE,TRUE,0.003593923,7.45E-05,0.003594694,0.003561457,-0.00010381,0.003562969,0.005816198,0.001676071,0.006052882,0.006047505,0.002407589,-0.001984545,0.003120081,-0.005624029,0.006716022,0.008759832,0.008707896,0.003149626,0.005575875,0.005720649,0.004626275,0.004626275,0.002873078,,,,0.02,2.965467214,0.293108684,2.71703475,0.219294201,0.000281662,1.256471496,3.785647089,4.252021451,4.252021451,0.248840719,0.227289128,0.227289128,3.315167755,3.553965227,3.553965227,0.217652408,0.215814094,0.215814094,0.007892549,0.018185867,0.018185867,0.971462802,4.058411275,4.058411275
2026/8/17 5:35,insert_20260817_053451,cylinder_insert_socket,insert the green cylinder into the blue socket,socket__x65_y-0.1_cyl_x015_y0,3,full,target_anchor,bottleneck,stage_replay,success,TRUE,TRUE,TRUE,,,,,explicit_demo_id,green_cylinder_insert_blue_socket,,,cylinder,"[0.045, 0.045, 0.1]",green_insert_cylinder,"[0.7501286269735801, 7.062666441989509e-05, """"]","[0.7501286269735801, 7.062666441989509e-05, 0.5000005976507782]","[0.7501286269735801, 7.062666441989509e-05, 0.5000005976507782]",gazebo_world_xy_only,base,,,"[0.746654797908663, 1.916772841541875e-06, -0.432]",0.003474509,0.003474509,,xy_base_vs_gazebo_world_model_xy,dual_LangSAM_masks+PointCloud2+TF,base_pointcloud_percentile_box_center_xy,0.746654798,1.92E-06,-0.432,,,,blue_insert_socket,"[0.65, -0.1, """"]","[0.65, -0.1, 0.45]","[0.65, -0.1, 0.45]","[0.65, -0.1, 0.45]",gazebo_world_xy_only,base,"[0.6499714252119337, -0.10001215386234619, -0.432]",3.11E-05,3.11E-05,,xy_base_vs_gazebo_world_model_xy,dual_LangSAM_masks+PointCloud2+TF,base_pointcloud_top_band_circle_fit_xy,,,0.649971425,-0.100012154,-0.432,,,,0.746654798,1.92E-06,-0.357,"[0.746654797908663, 1.916772841541875e-06, -0.357]","[0.697585478667162, 0.0032228071628622444, -0.1469368289744335]",0.649971425,-0.100012154,-0.432,"[0.6499714252119337, -0.10001215386234619, -0.432]","[0.045, 0.045, 0.1]","[0.085, 0.085, 0.1]","[0.055, 0.055]","[0.0, 0.0, 0.0]",green_insert_cylinder,blue_insert_socket,"[0.6504518146186911, -0.10138079736532926, 0.4999998982272313]","[0.65, -0.1, 0.45]","[0.65, -0.1, 0.45]",0.001450503,0.001452838,0.129870321,TRUE,0.004,0.050000102,,TRUE,insertion_trajectory,75,TRUE,/home/wei/code/learning_thousand_tasks/demo_library/rollout_trajectories/insert_grasp_replay_input_insert_20260817_053451.json,538,1533,538,1533,,,,,TRUE,TRUE,TRUE,grasp_complete,,TRUE,TRUE,insertion_replay_complete,,FALSE,TRUE,TRUE,,,9.76E-05,9.48E-05,4.09E-05,dwell_only,1.001,,64.33134794,0.790371656,0.001592159,0.017639637,0,43.30757713,62.82227564,0,28,moveit_wrapper_v1,62.82227564,/home/wei/code/learning_thousand_tasks/demo_library/rollout_trajectories/rollout_insert_20260817_053451.json,/home/wei/code/learning_thousand_tasks/demo_library/rollout_trajectories/insert_replay_input_insert_20260817_053451.json,/home/wei/code/learning_thousand_tasks/demo_library/scene_packages/live_insert_trial_insert_20260817_053451_relation.json,,,,TRUE,TRUE,TRUE,0.003707985,0.000690918,0.003771806,0.003694085,-0.000157682,0.003697449,-0.00058608,-0.005832565,0.005861937,0.005837694,0.002711303,0.003072445,0.004097693,-0.003754635,0.006598858,0.007592247,0.007560656,0.005841052,0.005962588,0.006232695,0.004306041,0.004306041,0.001452863,,,,0.02,2.983900933,0.291895217,2.724316521,0.223393561,4.04E-05,0.368093253,3.777882066,4.274271068,4.276926902,0.249180816,0.226437362,0.226339801,3.293248369,3.567787082,3.567787082,0.22254707,0.220737001,0.220737001,0.002600513,0.019829432,0.019829432,0.263339942,7.193607863,7.193607863
2026/8/17 5:39,insert_20260817_053808,cylinder_insert_socket,insert the green cylinder into the blue socket,socket__x65_y-0.1_cyl_x075_y0,4,full,target_anchor,bottleneck,stage_replay,success,TRUE,TRUE,TRUE,,,,,explicit_demo_id,green_cylinder_insert_blue_socket,,,cylinder,"[0.045, 0.045, 0.1]",green_insert_cylinder,"[0.7501621796698588, 8.148546049753648e-05, """"]","[0.7501621796698588, 8.148546049753648e-05, 0.5000005976535525]","[0.7501621796698588, 8.148546049753648e-05, 0.5000005976535525]",gazebo_world_xy_only,base,,,"[0.7466717826442015, 9.204668287611517e-07, -0.432]",0.003491327,0.003491327,,xy_base_vs_gazebo_world_model_xy,dual_LangSAM_masks+PointCloud2+TF,base_pointcloud_percentile_box_center_xy,0.746671783,9.20E-07,-0.432,,,,blue_insert_socket,"[0.65, -0.1, """"]","[0.65, -0.1, 0.45]","[0.65, -0.1, 0.45]","[0.65, -0.1, 0.45]",gazebo_world_xy_only,base,"[0.6499719602366528, -0.1000119640286475, -0.432]",3.05E-05,3.05E-05,,xy_base_vs_gazebo_world_model_xy,dual_LangSAM_masks+PointCloud2+TF,base_pointcloud_top_band_circle_fit_xy,,,0.64997196,-0.100011964,-0.432,,,,0.746671783,9.20E-07,-0.357,"[0.7466717826442015, 9.204668287611517e-07, -0.357]","[0.697585478667162, 0.0032228071628622444, -0.1469368289744335]",0.64997196,-0.100011964,-0.432,"[0.6499719602366528, -0.1000119640286475, -0.432]","[0.045, 0.045, 0.1]","[0.085, 0.085, 0.1]","[0.055, 0.055]","[0.0, 0.0, 0.0]",green_insert_cylinder,blue_insert_socket,"[0.652665345150873, -0.0994148407638031, 0.49999891819793746]","[0.65, -0.1, 0.45]","[0.65, -0.1, 0.45]",0.002758782,0.002728823,0.136457143,TRUE,0.004,0.050001082,,TRUE,insertion_trajectory,75,TRUE,/home/wei/code/learning_thousand_tasks/demo_library/rollout_trajectories/insert_grasp_replay_input_insert_20260817_053808.json,538,1533,538,1533,,,,,TRUE,TRUE,TRUE,grasp_complete,,TRUE,TRUE,insertion_replay_complete,,FALSE,TRUE,TRUE,,,9.76E-05,9.48E-05,4.09E-05,dwell_only,1.001,,63.5363977,0.975085735,0.005134583,0.084633827,0,41.72103977,61.55725265,0,29,moveit_wrapper_v1,61.55725265,/home/wei/code/learning_thousand_tasks/demo_library/rollout_trajectories/rollout_insert_20260817_053808.json,/home/wei/code/learning_thousand_tasks/demo_library/rollout_trajectories/insert_replay_input_insert_20260817_053808.json,/home/wei/code/learning_thousand_tasks/demo_library/scene_packages/live_insert_trial_insert_20260817_053808_relation.json,,,,TRUE,TRUE,TRUE,0.003454703,0.000383098,0.00347588,0.003423628,0.00014906,0.003426872,-0.001979551,0.003659162,0.004160299,0.00414566,0.002833858,-0.002301858,0.003650932,-0.002085563,0.004070204,0.004573416,0.004538447,0.00360124,0.004795262,0.005631287,0.005071712,0.00508492,0.002700663,,,,0.02,2.981618554,0.292301083,2.712361226,0.22044116,0.000223342,0.578107978,3.786675367,4.249431353,4.254866036,0.248757397,0.227397192,0.227171554,3.319194131,3.553994668,3.555692597,0.219164785,0.216993504,0.216993504,0.001710794,0.034048206,0.034048206,0.460796285,4.225842598,4.225842598
2026/8/17 5:43,insert_20260817_054252,cylinder_insert_socket,insert the green cylinder into the blue socket,socket__x75_y0.1_cyl_x085_y0,2,full,target_anchor,bottleneck,stage_replay,failed,FALSE,FALSE,FALSE,insertion_execution,insert_execution_failed,insertion_failure,insertion_failure,explicit_demo_id,green_cylinder_insert_blue_socket,,,cylinder,"[0.045, 0.045, 0.1]",green_insert_cylinder,"[0.8502939021973042, -6.599225665452484e-05, """"]","[0.8502939021973042, -6.599225665452484e-05, 0.49999889921789886]","[0.8502939021973042, -6.599225665452484e-05, 0.49999889921789886]",gazebo_world_xy_only,base,,,"[0.8582475704780219, -0.0003748100966670387, -0.432]",0.007959661,0.007959661,,xy_base_vs_gazebo_world_model_xy,dual_LangSAM_masks+PointCloud2+TF,base_pointcloud_percentile_box_center_xy,0.85824757,-0.00037481,-0.432,,,,blue_insert_socket,"[0.75, 0.1, """"]","[0.75, 0.1, 0.45]","[0.75, 0.1, 0.45]","[0.75, 0.1, 0.45]",gazebo_world_xy_only,base,"[0.7499715038375302, 0.10000860920711224, -0.432]",2.98E-05,2.98E-05,,xy_base_vs_gazebo_world_model_xy,dual_LangSAM_masks+PointCloud2+TF,base_pointcloud_top_band_circle_fit_xy,,,0.749971504,0.100008609,-0.432,,,,0.85824757,-0.00037481,-0.357,"[0.8582475704780219, -0.0003748100966670387, -0.357]","[0.697585478667162, 0.0032228071628622444, -0.1469368289744335]",0.749971504,0.100008609,-0.432,"[0.7499715038375302, 0.10000860920711224, -0.432]","[0.045, 0.045, 0.1]","[0.085, 0.085, 0.1]","[0.055, 0.055]","[0.0, 0.0, 0.0]",,,"["""", """", """"]","["""", """", """"]","["""", """", """"]",,,0.137890973,TRUE,0.004,,,TRUE,insertion_trajectory,75,TRUE,/home/wei/code/learning_thousand_tasks/demo_library/rollout_trajectories/insert_grasp_replay_input_insert_20260817_054252.json,493,1308,493,1308,,,,,FALSE,TRUE,TRUE,grasp_complete,,TRUE,FALSE,insertion_step_f_replay,insertion_step_f_tracking,FALSE,FALSE,FALSE,insertion_step_f_tracking,insertion_step_f_tracking,9.76E-05,9.48E-05,4.09E-05,dwell_only,1.001,,59.37372375,0.856978178,0.005271435,0.023498297,0,41.07471395,57.78065562,0,22,moveit_wrapper_v1,57.78065562,/home/wei/code/learning_thousand_tasks/demo_library/rollout_trajectories/rollout_insert_20260817_054252.json,/home/wei/code/learning_thousand_tasks/demo_library/rollout_trajectories/insert_replay_input_insert_20260817_054252.json,/home/wei/code/learning_thousand_tasks/demo_library/scene_packages/live_insert_trial_insert_20260817_054252_relation.json,contact,,2026/8/17 5:44,FALSE,FALSE,,-0.007795789,0.000104583,0.007796491,-0.008174961,-0.000946313,0.00822955,-0.006564902,0.00194966,0.006848292,0.006868805,-0.010863623,-0.002982137,0.011265498,-0.014816572,0.001130563,0.014859643,0.014843265,0.008486092,0.011418874,0.011418874,0.035625449,0.035625449,,TRUE,2,0.03515435,0.02,4.548683295,0.197368585,2.255002449,0.215521718,0.009731836,1.590947412,6.450500694,7.835400597,7.835400597,0.146688895,0.122021246,0.122021246,3.945657354,4.868219363,4.868219363,0.208976507,0.228507815,0.208976507,0.008056625,0.15828337,0.15828337,0.92673166,17.98155788,17.98155788
2026/8/17 5:54,insert_20260817_055355,cylinder_insert_socket,insert the green cylinder into the blue socket,socket__x75_y0.1_cyl_x085_y0,3,full,target_anchor,bottleneck,stage_replay,failed,FALSE,FALSE,FALSE,insertion_execution,insert_execution_failed,insertion_failure,insertion_failure,explicit_demo_id,green_cylinder_insert_blue_socket,,,cylinder,"[0.045, 0.045, 0.1]",green_insert_cylinder,"[0.8500966372960072, -1.050874601779407e-06, """"]","[0.8500966372960072, -1.050874601779407e-06, 0.5000005935562932]","[0.8500966372960072, -1.050874601779407e-06, 0.5000005935562932]",gazebo_world_xy_only,base,,,"[0.8593149094307702, -0.0007879473370254082, -0.432]",0.009251797,0.009251797,,xy_base_vs_gazebo_world_model_xy,dual_LangSAM_masks+PointCloud2+TF,base_pointcloud_percentile_box_center_xy,0.859314909,-0.000787947,-0.432,,,,blue_insert_socket,"[0.75, 0.1, """"]","[0.75, 0.1, 0.45]","[0.75, 0.1, 0.45]","[0.75, 0.1, 0.45]",gazebo_world_xy_only,base,"[0.7499728577275316, 0.10000757387746699, -0.432]",2.82E-05,2.82E-05,,xy_base_vs_gazebo_world_model_xy,dual_LangSAM_masks+PointCloud2+TF,base_pointcloud_top_band_circle_fit_xy,,,0.749972858,0.100007574,-0.432,,,,0.859314909,-0.000787947,-0.357,"[0.8593149094307702, -0.0007879473370254082, -0.357]","[0.697585478667162, 0.0032228071628622444, -0.1469368289744335]",0.749972858,0.100007574,-0.432,"[0.7499728577275316, 0.10000757387746699, -0.432]","[0.045, 0.045, 0.1]","[0.085, 0.085, 0.1]","[0.055, 0.055]","[0.0, 0.0, 0.0]",,,"["""", """", """"]","["""", """", """"]","["""", """", """"]",,,0.146455528,TRUE,0.004,,,TRUE,insertion_trajectory,75,TRUE,/home/wei/code/learning_thousand_tasks/demo_library/rollout_trajectories/insert_grasp_replay_input_insert_20260817_055355.json,493,1308,493,1308,,,,,FALSE,TRUE,TRUE,grasp_complete,,TRUE,FALSE,insertion_step_f_replay,insertion_step_f_tracking,FALSE,FALSE,FALSE,insertion_step_f_tracking,insertion_step_f_tracking,9.76E-05,9.48E-05,4.09E-05,dwell_only,1.001,,57.59568071,0.917124987,0.005031824,0.047453642,0,39.0934577,55.78787374,0,22,moveit_wrapper_v1,55.78787374,/home/wei/code/learning_thousand_tasks/demo_library/rollout_trajectories/rollout_insert_20260817_055355.json,/home/wei/code/learning_thousand_tasks/demo_library/rollout_trajectories/insert_replay_input_insert_20260817_055355.json,/home/wei/code/learning_thousand_tasks/demo_library/scene_packages/live_insert_trial_insert_20260817_055355_relation.json,,,,FALSE,FALSE,,-0.009440282,0.000774776,0.009472022,-0.009789691,0.000866023,0.009827922,-0.01437367,-0.003600981,0.014817876,0.014810213,-0.01310341,0.000858723,0.013131517,-0.019845147,0.001068283,0.01987388,0.019821319,0.009621081,0.037128191,0.037128191,0.038526614,0.038526614,,TRUE,2,0.037918842,0.02,3.448431441,0.26391687,2.415002511,0.179045127,0.011346057,1.424729443,5.117244036,6.522295372,6.522295372,0.193511029,0.152571362,0.152571362,3.572397347,4.316210836,4.316210836,0.194636088,0.215257685,0.194636088,0.008547984,0.20256776,0.20256776,0.960968144,33.40179458,33.40179458
2026/8/17 5:58,insert_20260817_055724,cylinder_insert_socket,insert the green cylinder into the blue socket,socket__x75_y0.1_cyl_x085_y0,4,full,target_anchor,bottleneck,stage_replay,failed,FALSE,FALSE,FALSE,insertion_execution,insert_execution_failed,insertion_failure,insertion_failure,explicit_demo_id,green_cylinder_insert_blue_socket,,,cylinder,"[0.045, 0.045, 0.1]",green_insert_cylinder,"[0.8501125350973094, -3.0135622866600644e-06, """"]","[0.8501125350973094, -3.0135622866600644e-06, 0.5000005679509429]","[0.8501125350973094, -3.0135622866600644e-06, 0.5000005679509429]",gazebo_world_xy_only,base,,,"[0.858157666472535, -0.0007932224581180935, -0.432]",0.008083846,0.008083846,,xy_base_vs_gazebo_world_model_xy,dual_LangSAM_masks+PointCloud2+TF,base_pointcloud_percentile_box_center_xy,0.858157666,-0.000793222,-0.432,,,,blue_insert_socket,"[0.75, 0.1, """"]","[0.75, 0.1, 0.45]","[0.75, 0.1, 0.45]","[0.75, 0.1, 0.45]",gazebo_world_xy_only,base,"[0.7499714538732848, 0.10000858324302157, -0.432]",2.98E-05,2.98E-05,,xy_base_vs_gazebo_world_model_xy,dual_LangSAM_masks+PointCloud2+TF,base_pointcloud_top_band_circle_fit_xy,,,0.749971454,0.100008583,-0.432,,,,0.858157666,-0.000793222,-0.357,"[0.858157666472535, -0.0007932224581180935, -0.357]","[0.697585478667162, 0.0032228071628622444, -0.1469368289744335]",0.749971454,0.100008583,-0.432,"[0.7499714538732848, 0.10000858324302157, -0.432]","[0.045, 0.045, 0.1]","[0.085, 0.085, 0.1]","[0.055, 0.055]","[0.0, 0.0, 0.0]",,,"["""", """", """"]","["""", """", """"]","["""", """", """"]",,,0.145336982,TRUE,0.004,,,TRUE,insertion_trajectory,75,TRUE,/home/wei/code/learning_thousand_tasks/demo_library/rollout_trajectories/insert_grasp_replay_input_insert_20260817_055724.json,493,1308,493,1308,,,,,FALSE,TRUE,TRUE,grasp_complete,,TRUE,FALSE,insertion_step_f_replay,insertion_step_f_tracking,FALSE,FALSE,FALSE,insertion_step_f_tracking,insertion_step_f_tracking,9.76E-05,9.48E-05,4.09E-05,dwell_only,1.001,,60.93654919,1.176831722,0.004926682,0.02699542,0,41.47398281,58.7656889,0,23,moveit_wrapper_v1,58.7656889,/home/wei/code/learning_thousand_tasks/demo_library/rollout_trajectories/rollout_insert_20260817_055724.json,/home/wei/code/learning_thousand_tasks/demo_library/rollout_trajectories/insert_replay_input_insert_20260817_055724.json,/home/wei/code/learning_thousand_tasks/demo_library/scene_packages/live_insert_trial_insert_20260817_055724_relation.json,,,,FALSE,FALSE,,-0.007661846,0.000609664,0.007686064,-0.00784565,0.000101837,0.007846311,-0.006079111,-0.001465638,0.006253294,0.006240485,-0.010842843,0.00117644,0.010906478,-0.020031068,0.000897114,0.020051147,0.019990377,0.010017349,0.025564069,0.025564069,0.039603837,0.039603837,,TRUE,2,0.039603837,0.02,3.447489708,0.264309718,2.351673224,0.153069491,0.008010578,0.133583898,5.057383042,6.196850216,6.196850216,0.195338867,0.159796744,0.159796744,3.503049062,4.097479936,4.097479936,0.171364388,0.194525105,0.171364388,0.00677095,0.045357846,0.045357846,2.398144944,29.10790498,29.10790498
