timestamp,trial_id,task_type,query,condition_id,repeat_id,method_variant,relation_alignment_mode,insert_replay_anchor_mode,trajectory_transfer_mode,outcome,success,task_success,postcheck_success,failure_stage,failure_reason,failure_category,insert_failure_detail,retrieval_mode,retrieved_demo_id,language_score,geometry_score,target_shape,target_size_xyz,target_gt_model,target_gt_xyz,target_gt_world_xyz,initial_object_xyz,target_gt_frame,target_est_frame,target_error_z_m,target_error_xyz_m,target_est_xyz,target_error_xy_m,target_perception_error_xy_m,target_perception_error_xyz_m,target_perception_error_metric,target_perception_method,target_geometry_center_method,target_x,target_y,target_z,anchor_gt_xyz,anchor_est_xyz,anchor_error_xy_m,socket_gt_model,socket_gt_xyz,socket_gt_world_xyz,initial_socket_xyz,initial_anchor_xyz,socket_gt_frame,socket_est_frame,socket_est_xyz,socket_error_xy_m,socket_perception_error_xy_m,socket_perception_error_xyz_m,socket_perception_error_metric,socket_perception_method,socket_geometry_center_method,socket_error_z_m,socket_error_xyz_m,anchor_x,anchor_y,anchor_z,target_yaw_gt_deg,target_yaw_est_deg,yaw_error_deg,grasp_x,grasp_y,grasp_z,grasp_xyz,bottleneck_xyz,place_x,place_y,place_z,place_or_insert_xyz,cylinder_size,socket_size,socket_opening,place_offset_xyz,final_object_model_name,final_socket_model_name,final_object_xyz,final_socket_xyz,final_anchor_xyz,final_target_error_xy_m,final_relation_error_xy_m,max_insert_relation_error_xy_m,rim_contact_or_collision_flag,rim_contact_xy_threshold_m,insert_depth_m,postcheck_reason,replay_used,replay_type,release_index,grasp_replay_used,grasp_replay_path,mask_pixels,anchor_mask_pixels,pointcloud_points,anchor_pointcloud_points,icp_mean_error_m,icp_median_error_m,icp_p90_error_m,planning_success,execution_success,grasp_replay_attempted,grasp_replay_success,grasp_replay_stage,grasp_replay_failure_stage,insertion_replay_attempted,insertion_replay_success,insertion_replay_stage,insertion_replay_failure_stage,scripted_fallback_used,pure_replay_execution_success,pure_replay_success,failure_stage_detail,replay_failure_stage_detail,grasp_post_close_motion_max_m,grasp_post_close_motion_max_xy_m,grasp_post_close_motion_max_z_m,grasp_post_close_mode,grasp_post_close_dwell_s,manual_success_label,total_time_s,perception_time_s,retrieval_time_s,alignment_time_s,planning_time_s,robot_execution_time_s,execution_wall_time_s,planning_call_count,robot_execution_call_count,timing_source,execution_time_s,rollout_path,replay_path,scene_package_path,manual_wall_contact,manual_contact_note,manual_contact_timestamp,insertion_interaction_success,post_release_retreat_attempted,post_release_retreat_success
2026/8/15 4:45,insert_20260815_044431,cylinder_insert_socket,insert the green cylinder into the blue socket,socket_c_cyl_x08_y0.1,1,full,target_anchor,bottleneck,stage_replay,success,TRUE,TRUE,TRUE,,,,,explicit_demo_id,green_cylinder_insert_blue_socket,,,cylinder,"[0.045, 0.045, 0.1]",green_insert_cylinder,"[0.8001375787420032, 0.0999896746825691, """"]","[0.8001375787420032, 0.0999896746825691, 0.4999989152511734]","[0.8001375787420032, 0.0999896746825691, 0.4999989152511734]",gazebo_world_xy_only,base,,,"[0.7974699104616758, 0.0993256475859656, -0.432]",0.00274907,0.00274907,,xy_base_vs_gazebo_world_model_xy,dual_LangSAM_masks+PointCloud2+TF,base_pointcloud_percentile_box_center_xy,0.79746991,0.099325648,-0.432,,,,blue_insert_socket,"[0.7, 0.0, """"]","[0.7, 0.0, 0.45]","[0.7, 0.0, 0.45]","[0.7, 0.0, 0.45]",gazebo_world_xy_only,base,"[0.6999767294621589, 1.1145061912118413e-05, -0.432]",2.58E-05,2.58E-05,,xy_base_vs_gazebo_world_model_xy,dual_LangSAM_masks+PointCloud2+TF,base_pointcloud_top_band_circle_fit_xy,,,0.699976729,1.11E-05,-0.432,,,,0.79746991,0.099325648,-0.357,"[0.7974699104616758, 0.0993256475859656, -0.357]","[0.697585478667162, 0.0032228071628622444, -0.1469368289744335]",0.699976729,1.11E-05,-0.432,"[0.6999767294621589, 1.1145061912118413e-05, -0.432]","[0.045, 0.045, 0.1]","[0.085, 0.085, 0.1]","[0.055, 0.055]","[0.0, 0.0, 0.0]",green_insert_cylinder,blue_insert_socket,"[0.7024976868559952, -0.0038018418873786443, 0.4999999279883784]","[0.7, 0.0, 0.45]","[0.7, 0.0, 0.45]",0.004571006,0.004548895,0.148039515,TRUE,0.004,0.050000072,,TRUE,insertion_trajectory,75,TRUE,/home/wei/code/learning_thousand_tasks/demo_library/rollout_trajectories/insert_grasp_replay_input_insert_20260815_044431.json,514,1381,514,1381,,,,,TRUE,TRUE,TRUE,grasp_complete,,TRUE,TRUE,insertion_replay_complete,,FALSE,TRUE,TRUE,,,9.76E-05,9.48E-05,4.09E-05,dwell_only,1.001,,76.82210493,0.724281073,0.007081032,0.068460941,0.036879778,57.31178617,75.30740523,1,24,moveit_wrapper_v1,75.30740523,/home/wei/code/learning_thousand_tasks/demo_library/rollout_trajectories/rollout_insert_20260815_044431.json,/home/wei/code/learning_thousand_tasks/demo_library/rollout_trajectories/insert_replay_input_insert_20260815_044431.json,/home/wei/code/learning_thousand_tasks/demo_library/scene_packages/live_insert_trial_insert_20260815_044431_relation.json,,,,,,
2026-08-15 22:17:24,insert_20260815_221621,cylinder_insert_socket,insert the green cylinder into the blue socket,socket_c_cyl_x08_y0.2,1,full,target_anchor,bottleneck,stage_replay,failed,False,False,False,insertion_verification,圆柱与插孔最终XY对准误差过大,insertion_failure,insertion_failure,explicit_demo_id,green_cylinder_insert_blue_socket,,,cylinder,"[0.045, 0.045, 0.1]",green_insert_cylinder,"[0.7997890166685757, 0.20010614577565908, """"]","[0.7997890166685757, 0.20010614577565908, 0.5000008719182207]","[0.7997890166685757, 0.20010614577565908, 0.5000008719182207]",gazebo_world_xy_only,base,,,"[0.7973390014001652, 0.19873549160290754, -0.432]",0.0028073595560108985,0.0028073595560108985,,xy_base_vs_gazebo_world_model_xy,dual_LangSAM_masks+PointCloud2+TF,base_pointcloud_percentile_box_center_xy,0.7973390014001652,0.19873549160290754,-0.432,,,,blue_insert_socket,"[0.7, 0.1, """"]","[0.7, 0.1, 0.45]","[0.7, 0.1, 0.45]","[0.7, 0.1, 0.45]",gazebo_world_xy_only,base,"[0.6999691753252384, 0.10000049298066897, -0.432]",3.082861664259728e-05,3.082861664259728e-05,,xy_base_vs_gazebo_world_model_xy,dual_LangSAM_masks+PointCloud2+TF,base_pointcloud_top_band_circle_fit_xy,,,0.6999691753252384,0.10000049298066897,-0.432,,,,0.7973390014001652,0.19873549160290754,-0.357,"[0.7973390014001652, 0.19873549160290754, -0.357]","[0.697585478667162, 0.0032228071628622444, -0.1469368289744335]",0.6999691753252384,0.10000049298066897,-0.432,"[0.6999691753252384, 0.10000049298066897, -0.432]","[0.045, 0.045, 0.1]","[0.085, 0.085, 0.1]","[0.055, 0.055]","[0.0, 0.0, 0.0]",green_insert_cylinder,blue_insert_socket,"[0.8079772927592662, 0.07799974607033655, 0.4724995097326375]","[0.7, 0.1, 0.45]","[0.7, 0.1, 0.45]",0.11022606904110864,0.11019576636418464,0.14472456204072584,True,0.004000000000000001,0.0775004902673625,圆柱与插孔最终XY对准误差过大,True,insertion_trajectory,75,True,/home/wei/code/learning_thousand_tasks/demo_library/rollout_trajectories/insert_grasp_replay_input_insert_20260815_221621.json,527,1408,527,1408,,,,,True,True,True,grasp_complete,,True,True,insertion_replay_complete,,False,True,False,insertion_verification,,9.764229783184671e-05,9.476174345421682e-05,4.088114373512752e-05,dwell_only,1.0010000000000048,,63.38643193244934,1.1854963302612305,0.0025310516357421875,0.045452117919921875,0.04909467697143555,43.71254539489746,61.619590282440186,1,25,moveit_wrapper_v1,61.619590282440186,/home/wei/code/learning_thousand_tasks/demo_library/rollout_trajectories/rollout_insert_20260815_221621.json,/home/wei/code/learning_thousand_tasks/demo_library/rollout_trajectories/insert_replay_input_insert_20260815_221621.json,/home/wei/code/learning_thousand_tasks/demo_library/scene_packages/live_insert_trial_insert_20260815_221621_relation.json,,,,,,
2026/8/15 22:30,insert_20260815_222911,cylinder_insert_socket,insert the green cylinder into the blue socket,socket_c_cyl_x08_y0.2,1,full,target_anchor,bottleneck,stage_replay,success,TRUE,TRUE,TRUE,,,,,explicit_demo_id,green_cylinder_insert_blue_socket,,,cylinder,"[0.045, 0.045, 0.1]",green_insert_cylinder,"[0.80001376252264, 0.20002375236524167, """"]","[0.80001376252264, 0.20002375236524167, 0.5000008709918348]","[0.80001376252264, 0.20002375236524167, 0.5000008709918348]",gazebo_world_xy_only,base,,,"[0.7973894908974162, 0.19918464520275142, -0.432]",0.002755159,0.002755159,,xy_base_vs_gazebo_world_model_xy,dual_LangSAM_masks+PointCloud2+TF,base_pointcloud_percentile_box_center_xy,0.797389491,0.199184645,-0.432,,,,blue_insert_socket,"[0.7, 0.1, """"]","[0.7, 0.1, 0.45]","[0.7, 0.1, 0.45]","[0.7, 0.1, 0.45]",gazebo_world_xy_only,base,"[0.6999685777707899, 0.10000890247788119, -0.432]",3.27E-05,3.27E-05,,xy_base_vs_gazebo_world_model_xy,dual_LangSAM_masks+PointCloud2+TF,base_pointcloud_top_band_circle_fit_xy,,,0.699968578,0.100008902,-0.432,,,,0.797389491,0.199184645,-0.357,"[0.7973894908974162, 0.19918464520275142, -0.357]","[0.697585478667162, 0.0032228071628622444, -0.1469368289744335]",0.699968578,0.100008902,-0.432,"[0.6999685777707899, 0.10000890247788119, -0.432]","[0.045, 0.045, 0.1]","[0.085, 0.085, 0.1]","[0.055, 0.055]","[0.0, 0.0, 0.0]",green_insert_cylinder,blue_insert_socket,"[0.7000552830406706, 0.10193740512092189, 0.4999989089238971]","[0.7, 0.1, 0.45]","[0.7, 0.1, 0.45]",0.001930451,0.001938194,0.148433239,TRUE,0.004,0.050001091,,TRUE,insertion_trajectory,75,TRUE,/home/wei/code/learning_thousand_tasks/demo_library/rollout_trajectories/insert_grasp_replay_input_insert_20260815_222911.json,527,1408,527,1408,,,,,TRUE,TRUE,TRUE,grasp_complete,,TRUE,TRUE,insertion_replay_complete,,FALSE,TRUE,TRUE,,,9.76E-05,9.48E-05,4.09E-05,dwell_only,1.001,,67.90505409,0.698092699,0.00240469,0.042907953,0,47.46031046,66.3139267,0,29,moveit_wrapper_v1,66.3139267,/home/wei/code/learning_thousand_tasks/demo_library/rollout_trajectories/rollout_insert_20260815_222911.json,/home/wei/code/learning_thousand_tasks/demo_library/rollout_trajectories/insert_replay_input_insert_20260815_222911.json,/home/wei/code/learning_thousand_tasks/demo_library/scene_packages/live_insert_trial_insert_20260815_222911_relation.json,,,,,,
2026/8/15 22:58,insert_20260815_225714,cylinder_insert_socket,insert the green cylinder into the blue socket,socket_c_cyl_x06_y0.2,1,full,target_anchor,bottleneck,stage_replay,success,TRUE,TRUE,TRUE,,,,,explicit_demo_id,green_cylinder_insert_blue_socket,,,cylinder,"[0.045, 0.045, 0.1]",green_insert_cylinder,"[0.6002286466692189, 0.20010559261152505, """"]","[0.6002286466692189, 0.20010559261152505, 0.5000005427078466]","[0.6002286466692189, 0.20010559261152505, 0.5000005427078466]",gazebo_world_xy_only,base,,,"[0.597321771713467, 0.1982712285741366, -0.432]",0.003437268,0.003437268,,xy_base_vs_gazebo_world_model_xy,dual_LangSAM_masks+PointCloud2+TF,base_pointcloud_percentile_box_center_xy,0.597321772,0.198271229,-0.432,,,,blue_insert_socket,"[0.7, 0.1, """"]","[0.7, 0.1, 0.45]","[0.7, 0.1, 0.45]","[0.7, 0.1, 0.45]",gazebo_world_xy_only,base,"[0.6999686582837702, 0.10000291470118318, -0.432]",3.15E-05,3.15E-05,,xy_base_vs_gazebo_world_model_xy,dual_LangSAM_masks+PointCloud2+TF,base_pointcloud_top_band_circle_fit_xy,,,0.699968658,0.100002915,-0.432,,,,0.597321772,0.198271229,-0.357,"[0.597321771713467, 0.1982712285741366, -0.357]","[0.697585478667162, 0.0032228071628622444, -0.1469368289744335]",0.699968658,0.100002915,-0.432,"[0.6999686582837702, 0.10000291470118318, -0.432]","[0.045, 0.045, 0.1]","[0.085, 0.085, 0.1]","[0.055, 0.055]","[0.0, 0.0, 0.0]",green_insert_cylinder,blue_insert_socket,"[0.7022793380504719, 0.10175404684338271, 0.49999891831978693]","[0.7, 0.1, 0.45]","[0.7, 0.1, 0.45]",0.002899259,0.002876119,0.147187904,TRUE,0.004,0.050001082,,TRUE,insertion_trajectory,75,TRUE,/home/wei/code/learning_thousand_tasks/demo_library/rollout_trajectories/insert_grasp_replay_input_insert_20260815_225714.json,692,1405,692,1405,,,,,TRUE,TRUE,TRUE,grasp_complete,,TRUE,TRUE,insertion_replay_complete,,FALSE,TRUE,TRUE,,,9.76E-05,9.48E-05,4.09E-05,dwell_only,1.001,,55.53645706,0.831394434,0.002151728,0.039875269,0,35.43438935,53.85267544,0,29,moveit_wrapper_v1,53.85267544,/home/wei/code/learning_thousand_tasks/demo_library/rollout_trajectories/rollout_insert_20260815_225714.json,/home/wei/code/learning_thousand_tasks/demo_library/rollout_trajectories/insert_replay_input_insert_20260815_225714.json,/home/wei/code/learning_thousand_tasks/demo_library/scene_packages/live_insert_trial_insert_20260815_225714_relation.json,no_contact,,2026/8/15 22:58,,,
2026/8/15 23:02,insert_20260815_230140,cylinder_insert_socket,insert the green cylinder into the blue socket,socket_c_cyl_x06_y0.2,2,full,target_anchor,bottleneck,stage_replay,success,TRUE,TRUE,TRUE,,,,,explicit_demo_id,green_cylinder_insert_blue_socket,,,cylinder,"[0.045, 0.045, 0.1]",green_insert_cylinder,"[0.600046349822635, 0.2000497189169533, """"]","[0.600046349822635, 0.2000497189169533, 0.49999893451648997]","[0.600046349822635, 0.2000497189169533, 0.49999893451648997]",gazebo_world_xy_only,base,,,"[0.596595111315614, 0.19850787975398573, -0.432]",0.003779989,0.003779989,,xy_base_vs_gazebo_world_model_xy,dual_LangSAM_masks+PointCloud2+TF,base_pointcloud_percentile_box_center_xy,0.596595111,0.19850788,-0.432,,,,blue_insert_socket,"[0.7, 0.1, """"]","[0.7, 0.1, 0.45]","[0.7, 0.1, 0.45]","[0.7, 0.1, 0.45]",gazebo_world_xy_only,base,"[0.6999685864002617, 0.1000084892175038, -0.432]",3.25E-05,3.25E-05,,xy_base_vs_gazebo_world_model_xy,dual_LangSAM_masks+PointCloud2+TF,base_pointcloud_top_band_circle_fit_xy,,,0.699968586,0.100008489,-0.432,,,,0.596595111,0.19850788,-0.357,"[0.596595111315614, 0.19850787975398573, -0.357]","[0.697585478667162, 0.0032228071628622444, -0.1469368289744335]",0.699968586,0.100008489,-0.432,"[0.6999685864002617, 0.1000084892175038, -0.432]","[0.045, 0.045, 0.1]","[0.085, 0.085, 0.1]","[0.055, 0.055]","[0.0, 0.0, 0.0]",green_insert_cylinder,blue_insert_socket,"[0.7009346590231411, 0.09834131887087681, 0.4999998933986844]","[0.7, 0.1, 0.45]","[0.7, 0.1, 0.45]",0.001926851,0.001903894,0.139167042,TRUE,0.004,0.050000107,,TRUE,insertion_trajectory,75,TRUE,/home/wei/code/learning_thousand_tasks/demo_library/rollout_trajectories/insert_grasp_replay_input_insert_20260815_230140.json,692,1405,692,1405,,,,,TRUE,TRUE,TRUE,grasp_complete,,TRUE,TRUE,insertion_replay_complete,,FALSE,TRUE,TRUE,,,9.76E-05,9.48E-05,4.09E-05,dwell_only,1.001,,54.88427305,1.157426357,0.00225091,0.034691811,0,34.13777542,53.13815594,0,29,moveit_wrapper_v1,53.13815594,/home/wei/code/learning_thousand_tasks/demo_library/rollout_trajectories/rollout_insert_20260815_230140.json,/home/wei/code/learning_thousand_tasks/demo_library/rollout_trajectories/insert_replay_input_insert_20260815_230140.json,/home/wei/code/learning_thousand_tasks/demo_library/scene_packages/live_insert_trial_insert_20260815_230140_relation.json,no_contact,,2026/8/15 23:03,,,
2026/8/15 23:08,insert_20260815_230720,cylinder_insert_socket,insert the green cylinder into the blue socket,socket_c_cyl_x06_y0.2,3,full,target_anchor,bottleneck,stage_replay,success,TRUE,TRUE,TRUE,,,,,explicit_demo_id,green_cylinder_insert_blue_socket,,,cylinder,"[0.045, 0.045, 0.1]",green_insert_cylinder,"[0.6000657105802939, 0.20005172196550194, """"]","[0.6000657105802939, 0.20005172196550194, 0.499998879623011]","[0.6000657105802939, 0.20005172196550194, 0.499998879623011]",gazebo_world_xy_only,base,,,"[0.5966029780285875, 0.19851207073203542, -0.432]",0.003789597,0.003789597,,xy_base_vs_gazebo_world_model_xy,dual_LangSAM_masks+PointCloud2+TF,base_pointcloud_percentile_box_center_xy,0.596602978,0.198512071,-0.432,,,,blue_insert_socket,"[0.7, 0.1, """"]","[0.7, 0.1, 0.45]","[0.7, 0.1, 0.45]","[0.7, 0.1, 0.45]",gazebo_world_xy_only,base,"[0.6999684935466659, 0.10000863468140506, -0.432]",3.27E-05,3.27E-05,,xy_base_vs_gazebo_world_model_xy,dual_LangSAM_masks+PointCloud2+TF,base_pointcloud_top_band_circle_fit_xy,,,0.699968494,0.100008635,-0.432,,,,0.596602978,0.198512071,-0.357,"[0.5966029780285875, 0.19851207073203542, -0.357]","[0.697585478667162, 0.0032228071628622444, -0.1469368289744335]",0.699968494,0.100008635,-0.432,"[0.6999684935466659, 0.10000863468140506, -0.432]","[0.045, 0.045, 0.1]","[0.085, 0.085, 0.1]","[0.055, 0.055]","[0.0, 0.0, 0.0]",green_insert_cylinder,blue_insert_socket,"[0.7022712628144993, 0.10086311381537683, 0.49999993193211906]","[0.7, 0.1, 0.45]","[0.7, 0.1, 0.45]",0.002456192,0.002429733,0.149524479,TRUE,0.004,0.050000068,,TRUE,insertion_trajectory,75,TRUE,/home/wei/code/learning_thousand_tasks/demo_library/rollout_trajectories/insert_grasp_replay_input_insert_20260815_230720.json,692,1405,692,1405,,,,,TRUE,TRUE,TRUE,grasp_complete,,TRUE,TRUE,insertion_replay_complete,,FALSE,TRUE,TRUE,,,9.76E-05,9.48E-05,4.09E-05,dwell_only,1.001,,55.95855117,0.845098257,0.001740932,0.040225267,0,35.28396678,54.50041485,0,29,moveit_wrapper_v1,54.50041485,/home/wei/code/learning_thousand_tasks/demo_library/rollout_trajectories/rollout_insert_20260815_230720.json,/home/wei/code/learning_thousand_tasks/demo_library/rollout_trajectories/insert_replay_input_insert_20260815_230720.json,/home/wei/code/learning_thousand_tasks/demo_library/scene_packages/live_insert_trial_insert_20260815_230720_relation.json,no_contact,,2026/8/15 23:08,,,
2026-08-15 23:11:25,insert_20260815_231033,cylinder_insert_socket,insert the green cylinder into the blue socket,socket_c_cyl_x06_y0.2,4,full,target_anchor,bottleneck,stage_replay,success,True,True,True,,,,,explicit_demo_id,green_cylinder_insert_blue_socket,,,cylinder,"[0.045, 0.045, 0.1]",green_insert_cylinder,"[0.6000647147537079, 0.2000513796271735, """"]","[0.6000647147537079, 0.2000513796271735, 0.4999988796247736]","[0.6000647147537079, 0.2000513796271735, 0.4999988796247736]",gazebo_world_xy_only,base,,,"[0.5966024362638253, 0.1985132653321386, -0.432]",0.00378855749937823,0.00378855749937823,,xy_base_vs_gazebo_world_model_xy,dual_LangSAM_masks+PointCloud2+TF,base_pointcloud_percentile_box_center_xy,0.5966024362638253,0.1985132653321386,-0.432,,,,blue_insert_socket,"[0.7, 0.1, """"]","[0.7, 0.1, 0.45]","[0.7, 0.1, 0.45]","[0.7, 0.1, 0.45]",gazebo_world_xy_only,base,"[0.6999697769602484, 0.10000829535121443, -0.432]",3.134078785852849e-05,3.134078785852849e-05,,xy_base_vs_gazebo_world_model_xy,dual_LangSAM_masks+PointCloud2+TF,base_pointcloud_top_band_circle_fit_xy,,,0.6999697769602484,0.10000829535121443,-0.432,,,,0.5966024362638253,0.1985132653321386,-0.357,"[0.5966024362638253, 0.1985132653321386, -0.357]","[0.697585478667162, 0.0032228071628622444, -0.1469368289744335]",0.6999697769602484,0.10000829535121443,-0.432,"[0.6999697769602484, 0.10000829535121443, -0.432]","[0.045, 0.045, 0.1]","[0.085, 0.085, 0.1]","[0.055, 0.055]","[0.0, 0.0, 0.0]",green_insert_cylinder,blue_insert_socket,"[0.6978327344708822, 0.09978179297603794, 0.49999891554067166]","[0.7, 0.1, 0.45]","[0.7, 0.1, 0.45]",0.0021490123143707305,0.0021782227110670543,0.14979176736708638,True,0.004000000000000001,0.05000108445932833,,True,insertion_trajectory,75,True,/home/wei/code/learning_thousand_tasks/demo_library/rollout_trajectories/insert_grasp_replay_input_insert_20260815_231033.json,692,1405,692,1405,,,,,True,True,True,grasp_complete,,True,False,insertion_step_f_replay,insertion_step_f_replay,True,False,False,,insertion_step_f_replay,9.764229783184671e-05,9.476174345421682e-05,4.088114373512752e-05,dwell_only,1.0010000000000048,,53.12762975692749,0.6228346824645996,0.004174470901489258,0.02739858627319336,0.0,32.31484842300415,51.73420214653015,0,26,moveit_wrapper_v1,51.73420214653015,/home/wei/code/learning_thousand_tasks/demo_library/rollout_trajectories/rollout_insert_20260815_231033.json,/home/wei/code/learning_thousand_tasks/demo_library/rollout_trajectories/insert_replay_input_insert_20260815_231033.json,/home/wei/code/learning_thousand_tasks/demo_library/scene_packages/live_insert_trial_insert_20260815_231033_relation.json,,,,,,
2026/8/15 23:27,insert_20260815_232639,cylinder_insert_socket,insert the green cylinder into the blue socket,socket__x70_y0_cyl_x06_y-0.1,1,full,target_anchor,bottleneck,stage_replay,success,TRUE,TRUE,TRUE,,,,,explicit_demo_id,green_cylinder_insert_blue_socket,,,cylinder,"[0.045, 0.045, 0.1]",green_insert_cylinder,"[0.5999747371854781, -0.10000944350479976, """"]","[0.5999747371854781, -0.10000944350479976, 0.5000005942567664]","[0.5999747371854781, -0.10000944350479976, 0.5000005942567664]",gazebo_world_xy_only,base,,,"[0.5965221356632264, -0.09932566279186995, -0.432]",0.003519661,0.003519661,,xy_base_vs_gazebo_world_model_xy,dual_LangSAM_masks+PointCloud2+TF,base_pointcloud_percentile_box_center_xy,0.596522136,-0.099325663,-0.432,,,,blue_insert_socket,"[0.7, 0.0, """"]","[0.7, 0.0, 0.45]","[0.7, 0.0, 0.45]","[0.7, 0.0, 0.45]",gazebo_world_xy_only,base,"[0.6999748262720977, 1.056180982799972e-05, -0.432]",2.73E-05,2.73E-05,,xy_base_vs_gazebo_world_model_xy,dual_LangSAM_masks+PointCloud2+TF,base_pointcloud_top_band_circle_fit_xy,,,0.699974826,1.06E-05,-0.432,,,,0.596522136,-0.099325663,-0.357,"[0.5965221356632264, -0.09932566279186995, -0.357]","[0.697585478667162, 0.0032228071628622444, -0.1469368289744335]",0.699974826,1.06E-05,-0.432,"[0.6999748262720977, 1.056180982799972e-05, -0.432]","[0.045, 0.045, 0.1]","[0.085, 0.085, 0.1]","[0.055, 0.055]","[0.0, 0.0, 0.0]",green_insert_cylinder,blue_insert_socket,"[0.7020256909342505, -0.0011096879729491325, 0.5000008572086178]","[0.7, 0.0, 0.45]","[0.7, 0.0, 0.45]",0.002336879,0.002309725,0.139074279,TRUE,0.004,0.049999143,,TRUE,insertion_trajectory,75,TRUE,/home/wei/code/learning_thousand_tasks/demo_library/rollout_trajectories/insert_grasp_replay_input_insert_20260815_232639.json,666,1383,666,1383,,,,,TRUE,TRUE,TRUE,grasp_complete,,TRUE,TRUE,insertion_replay_complete,,FALSE,TRUE,TRUE,,,9.76E-05,9.48E-05,4.09E-05,dwell_only,1.001,,53.24546313,0.980990648,0.004080772,0.154579639,0,32.44244814,51.54675245,0,29,moveit_wrapper_v1,51.54675245,/home/wei/code/learning_thousand_tasks/demo_library/rollout_trajectories/rollout_insert_20260815_232639.json,/home/wei/code/learning_thousand_tasks/demo_library/rollout_trajectories/insert_replay_input_insert_20260815_232639.json,/home/wei/code/learning_thousand_tasks/demo_library/scene_packages/live_insert_trial_insert_20260815_232639_relation.json,,,,,,
2026/8/15 23:39,insert_20260815_233807,cylinder_insert_socket,insert the green cylinder into the blue socket,socket__x70_y0_cyl_x06_y-0.1,2,full,target_anchor,bottleneck,stage_replay,success,TRUE,TRUE,TRUE,,,,,explicit_demo_id,green_cylinder_insert_blue_socket,,,cylinder,"[0.045, 0.045, 0.1]",green_insert_cylinder,"[0.599972612227783, -0.10001715540372927, """"]","[0.599972612227783, -0.10001715540372927, 0.5000008486044679]","[0.599972612227783, -0.10001715540372927, 0.5000008486044679]",gazebo_world_xy_only,base,,,"[0.5965311633105906, -0.09926881484701117, -0.432]",0.003521872,0.003521872,,xy_base_vs_gazebo_world_model_xy,dual_LangSAM_masks+PointCloud2+TF,base_pointcloud_percentile_box_center_xy,0.596531163,-0.099268815,-0.432,,,,blue_insert_socket,"[0.7, 0.0, """"]","[0.7, 0.0, 0.45]","[0.7, 0.0, 0.45]","[0.7, 0.0, 0.45]",gazebo_world_xy_only,base,"[0.6999758033328616, 9.535142890828479e-06, -0.432]",2.60E-05,2.60E-05,,xy_base_vs_gazebo_world_model_xy,dual_LangSAM_masks+PointCloud2+TF,base_pointcloud_top_band_circle_fit_xy,,,0.699975803,9.54E-06,-0.432,,,,0.596531163,-0.099268815,-0.357,"[0.5965311633105906, -0.09926881484701117, -0.357]","[0.697585478667162, 0.0032228071628622444, -0.1469368289744335]",0.699975803,9.54E-06,-0.432,"[0.6999758033328616, 9.535142890828479e-06, -0.432]","[0.045, 0.045, 0.1]","[0.085, 0.085, 0.1]","[0.055, 0.055]","[0.0, 0.0, 0.0]",green_insert_cylinder,blue_insert_socket,"[0.6994084708912139, -0.001164764190760623, 0.4999999340634062]","[0.7, 0.0, 0.45]","[0.7, 0.0, 0.45]",0.001304164,0.001306362,0.143036551,TRUE,0.004,0.050000066,,TRUE,insertion_trajectory,75,TRUE,/home/wei/code/learning_thousand_tasks/demo_library/rollout_trajectories/insert_grasp_replay_input_insert_20260815_233807.json,666,1383,666,1383,,,,,TRUE,TRUE,TRUE,grasp_complete,,TRUE,TRUE,insertion_replay_complete,,FALSE,TRUE,TRUE,,,9.76E-05,9.48E-05,4.09E-05,dwell_only,1.001,,53.94488907,0.810994625,0.001514673,0.051763535,0,33.67793298,52.58077836,0,29,moveit_wrapper_v1,52.58077836,/home/wei/code/learning_thousand_tasks/demo_library/rollout_trajectories/rollout_insert_20260815_233807.json,/home/wei/code/learning_thousand_tasks/demo_library/rollout_trajectories/insert_replay_input_insert_20260815_233807.json,/home/wei/code/learning_thousand_tasks/demo_library/scene_packages/live_insert_trial_insert_20260815_233807_relation.json,,,,,,
2026/8/15 23:43,insert_20260815_234244,cylinder_insert_socket,insert the green cylinder into the blue socket,socket__x70_y0_cyl_x06_y-0.1,3,full,target_anchor,bottleneck,stage_replay,success,TRUE,TRUE,TRUE,,,,,explicit_demo_id,green_cylinder_insert_blue_socket,,,cylinder,"[0.045, 0.045, 0.1]",green_insert_cylinder,"[0.5999740545686543, -0.10001742299316381, """"]","[0.5999740545686543, -0.10001742299316381, 0.500000565529481]","[0.5999740545686543, -0.10001742299316381, 0.500000565529481]",gazebo_world_xy_only,base,,,"[0.5965596890597371, -0.0990194861344424, -0.432]",0.003557214,0.003557214,,xy_base_vs_gazebo_world_model_xy,dual_LangSAM_masks+PointCloud2+TF,base_pointcloud_percentile_box_center_xy,0.596559689,-0.099019486,-0.432,,,,blue_insert_socket,"[0.7, 0.0, """"]","[0.7, 0.0, 0.45]","[0.7, 0.0, 0.45]","[0.7, 0.0, 0.45]",gazebo_world_xy_only,base,"[0.6999795110803, -1.6840643889703466e-06, -0.432]",2.06E-05,2.06E-05,,xy_base_vs_gazebo_world_model_xy,dual_LangSAM_masks+PointCloud2+TF,base_pointcloud_top_band_circle_fit_xy,,,0.699979511,-1.68E-06,-0.432,,,,0.596559689,-0.099019486,-0.357,"[0.5965596890597371, -0.0990194861344424, -0.357]","[0.697585478667162, 0.0032228071628622444, -0.1469368289744335]",0.699979511,-1.68E-06,-0.432,"[0.6999795110803, -1.6840643889703466e-06, -0.432]","[0.045, 0.045, 0.1]","[0.085, 0.085, 0.1]","[0.055, 0.055]","[0.0, 0.0, 0.0]",green_insert_cylinder,blue_insert_socket,"[0.7012211677115422, 0.00043764513555934344, 0.49999992953426137]","[0.7, 0.0, 0.45]","[0.7, 0.0, 0.45]",0.001317088,0.001297222,0.127615582,TRUE,0.004,0.05000007,,TRUE,insertion_trajectory,75,TRUE,/home/wei/code/learning_thousand_tasks/demo_library/rollout_trajectories/insert_grasp_replay_input_insert_20260815_234244.json,666,1383,666,1383,,,,,TRUE,TRUE,TRUE,grasp_complete,,TRUE,TRUE,insertion_replay_complete,,FALSE,TRUE,TRUE,,,9.76E-05,9.48E-05,4.09E-05,dwell_only,1.001,,54.74388838,0.772413731,0.003350496,0.052094221,0,34.32208633,53.19924235,0,29,moveit_wrapper_v1,53.19924235,/home/wei/code/learning_thousand_tasks/demo_library/rollout_trajectories/rollout_insert_20260815_234244.json,/home/wei/code/learning_thousand_tasks/demo_library/rollout_trajectories/insert_replay_input_insert_20260815_234244.json,/home/wei/code/learning_thousand_tasks/demo_library/scene_packages/live_insert_trial_insert_20260815_234244_relation.json,,,,,,
2026/8/15 23:46,insert_20260815_234540,cylinder_insert_socket,insert the green cylinder into the blue socket,socket__x70_y0_cyl_x06_y-0.1,4,full,target_anchor,bottleneck,stage_replay,success,TRUE,TRUE,TRUE,,,,,explicit_demo_id,green_cylinder_insert_blue_socket,,,cylinder,"[0.045, 0.045, 0.1]",green_insert_cylinder,"[0.5999774830027299, -0.10001595022297648, """"]","[0.5999774830027299, -0.10001595022297648, 0.4999988974999996]","[0.5999774830027299, -0.10001595022297648, 0.4999988974999996]",gazebo_world_xy_only,base,,,"[0.5965565004048883, -0.09902295283263997, -0.432]",0.003562186,0.003562186,,xy_base_vs_gazebo_world_model_xy,dual_LangSAM_masks+PointCloud2+TF,base_pointcloud_percentile_box_center_xy,0.5965565,-0.099022953,-0.432,,,,blue_insert_socket,"[0.7, 0.0, """"]","[0.7, 0.0, 0.45]","[0.7, 0.0, 0.45]","[0.7, 0.0, 0.45]",gazebo_world_xy_only,base,"[0.6999795758396322, -1.8116666147725165e-06, -0.432]",2.05E-05,2.05E-05,,xy_base_vs_gazebo_world_model_xy,dual_LangSAM_masks+PointCloud2+TF,base_pointcloud_top_band_circle_fit_xy,,,0.699979576,-1.81E-06,-0.432,,,,0.5965565,-0.099022953,-0.357,"[0.5965565004048883, -0.09902295283263997, -0.357]","[0.697585478667162, 0.0032228071628622444, -0.1469368289744335]",0.699979576,-1.81E-06,-0.432,"[0.6999795758396322, -1.8116666147725165e-06, -0.432]","[0.045, 0.045, 0.1]","[0.085, 0.085, 0.1]","[0.055, 0.055]","[0.0, 0.0, 0.0]",green_insert_cylinder,blue_insert_socket,"[0.7003384318674812, 0.0028408901201212693, 0.4999998959447267]","[0.7, 0.0, 0.45]","[0.7, 0.0, 0.45]",0.002865263,0.002860978,0.147078194,TRUE,0.004,0.050000104,,TRUE,insertion_trajectory,75,TRUE,/home/wei/code/learning_thousand_tasks/demo_library/rollout_trajectories/insert_grasp_replay_input_insert_20260815_234540.json,666,1383,666,1383,,,,,TRUE,TRUE,TRUE,grasp_complete,,TRUE,TRUE,insertion_replay_complete,,FALSE,TRUE,TRUE,,,9.76E-05,9.48E-05,4.09E-05,dwell_only,1.001,,55.82319999,0.952961683,0.008045197,0.014856815,0,34.99727273,54.22471786,0,29,moveit_wrapper_v1,54.22471786,/home/wei/code/learning_thousand_tasks/demo_library/rollout_trajectories/rollout_insert_20260815_234540.json,/home/wei/code/learning_thousand_tasks/demo_library/rollout_trajectories/insert_replay_input_insert_20260815_234540.json,/home/wei/code/learning_thousand_tasks/demo_library/scene_packages/live_insert_trial_insert_20260815_234540_relation.json,,,,,,
2026/8/15 23:55,insert_20260815_235441,cylinder_insert_socket,insert the green cylinder into the blue socket,socket__x70_y0_cyl_x06_y0.1,1,full,target_anchor,bottleneck,stage_replay,success,TRUE,TRUE,TRUE,,,,,explicit_demo_id,green_cylinder_insert_blue_socket,,,cylinder,"[0.045, 0.045, 0.1]",green_insert_cylinder,"[0.6006976888114175, 0.10025320749523851, """"]","[0.6006976888114175, 0.10025320749523851, 0.5000005612915915]","[0.6006976888114175, 0.10025320749523851, 0.5000005612915915]",gazebo_world_xy_only,base,,,"[0.5969189751838714, 0.09931462288474655, -0.432]",0.003893535,0.003893535,,xy_base_vs_gazebo_world_model_xy,dual_LangSAM_masks+PointCloud2+TF,base_pointcloud_percentile_box_center_xy,0.596918975,0.099314623,-0.432,,,,blue_insert_socket,"[0.7, 0.0, """"]","[0.7, 0.0, 0.45]","[0.7, 0.0, 0.45]","[0.7, 0.0, 0.45]",gazebo_world_xy_only,base,"[0.6999795960648911, -1.5702840415852634e-06, -0.432]",2.05E-05,2.05E-05,,xy_base_vs_gazebo_world_model_xy,dual_LangSAM_masks+PointCloud2+TF,base_pointcloud_top_band_circle_fit_xy,,,0.699979596,-1.57E-06,-0.432,,,,0.596918975,0.099314623,-0.357,"[0.5969189751838714, 0.09931462288474655, -0.357]","[0.697585478667162, 0.0032228071628622444, -0.1469368289744335]",0.699979596,-1.57E-06,-0.432,"[0.6999795960648911, -1.5702840415852634e-06, -0.432]","[0.045, 0.045, 0.1]","[0.085, 0.085, 0.1]","[0.055, 0.055]","[0.0, 0.0, 0.0]",green_insert_cylinder,blue_insert_socket,"[0.7021899315153174, 0.0012169750243504953, 0.4999988938895955]","[0.7, 0.0, 0.45]","[0.7, 0.0, 0.45]",0.002523972,0.00250536,0.134348514,TRUE,0.004,0.050001106,,TRUE,insertion_trajectory,75,TRUE,/home/wei/code/learning_thousand_tasks/demo_library/rollout_trajectories/insert_grasp_replay_input_insert_20260815_235441.json,670,1383,670,1383,,,,,TRUE,TRUE,TRUE,grasp_complete,,TRUE,TRUE,insertion_replay_complete,,FALSE,TRUE,TRUE,,,9.76E-05,9.48E-05,4.09E-05,dwell_only,1.001,,55.47139788,0.773287535,0.0033319,0.023643017,0,34.65964055,53.6470058,0,29,moveit_wrapper_v1,53.6470058,/home/wei/code/learning_thousand_tasks/demo_library/rollout_trajectories/rollout_insert_20260815_235441.json,/home/wei/code/learning_thousand_tasks/demo_library/rollout_trajectories/insert_replay_input_insert_20260815_235441.json,/home/wei/code/learning_thousand_tasks/demo_library/scene_packages/live_insert_trial_insert_20260815_235441_relation.json,,,,,,
2026/8/15 23:59,insert_20260815_235813,cylinder_insert_socket,insert the green cylinder into the blue socket,socket__x70_y0_cyl_x06_y0.1,2,full,target_anchor,bottleneck,stage_replay,success,TRUE,TRUE,TRUE,,,,,explicit_demo_id,green_cylinder_insert_blue_socket,,,cylinder,"[0.045, 0.045, 0.1]",green_insert_cylinder,"[0.600088150311316, 0.1000620014935208, """"]","[0.600088150311316, 0.1000620014935208, 0.5000008441572757]","[0.600088150311316, 0.1000620014935208, 0.5000008441572757]",gazebo_world_xy_only,base,,,"[0.5966173937145172, 0.09940683586148766, -0.432]",0.003532052,0.003532052,,xy_base_vs_gazebo_world_model_xy,dual_LangSAM_masks+PointCloud2+TF,base_pointcloud_percentile_box_center_xy,0.596617394,0.099406836,-0.432,,,,blue_insert_socket,"[0.7, 0.0, """"]","[0.7, 0.0, 0.45]","[0.7, 0.0, 0.45]","[0.7, 0.0, 0.45]",gazebo_world_xy_only,base,"[0.6999795518067645, -1.576495261976251e-06, -0.432]",2.05E-05,2.05E-05,,xy_base_vs_gazebo_world_model_xy,dual_LangSAM_masks+PointCloud2+TF,base_pointcloud_top_band_circle_fit_xy,,,0.699979552,-1.58E-06,-0.432,,,,0.596617394,0.099406836,-0.357,"[0.5966173937145172, 0.09940683586148766, -0.357]","[0.697585478667162, 0.0032228071628622444, -0.1469368289744335]",0.699979552,-1.58E-06,-0.432,"[0.6999795518067645, -1.576495261976251e-06, -0.432]","[0.045, 0.045, 0.1]","[0.085, 0.085, 0.1]","[0.055, 0.055]","[0.0, 0.0, 0.0]",green_insert_cylinder,blue_insert_socket,"[0.7039913994862576, -0.0009502864348240154, 0.4999989081512697]","[0.7, 0.0, 0.45]","[0.7, 0.0, 0.45]",0.004122496,0.004102964,0.134348005,TRUE,0.004,0.050001092,,TRUE,insertion_trajectory,75,TRUE,/home/wei/code/learning_thousand_tasks/demo_library/rollout_trajectories/insert_grasp_replay_input_insert_20260815_235813.json,670,1383,670,1383,,,,,TRUE,TRUE,TRUE,grasp_complete,,TRUE,TRUE,insertion_replay_complete,,FALSE,TRUE,TRUE,,,9.76E-05,9.48E-05,4.09E-05,dwell_only,1.001,,56.34532285,1.001753569,0.010117531,0.036807299,0,35.37930012,54.6638031,0,29,moveit_wrapper_v1,54.6638031,/home/wei/code/learning_thousand_tasks/demo_library/rollout_trajectories/rollout_insert_20260815_235813.json,/home/wei/code/learning_thousand_tasks/demo_library/rollout_trajectories/insert_replay_input_insert_20260815_235813.json,/home/wei/code/learning_thousand_tasks/demo_library/scene_packages/live_insert_trial_insert_20260815_235813_relation.json,,,,,,
2026/8/16 0:35,insert_20260816_003448,cylinder_insert_socket,insert the green cylinder into the blue socket,socket__x70_y0_cyl_x06_y0.1,3,full,target_anchor,bottleneck,stage_replay,success,TRUE,TRUE,TRUE,,,,,explicit_demo_id,green_cylinder_insert_blue_socket,,,cylinder,"[0.045, 0.045, 0.1]",green_insert_cylinder,"[0.6001179935058647, 0.10006642358247761, """"]","[0.6001179935058647, 0.10006642358247761, 0.49999889402722014]","[0.6001179935058647, 0.10006642358247761, 0.49999889402722014]",gazebo_world_xy_only,base,,,"[0.5966298744496187, 0.09940763647190765, -0.432]",0.003549785,0.003549785,,xy_base_vs_gazebo_world_model_xy,dual_LangSAM_masks+PointCloud2+TF,base_pointcloud_percentile_box_center_xy,0.596629874,0.099407636,-0.432,,,,blue_insert_socket,"[0.7, 0.0, """"]","[0.7, 0.0, 0.45]","[0.7, 0.0, 0.45]","[0.7, 0.0, 0.45]",gazebo_world_xy_only,base,"[0.6999795588915463, -1.6466979282712752e-06, -0.432]",2.05E-05,2.05E-05,,xy_base_vs_gazebo_world_model_xy,dual_LangSAM_masks+PointCloud2+TF,base_pointcloud_top_band_circle_fit_xy,,,0.699979559,-1.65E-06,-0.432,,,,0.596629874,0.099407636,-0.357,"[0.5966298744496187, 0.09940763647190765, -0.357]","[0.697585478667162, 0.0032228071628622444, -0.1469368289744335]",0.699979559,-1.65E-06,-0.432,"[0.6999795588915463, -1.6466979282712752e-06, -0.432]","[0.045, 0.045, 0.1]","[0.085, 0.085, 0.1]","[0.055, 0.055]","[0.0, 0.0, 0.0]",green_insert_cylinder,blue_insert_socket,"[0.7026999458347838, -0.0010398847454902158, 0.5000008572064473]","[0.7, 0.0, 0.45]","[0.7, 0.0, 0.45]",0.002911777,0.00289328,0.147891556,TRUE,0.004,0.049999143,,TRUE,insertion_trajectory,75,TRUE,/home/wei/code/learning_thousand_tasks/demo_library/rollout_trajectories/insert_grasp_replay_input_insert_20260816_003448.json,670,1383,670,1383,,,,,TRUE,TRUE,TRUE,grasp_complete,,TRUE,TRUE,insertion_replay_complete,,FALSE,TRUE,TRUE,,,9.76E-05,9.48E-05,4.09E-05,dwell_only,1.001,,56.77121067,1.231241941,0.010153055,0.049317122,0,35.26764369,54.80256414,0,29,moveit_wrapper_v1,54.80256414,/home/wei/code/learning_thousand_tasks/demo_library/rollout_trajectories/rollout_insert_20260816_003448.json,/home/wei/code/learning_thousand_tasks/demo_library/rollout_trajectories/insert_replay_input_insert_20260816_003448.json,/home/wei/code/learning_thousand_tasks/demo_library/scene_packages/live_insert_trial_insert_20260816_003448_relation.json,,,,,,
2026/8/16 0:39,insert_20260816_003817,cylinder_insert_socket,insert the green cylinder into the blue socket,socket__x70_y0_cyl_x06_y0.1,4,full,target_anchor,bottleneck,stage_replay,success,TRUE,TRUE,TRUE,,,,,explicit_demo_id,green_cylinder_insert_blue_socket,,,cylinder,"[0.045, 0.045, 0.1]",green_insert_cylinder,"[0.6001080834738809, 0.10006711363316993, """"]","[0.6001080834738809, 0.10006711363316993, 0.5000005613740431]","[0.6001080834738809, 0.10006711363316993, 0.5000005613740431]",gazebo_world_xy_only,base,,,"[0.5979649625504859, 0.09906802155864237, -0.432]",0.002364562,0.002364562,,xy_base_vs_gazebo_world_model_xy,dual_LangSAM_masks+PointCloud2+TF,base_pointcloud_percentile_box_center_xy,0.597964963,0.099068022,-0.432,,,,blue_insert_socket,"[0.7, 0.0, """"]","[0.7, 0.0, 0.45]","[0.7, 0.0, 0.45]","[0.7, 0.0, 0.45]",gazebo_world_xy_only,base,"[0.6999764924346166, 9.581223827730568e-06, -0.432]",2.54E-05,2.54E-05,,xy_base_vs_gazebo_world_model_xy,dual_LangSAM_masks+PointCloud2+TF,base_pointcloud_top_band_circle_fit_xy,,,0.699976492,9.58E-06,-0.432,,,,0.597964963,0.099068022,-0.357,"[0.5979649625504859, 0.09906802155864237, -0.357]","[0.697585478667162, 0.0032228071628622444, -0.1469368289744335]",0.699976492,9.58E-06,-0.432,"[0.6999764924346166, 9.581223827730568e-06, -0.432]","[0.045, 0.045, 0.1]","[0.085, 0.085, 0.1]","[0.055, 0.055]","[0.0, 0.0, 0.0]",green_insert_cylinder,blue_insert_socket,"[0.7025789299710161, -0.0020592622919264557, 0.5000005826117752]","[0.7, 0.0, 0.45]","[0.7, 0.0, 0.45]",0.003324574,0.003300218,0.147638825,TRUE,0.004,0.049999417,,TRUE,insertion_trajectory,75,TRUE,/home/wei/code/learning_thousand_tasks/demo_library/rollout_trajectories/insert_grasp_replay_input_insert_20260816_003817.json,670,1383,670,1383,,,,,TRUE,TRUE,TRUE,grasp_complete,,TRUE,TRUE,insertion_replay_complete,,FALSE,TRUE,TRUE,,,9.76E-05,9.48E-05,4.09E-05,dwell_only,1.001,,56.75207853,1.169345856,0.001988411,0.073906183,0,35.77262664,54.86560512,0,29,moveit_wrapper_v1,54.86560512,/home/wei/code/learning_thousand_tasks/demo_library/rollout_trajectories/rollout_insert_20260816_003817.json,/home/wei/code/learning_thousand_tasks/demo_library/rollout_trajectories/insert_replay_input_insert_20260816_003817.json,/home/wei/code/learning_thousand_tasks/demo_library/scene_packages/live_insert_trial_insert_20260816_003817_relation.json,,,,,,
2026-08-16 00:44:08,insert_20260816_004259,cylinder_insert_socket,insert the green cylinder into the blue socket,socket__x70_y0_cyl_x08_y0.1,1,full,target_anchor,bottleneck,stage_replay,success,True,True,True,,,,,explicit_demo_id,green_cylinder_insert_blue_socket,,,cylinder,"[0.045, 0.045, 0.1]",green_insert_cylinder,"[0.8002208901953419, 0.09995735973734834, """"]","[0.8002208901953419, 0.09995735973734834, 0.5000008675066899]","[0.8002208901953419, 0.09995735973734834, 0.5000008675066899]",gazebo_world_xy_only,base,,,"[0.7974866533286507, 0.0995861795659877, -0.432]",0.002759316212902219,0.002759316212902219,,xy_base_vs_gazebo_world_model_xy,dual_LangSAM_masks+PointCloud2+TF,base_pointcloud_percentile_box_center_xy,0.7974866533286507,0.0995861795659877,-0.432,,,,blue_insert_socket,"[0.7, 0.0, """"]","[0.7, 0.0, 0.45]","[0.7, 0.0, 0.45]","[0.7, 0.0, 0.45]",gazebo_world_xy_only,base,"[0.6999796346300678, -1.5557688934300546e-06, -0.432]",2.0424708304437004e-05,2.0424708304437004e-05,,xy_base_vs_gazebo_world_model_xy,dual_LangSAM_masks+PointCloud2+TF,base_pointcloud_top_band_circle_fit_xy,,,0.6999796346300678,-1.5557688934300546e-06,-0.432,,,,0.7974866533286507,0.0995861795659877,-0.357,"[0.7974866533286507, 0.0995861795659877, -0.357]","[0.697585478667162, 0.0032228071628622444, -0.1469368289744335]",0.6999796346300678,-1.5557688934300546e-06,-0.432,"[0.6999796346300678, -1.5557688934300546e-06, -0.432]","[0.045, 0.045, 0.1]","[0.085, 0.085, 0.1]","[0.055, 0.055]","[0.0, 0.0, 0.0]",green_insert_cylinder,blue_insert_socket,"[0.6966819396612466, -0.0001561104741277554, 0.49999892443009614]","[0.7, 0.0, 0.45]","[0.7, 0.0, 0.45]",0.0033013147781299408,0.003321730707288073,0.14336980510783695,True,0.004000000000000001,0.05000107556990385,,True,insertion_trajectory,75,True,/home/wei/code/learning_thousand_tasks/demo_library/rollout_trajectories/insert_grasp_replay_input_insert_20260816_004259.json,512,1383,512,1383,,,,,True,True,True,grasp_complete,,True,False,insertion_step_f_replay,insertion_step_f_replay,True,False,False,,insertion_step_f_replay,9.764229783184671e-05,9.476174345421682e-05,4.088114373512752e-05,dwell_only,1.0010000000000048,,70.44259667396545,0.9866316318511963,0.005855560302734375,0.03797411918640137,0.0,48.91146659851074,69.04474234580994,0,26,moveit_wrapper_v1,69.04474234580994,/home/wei/code/learning_thousand_tasks/demo_library/rollout_trajectories/rollout_insert_20260816_004259.json,/home/wei/code/learning_thousand_tasks/demo_library/rollout_trajectories/insert_replay_input_insert_20260816_004259.json,/home/wei/code/learning_thousand_tasks/demo_library/scene_packages/live_insert_trial_insert_20260816_004259_relation.json,,,,,,
2026/8/16 1:14,insert_20260816_011312,cylinder_insert_socket,insert the green cylinder into the blue socket,socket__x70_y0_cyl_x08_y0.1,1,full,target_anchor,bottleneck,stage_replay,success,TRUE,TRUE,TRUE,,,,,explicit_demo_id,green_cylinder_insert_blue_socket,,,cylinder,"[0.045, 0.045, 0.1]",green_insert_cylinder,"[0.800073004829738, 0.10000966654196673, """"]","[0.800073004829738, 0.10000966654196673, 0.5000005679507713]","[0.800073004829738, 0.10000966654196673, 0.5000005679507713]",gazebo_world_xy_only,base,,,"[0.7974017227963477, 0.09974873546887165, -0.432]",0.002683996,0.002683996,,xy_base_vs_gazebo_world_model_xy,dual_LangSAM_masks+PointCloud2+TF,base_pointcloud_percentile_box_center_xy,0.797401723,0.099748735,-0.432,,,,blue_insert_socket,"[0.7, 0.0, """"]","[0.7, 0.0, 0.45]","[0.7, 0.0, 0.45]","[0.7, 0.0, 0.45]",gazebo_world_xy_only,base,"[0.6999796264766074, -7.833834712010531e-06, -0.432]",2.18E-05,2.18E-05,,xy_base_vs_gazebo_world_model_xy,dual_LangSAM_masks+PointCloud2+TF,base_pointcloud_top_band_circle_fit_xy,,,0.699979626,-7.83E-06,-0.432,,,,0.797401723,0.099748735,-0.357,"[0.7974017227963477, 0.09974873546887165, -0.357]","[0.697585478667162, 0.0032228071628622444, -0.1469368289744335]",0.699979626,-7.83E-06,-0.432,"[0.6999796264766074, -7.833834712010531e-06, -0.432]","[0.045, 0.045, 0.1]","[0.085, 0.085, 0.1]","[0.055, 0.055]","[0.0, 0.0, 0.0]",green_insert_cylinder,blue_insert_socket,"[0.702210796420552, 0.0006181689053884377, 0.5000008594272399]","[0.7, 0.0, 0.45]","[0.7, 0.0, 0.45]",0.002317326,0.002295594,0.137218848,TRUE,0.004,0.049999141,,TRUE,insertion_trajectory,75,TRUE,/home/wei/code/learning_thousand_tasks/demo_library/rollout_trajectories/insert_grasp_replay_input_insert_20260816_011312.json,512,1383,512,1383,,,,,TRUE,TRUE,TRUE,grasp_complete,,TRUE,TRUE,insertion_replay_complete,,FALSE,TRUE,TRUE,,,9.76E-05,9.48E-05,4.09E-05,dwell_only,1.001,,69.53259993,0.881889343,0.007109165,0.049736977,0,49.3873415,68.05963254,0,29,moveit_wrapper_v1,68.05963254,/home/wei/code/learning_thousand_tasks/demo_library/rollout_trajectories/rollout_insert_20260816_011312.json,/home/wei/code/learning_thousand_tasks/demo_library/rollout_trajectories/insert_replay_input_insert_20260816_011312.json,/home/wei/code/learning_thousand_tasks/demo_library/scene_packages/live_insert_trial_insert_20260816_011312_relation.json,,,,,,
2026/8/16 1:17,insert_20260816_011631,cylinder_insert_socket,insert the green cylinder into the blue socket,socket__x70_y0_cyl_x08_y0.1,2,full,target_anchor,bottleneck,stage_replay,success,TRUE,TRUE,TRUE,,,,,explicit_demo_id,green_cylinder_insert_blue_socket,,,cylinder,"[0.045, 0.045, 0.1]",green_insert_cylinder,"[0.8000728129293594, 0.1000058309280173, """"]","[0.8000728129293594, 0.1000058309280173, 0.49999889922275037]","[0.8000728129293594, 0.1000058309280173, 0.49999889922275037]",gazebo_world_xy_only,base,,,"[0.7974278007261111, 0.0993477777515161, -0.432]",0.002725642,0.002725642,,xy_base_vs_gazebo_world_model_xy,dual_LangSAM_masks+PointCloud2+TF,base_pointcloud_percentile_box_center_xy,0.797427801,0.099347778,-0.432,,,,blue_insert_socket,"[0.7, 0.0, """"]","[0.7, 0.0, 0.45]","[0.7, 0.0, 0.45]","[0.7, 0.0, 0.45]",gazebo_world_xy_only,base,"[0.6999785745835778, 8.326397347847165e-06, -0.432]",2.30E-05,2.30E-05,,xy_base_vs_gazebo_world_model_xy,dual_LangSAM_masks+PointCloud2+TF,base_pointcloud_top_band_circle_fit_xy,,,0.699978575,8.33E-06,-0.432,,,,0.797427801,0.099347778,-0.357,"[0.7974278007261111, 0.0993477777515161, -0.357]","[0.697585478667162, 0.0032228071628622444, -0.1469368289744335]",0.699978575,8.33E-06,-0.432,"[0.6999785745835778, 8.326397347847165e-06, -0.432]","[0.045, 0.045, 0.1]","[0.085, 0.085, 0.1]","[0.055, 0.055]","[0.0, 0.0, 0.0]",green_insert_cylinder,blue_insert_socket,"[0.702088212982969, 0.0020267513982103426, 0.5000008725678338]","[0.7, 0.0, 0.45]","[0.7, 0.0, 0.45]",0.002919694,0.002910044,0.136966763,TRUE,0.004,0.049999127,,TRUE,insertion_trajectory,75,TRUE,/home/wei/code/learning_thousand_tasks/demo_library/rollout_trajectories/insert_grasp_replay_input_insert_20260816_011631.json,512,1383,512,1383,,,,,TRUE,TRUE,TRUE,grasp_complete,,TRUE,TRUE,insertion_replay_complete,,FALSE,TRUE,TRUE,,,9.76E-05,9.48E-05,4.09E-05,dwell_only,1.001,,67.73660707,1.227582455,0.010135412,0.025314093,0,46.77029967,66.02364802,0,29,moveit_wrapper_v1,66.02364802,/home/wei/code/learning_thousand_tasks/demo_library/rollout_trajectories/rollout_insert_20260816_011631.json,/home/wei/code/learning_thousand_tasks/demo_library/rollout_trajectories/insert_replay_input_insert_20260816_011631.json,/home/wei/code/learning_thousand_tasks/demo_library/scene_packages/live_insert_trial_insert_20260816_011631_relation.json,,,,,,
2026/8/16 1:20,insert_20260816_011927,cylinder_insert_socket,insert the green cylinder into the blue socket,socket__x70_y0_cyl_x08_y0.1,3,full,target_anchor,bottleneck,stage_replay,failed,FALSE,FALSE,FALSE,insertion_execution,insert_execution_failed,insertion_failure,insertion_failure,explicit_demo_id,green_cylinder_insert_blue_socket,,,cylinder,"[0.045, 0.045, 0.1]",green_insert_cylinder,"[0.8000720105072654, 0.10001074257390594, """"]","[0.8000720105072654, 0.10001074257390594, 0.4999989152549902]","[0.8000720105072654, 0.10001074257390594, 0.4999989152549902]",gazebo_world_xy_only,base,,,"[0.7974104055181803, 0.09959792582266122, -0.432]",0.002693429,0.002693429,,xy_base_vs_gazebo_world_model_xy,dual_LangSAM_masks+PointCloud2+TF,base_pointcloud_percentile_box_center_xy,0.797410406,0.099597926,-0.432,,,,blue_insert_socket,"[0.7, 0.0, """"]","[0.7, 0.0, 0.45]","[0.7, 0.0, 0.45]","[0.7, 0.0, 0.45]",gazebo_world_xy_only,base,"[0.6999795712544522, -1.5443198470202084e-06, -0.432]",2.05E-05,2.05E-05,,xy_base_vs_gazebo_world_model_xy,dual_LangSAM_masks+PointCloud2+TF,base_pointcloud_top_band_circle_fit_xy,,,0.699979571,-1.54E-06,-0.432,,,,0.797410406,0.099597926,-0.357,"[0.7974104055181803, 0.09959792582266122, -0.357]","[0.697585478667162, 0.0032228071628622444, -0.1469368289744335]",0.699979571,-1.54E-06,-0.432,"[0.6999795712544522, -1.5443198470202084e-06, -0.432]","[0.045, 0.045, 0.1]","[0.085, 0.085, 0.1]","[0.055, 0.055]","[0.0, 0.0, 0.0]",,,"["""", """", """"]","["""", """", """"]","["""", """", """"]",,,0.141114524,TRUE,0.004,,,TRUE,insertion_trajectory,75,TRUE,/home/wei/code/learning_thousand_tasks/demo_library/rollout_trajectories/insert_grasp_replay_input_insert_20260816_011927.json,512,1383,512,1383,,,,,FALSE,TRUE,TRUE,grasp_complete,,TRUE,FALSE,insertion_step_h_replay,insertion_step_h_replay,FALSE,FALSE,FALSE,insertion_step_h_replay,insertion_step_h_replay,9.76E-05,9.48E-05,4.09E-05,dwell_only,1.001,,68.59866357,1.16383481,0.015244484,0.03691864,0,47.22431827,66.71812105,0,29,moveit_wrapper_v1,66.71812105,/home/wei/code/learning_thousand_tasks/demo_library/rollout_trajectories/rollout_insert_20260816_011927.json,/home/wei/code/learning_thousand_tasks/demo_library/rollout_trajectories/insert_replay_input_insert_20260816_011927.json,/home/wei/code/learning_thousand_tasks/demo_library/scene_packages/live_insert_trial_insert_20260816_011927_relation.json,,,,,,
2026/8/16 1:27,insert_20260816_012641,cylinder_insert_socket,insert the green cylinder into the blue socket,socket__x70_y0_cyl_x08_y0.1,4,full,target_anchor,bottleneck,stage_replay,success,TRUE,TRUE,TRUE,,,,,explicit_demo_id,green_cylinder_insert_blue_socket,,,cylinder,"[0.045, 0.045, 0.1]",green_insert_cylinder,"[0.8001046789278282, 0.09999951124337778, """"]","[0.8001046789278282, 0.09999951124337778, 0.5000005679510019]","[0.8001046789278282, 0.09999951124337778, 0.5000005679510019]",gazebo_world_xy_only,base,,,"[0.7974272271631615, 0.09957652432508182, -0.432]",0.002710658,0.002710658,,xy_base_vs_gazebo_world_model_xy,dual_LangSAM_masks+PointCloud2+TF,base_pointcloud_percentile_box_center_xy,0.797427227,0.099576524,-0.432,,,,blue_insert_socket,"[0.7, 0.0, """"]","[0.7, 0.0, 0.45]","[0.7, 0.0, 0.45]","[0.7, 0.0, 0.45]",gazebo_world_xy_only,base,"[0.6999795588916018, -1.6228244646370397e-06, -0.432]",2.05E-05,2.05E-05,,xy_base_vs_gazebo_world_model_xy,dual_LangSAM_masks+PointCloud2+TF,base_pointcloud_top_band_circle_fit_xy,,,0.699979559,-1.62E-06,-0.432,,,,0.797427227,0.099576524,-0.357,"[0.7974272271631615, 0.09957652432508182, -0.357]","[0.697585478667162, 0.0032228071628622444, -0.1469368289744335]",0.699979559,-1.62E-06,-0.432,"[0.6999795588916018, -1.6228244646370397e-06, -0.432]","[0.045, 0.045, 0.1]","[0.085, 0.085, 0.1]","[0.055, 0.055]","[0.0, 0.0, 0.0]",green_insert_cylinder,blue_insert_socket,"[0.7011153382976534, 0.0010944818311952671, 0.49999890885606146]","[0.7, 0.0, 0.45]","[0.7, 0.0, 0.45]",0.00157843,0.001562648,0.142280542,TRUE,0.004,0.050001091,,TRUE,insertion_trajectory,75,TRUE,/home/wei/code/learning_thousand_tasks/demo_library/rollout_trajectories/insert_grasp_replay_input_insert_20260816_012641.json,512,1383,512,1383,,,,,TRUE,TRUE,TRUE,grasp_complete,,TRUE,TRUE,insertion_replay_complete,,FALSE,TRUE,TRUE,,,9.76E-05,9.48E-05,4.09E-05,dwell_only,1.001,,78.62214327,1.018654108,0.002276182,0.022669554,0,57.59569669,76.90408587,0,29,moveit_wrapper_v1,76.90408587,/home/wei/code/learning_thousand_tasks/demo_library/rollout_trajectories/rollout_insert_20260816_012641.json,/home/wei/code/learning_thousand_tasks/demo_library/rollout_trajectories/insert_replay_input_insert_20260816_012641.json,/home/wei/code/learning_thousand_tasks/demo_library/scene_packages/live_insert_trial_insert_20260816_012641_relation.json,,,,,,
2026/8/16 1:35,insert_20260816_013436,cylinder_insert_socket,insert the green cylinder into the blue socket,socket__x70_y0_cyl_x08_y-0.1,1,full,target_anchor,bottleneck,stage_replay,success,TRUE,TRUE,TRUE,,,,,explicit_demo_id,green_cylinder_insert_blue_socket,,,cylinder,"[0.045, 0.045, 0.1]",green_insert_cylinder,"[0.8003317092493433, -0.09985967046379234, """"]","[0.8003317092493433, -0.09985967046379234, 0.5000008441255659]","[0.8003317092493433, -0.09985967046379234, 0.5000008441255659]",gazebo_world_xy_only,base,,,"[0.7975408222613768, -0.09962946445536698, -0.432]",0.002800365,0.002800365,,xy_base_vs_gazebo_world_model_xy,dual_LangSAM_masks+PointCloud2+TF,base_pointcloud_percentile_box_center_xy,0.797540822,-0.099629464,-0.432,,,,blue_insert_socket,"[0.7, 0.0, """"]","[0.7, 0.0, 0.45]","[0.7, 0.0, 0.45]","[0.7, 0.0, 0.45]",gazebo_world_xy_only,base,"[0.6999795924845644, -1.7621099520222597e-06, -0.432]",2.05E-05,2.05E-05,,xy_base_vs_gazebo_world_model_xy,dual_LangSAM_masks+PointCloud2+TF,base_pointcloud_top_band_circle_fit_xy,,,0.699979592,-1.76E-06,-0.432,,,,0.797540822,-0.099629464,-0.357,"[0.7975408222613768, -0.09962946445536698, -0.357]","[0.697585478667162, 0.0032228071628622444, -0.1469368289744335]",0.699979592,-1.76E-06,-0.432,"[0.6999795924845644, -1.7621099520222597e-06, -0.432]","[0.045, 0.045, 0.1]","[0.085, 0.085, 0.1]","[0.055, 0.055]","[0.0, 0.0, 0.0]",green_insert_cylinder,blue_insert_socket,"[0.6993749317336919, -0.001827712724254346, 0.5000006256009584]","[0.7, 0.0, 0.45]","[0.7, 0.0, 0.45]",0.001923463,0.001931643,0.146245166,TRUE,0.004,0.049999374,,TRUE,insertion_trajectory,75,TRUE,/home/wei/code/learning_thousand_tasks/demo_library/rollout_trajectories/insert_grasp_replay_input_insert_20260816_013436.json,513,1383,513,1383,,,,,TRUE,TRUE,TRUE,grasp_complete,,TRUE,TRUE,insertion_replay_complete,,FALSE,TRUE,TRUE,,,9.76E-05,9.48E-05,4.09E-05,dwell_only,1.001,,70.10480833,1.048228502,0.00171423,0.031071901,0,49.60692859,68.23191953,0,29,moveit_wrapper_v1,68.23191953,/home/wei/code/learning_thousand_tasks/demo_library/rollout_trajectories/rollout_insert_20260816_013436.json,/home/wei/code/learning_thousand_tasks/demo_library/rollout_trajectories/insert_replay_input_insert_20260816_013436.json,/home/wei/code/learning_thousand_tasks/demo_library/scene_packages/live_insert_trial_insert_20260816_013436_relation.json,,,,,,
2026/8/16 1:38,insert_20260816_013734,cylinder_insert_socket,insert the green cylinder into the blue socket,socket__x70_y0_cyl_x08_y-0.1,2,full,target_anchor,bottleneck,stage_replay,success,TRUE,TRUE,TRUE,,,,,explicit_demo_id,green_cylinder_insert_blue_socket,,,cylinder,"[0.045, 0.045, 0.1]",green_insert_cylinder,"[0.8000777579686942, -0.09994665782128304, """"]","[0.8000777579686942, -0.09994665782128304, 0.49999889403260284]","[0.8000777579686942, -0.09994665782128304, 0.49999889403260284]",gazebo_world_xy_only,base,,,"[0.7974148714797027, -0.09964762463924462, -0.432]",0.002679624,0.002679624,,xy_base_vs_gazebo_world_model_xy,dual_LangSAM_masks+PointCloud2+TF,base_pointcloud_percentile_box_center_xy,0.797414871,-0.099647625,-0.432,,,,blue_insert_socket,"[0.7, 0.0, """"]","[0.7, 0.0, 0.45]","[0.7, 0.0, 0.45]","[0.7, 0.0, 0.45]",gazebo_world_xy_only,base,"[0.6999795952751848, -1.669212197507278e-06, -0.432]",2.05E-05,2.05E-05,,xy_base_vs_gazebo_world_model_xy,dual_LangSAM_masks+PointCloud2+TF,base_pointcloud_top_band_circle_fit_xy,,,0.699979595,-1.67E-06,-0.432,,,,0.797414871,-0.099647625,-0.357,"[0.7974148714797027, -0.09964762463924462, -0.357]","[0.697585478667162, 0.0032228071628622444, -0.1469368289744335]",0.699979595,-1.67E-06,-0.432,"[0.6999795952751848, -1.669212197507278e-06, -0.432]","[0.045, 0.045, 0.1]","[0.085, 0.085, 0.1]","[0.055, 0.055]","[0.0, 0.0, 0.0]",green_insert_cylinder,blue_insert_socket,"[0.7007638191331688, -0.0005102529141777352, 0.49999890395903396]","[0.7, 0.0, 0.45]","[0.7, 0.0, 0.45]",0.0009347,0.000918574,0.135303176,TRUE,0.004,0.050001096,,TRUE,insertion_trajectory,75,TRUE,/home/wei/code/learning_thousand_tasks/demo_library/rollout_trajectories/insert_grasp_replay_input_insert_20260816_013734.json,513,1383,513,1383,,,,,TRUE,TRUE,TRUE,grasp_complete,,TRUE,TRUE,insertion_replay_complete,,FALSE,TRUE,TRUE,,,9.76E-05,9.48E-05,4.09E-05,dwell_only,1.001,,67.31139135,0.692915201,0.002976418,0.143361807,0,46.42165136,65.91964674,0,29,moveit_wrapper_v1,65.91964674,/home/wei/code/learning_thousand_tasks/demo_library/rollout_trajectories/rollout_insert_20260816_013734.json,/home/wei/code/learning_thousand_tasks/demo_library/rollout_trajectories/insert_replay_input_insert_20260816_013734.json,/home/wei/code/learning_thousand_tasks/demo_library/scene_packages/live_insert_trial_insert_20260816_013734_relation.json,,,,,,
2026/8/16 1:41,insert_20260816_014026,cylinder_insert_socket,insert the green cylinder into the blue socket,socket__x70_y0_cyl_x08_y-0.1,3,full,target_anchor,bottleneck,stage_replay,success,TRUE,TRUE,TRUE,,,,,explicit_demo_id,green_cylinder_insert_blue_socket,,,cylinder,"[0.045, 0.045, 0.1]",green_insert_cylinder,"[0.8000692882114743, -0.09994414145117299, """"]","[0.8000692882114743, -0.09994414145117299, 0.5000008441597765]","[0.8000692882114743, -0.09994414145117299, 0.5000008441597765]",gazebo_world_xy_only,base,,,"[0.7974109344642557, -0.09964661748913561, -0.432]",0.002674951,0.002674951,,xy_base_vs_gazebo_world_model_xy,dual_LangSAM_masks+PointCloud2+TF,base_pointcloud_percentile_box_center_xy,0.797410934,-0.099646617,-0.432,,,,blue_insert_socket,"[0.7, 0.0, """"]","[0.7, 0.0, 0.45]","[0.7, 0.0, 0.45]","[0.7, 0.0, 0.45]",gazebo_world_xy_only,base,"[0.6999795339579062, -1.5937503778565942e-06, -0.432]",2.05E-05,2.05E-05,,xy_base_vs_gazebo_world_model_xy,dual_LangSAM_masks+PointCloud2+TF,base_pointcloud_top_band_circle_fit_xy,,,0.699979534,-1.59E-06,-0.432,,,,0.797410934,-0.099646617,-0.357,"[0.7974109344642557, -0.09964661748913561, -0.357]","[0.697585478667162, 0.0032228071628622444, -0.1469368289744335]",0.699979534,-1.59E-06,-0.432,"[0.6999795339579062, -1.5937503778565942e-06, -0.432]","[0.045, 0.045, 0.1]","[0.085, 0.085, 0.1]","[0.055, 0.055]","[0.0, 0.0, 0.0]",green_insert_cylinder,blue_insert_socket,"[0.7012513800736079, 0.0005120605304050831, 0.49999992923672465]","[0.7, 0.0, 0.45]","[0.7, 0.0, 0.45]",0.001371653,0.001352094,0.143815529,TRUE,0.004,0.050000071,,TRUE,insertion_trajectory,75,TRUE,/home/wei/code/learning_thousand_tasks/demo_library/rollout_trajectories/insert_grasp_replay_input_insert_20260816_014026.json,513,1383,513,1383,,,,,TRUE,TRUE,TRUE,grasp_complete,,TRUE,TRUE,insertion_replay_complete,,FALSE,TRUE,TRUE,,,9.76E-05,9.48E-05,4.09E-05,dwell_only,1.001,,69.90910721,0.907883644,0.001677036,0.013190746,0,49.08282852,68.11494541,0,29,moveit_wrapper_v1,68.11494541,/home/wei/code/learning_thousand_tasks/demo_library/rollout_trajectories/rollout_insert_20260816_014026.json,/home/wei/code/learning_thousand_tasks/demo_library/rollout_trajectories/insert_replay_input_insert_20260816_014026.json,/home/wei/code/learning_thousand_tasks/demo_library/scene_packages/live_insert_trial_insert_20260816_014026_relation.json,,,,,,
2026/8/16 1:44,insert_20260816_014341,cylinder_insert_socket,insert the green cylinder into the blue socket,socket__x70_y0_cyl_x08_y-0.1,4,full,target_anchor,bottleneck,stage_replay,success,TRUE,TRUE,TRUE,,,,,explicit_demo_id,green_cylinder_insert_blue_socket,,,cylinder,"[0.045, 0.045, 0.1]",green_insert_cylinder,"[0.800128719450588, -0.09993009808985835, """"]","[0.800128719450588, -0.09993009808985835, 0.49999889402603737]","[0.800128719450588, -0.09993009808985835, 0.49999889402603737]",gazebo_world_xy_only,base,,,"[0.797438594942566, -0.09965327479037381, -0.432]",0.00270433,0.00270433,,xy_base_vs_gazebo_world_model_xy,dual_LangSAM_masks+PointCloud2+TF,base_pointcloud_percentile_box_center_xy,0.797438595,-0.099653275,-0.432,,,,blue_insert_socket,"[0.7, 0.0, """"]","[0.7, 0.0, 0.45]","[0.7, 0.0, 0.45]","[0.7, 0.0, 0.45]",gazebo_world_xy_only,base,"[0.6999795959962136, -1.605002441850584e-06, -0.432]",2.05E-05,2.05E-05,,xy_base_vs_gazebo_world_model_xy,dual_LangSAM_masks+PointCloud2+TF,base_pointcloud_top_band_circle_fit_xy,,,0.699979596,-1.61E-06,-0.432,,,,0.797438595,-0.099653275,-0.357,"[0.797438594942566, -0.09965327479037381, -0.357]","[0.697585478667162, 0.0032228071628622444, -0.1469368289744335]",0.699979596,-1.61E-06,-0.432,"[0.6999795959962136, -1.605002441850584e-06, -0.432]","[0.045, 0.045, 0.1]","[0.085, 0.085, 0.1]","[0.055, 0.055]","[0.0, 0.0, 0.0]",green_insert_cylinder,blue_insert_socket,"[0.7015488058162691, 0.0002824160226653535, 0.49999989309336285]","[0.7, 0.0, 0.45]","[0.7, 0.0, 0.45]",0.001594706,0.001574344,0.142421453,TRUE,0.004,0.050000107,,TRUE,insertion_trajectory,75,TRUE,/home/wei/code/learning_thousand_tasks/demo_library/rollout_trajectories/insert_grasp_replay_input_insert_20260816_014341.json,513,1383,513,1383,,,,,TRUE,TRUE,TRUE,grasp_complete,,TRUE,TRUE,insertion_replay_complete,,FALSE,TRUE,TRUE,,,9.76E-05,9.48E-05,4.09E-05,dwell_only,1.001,,70.65727639,1.201526403,0.002580881,0.033832312,0,49.61771297,68.83876276,0,29,moveit_wrapper_v1,68.83876276,/home/wei/code/learning_thousand_tasks/demo_library/rollout_trajectories/rollout_insert_20260816_014341.json,/home/wei/code/learning_thousand_tasks/demo_library/rollout_trajectories/insert_replay_input_insert_20260816_014341.json,/home/wei/code/learning_thousand_tasks/demo_library/scene_packages/live_insert_trial_insert_20260816_014341_relation.json,,,,,,
2026/8/16 2:28,insert_20260816_022722,cylinder_insert_socket,insert the green cylinder into the blue socket,socket__x65_y-0.1_cyl_x055_y0,1,full,target_anchor,bottleneck,stage_replay,success,TRUE,TRUE,TRUE,,,,,explicit_demo_id,green_cylinder_insert_blue_socket,,,cylinder,"[0.045, 0.045, 0.1]",green_insert_cylinder,"[0.5499753796517335, -1.1545733355471595e-05, """"]","[0.5499753796517335, -1.1545733355471595e-05, 0.5000005942553276]","[0.5499753796517335, -1.1545733355471595e-05, 0.5000005942553276]",gazebo_world_xy_only,base,,,"[0.5476741102744921, 6.295476547820734e-05, -0.432]",0.002302475,0.002302475,,xy_base_vs_gazebo_world_model_xy,dual_LangSAM_masks+PointCloud2+TF,base_pointcloud_percentile_box_center_xy,0.54767411,6.30E-05,-0.432,,,,blue_insert_socket,"[0.65, -0.1, """"]","[0.65, -0.1, 0.45]","[0.65, -0.1, 0.45]","[0.65, -0.1, 0.45]",gazebo_world_xy_only,base,"[0.6499714241499136, -0.10001216076555447, -0.432]",3.11E-05,3.11E-05,,xy_base_vs_gazebo_world_model_xy,dual_LangSAM_masks+PointCloud2+TF,base_pointcloud_top_band_circle_fit_xy,,,0.649971424,-0.100012161,-0.432,,,,0.54767411,6.30E-05,-0.357,"[0.5476741102744921, 6.295476547820734e-05, -0.357]","[0.697585478667162, 0.0032228071628622444, -0.1469368289744335]",0.649971424,-0.100012161,-0.432,"[0.6499714241499136, -0.10001216076555447, -0.432]","[0.045, 0.045, 0.1]","[0.085, 0.085, 0.1]","[0.055, 0.055]","[0.0, 0.0, 0.0]",green_insert_cylinder,blue_insert_socket,"[0.6529617534161364, -0.10057339811689166, 0.49999993424457284]","[0.65, -0.1, 0.45]","[0.65, -0.1, 0.45]",0.003042541,0.003016748,0.146710359,TRUE,0.004,0.050000066,,TRUE,insertion_trajectory,75,TRUE,/home/wei/code/learning_thousand_tasks/demo_library/rollout_trajectories/insert_grasp_replay_input_insert_20260816_022722.json,703,1535,703,1535,,,,,TRUE,TRUE,TRUE,grasp_complete,,TRUE,TRUE,insertion_replay_complete,,FALSE,TRUE,TRUE,,,9.76E-05,9.48E-05,4.09E-05,dwell_only,1.001,,56.7692771,0.937175989,0.012605906,0.021232843,0,35.03992534,54.8834393,0,29,moveit_wrapper_v1,54.8834393,/home/wei/code/learning_thousand_tasks/demo_library/rollout_trajectories/rollout_insert_20260816_022722.json,/home/wei/code/learning_thousand_tasks/demo_library/rollout_trajectories/insert_replay_input_insert_20260816_022722.json,/home/wei/code/learning_thousand_tasks/demo_library/scene_packages/live_insert_trial_insert_20260816_022722_relation.json,,,,TRUE,TRUE,TRUE
2026/8/16 2:41,insert_20260816_024102,cylinder_insert_socket,insert the green cylinder into the blue socket,socket__x65_y-0.1_cyl_x055_y0,2,full,target_anchor,bottleneck,stage_replay,success,TRUE,TRUE,TRUE,,,,,explicit_demo_id,green_cylinder_insert_blue_socket,,,cylinder,"[0.045, 0.045, 0.1]",green_insert_cylinder,"[0.549974073440316, -1.748052844134862e-05, """"]","[0.549974073440316, -1.748052844134862e-05, 0.5000005655296008]","[0.549974073440316, -1.748052844134862e-05, 0.5000005655296008]",gazebo_world_xy_only,base,,,"[0.5476854823038216, -0.00019123990516286063, -0.432]",0.002295178,0.002295178,,xy_base_vs_gazebo_world_model_xy,dual_LangSAM_masks+PointCloud2+TF,base_pointcloud_percentile_box_center_xy,0.547685482,-0.00019124,-0.432,,,,blue_insert_socket,"[0.65, -0.1, """"]","[0.65, -0.1, 0.45]","[0.65, -0.1, 0.45]","[0.65, -0.1, 0.45]",gazebo_world_xy_only,base,"[0.6499725955344401, -0.10000287383891635, -0.432]",2.76E-05,2.76E-05,,xy_base_vs_gazebo_world_model_xy,dual_LangSAM_masks+PointCloud2+TF,base_pointcloud_top_band_circle_fit_xy,,,0.649972596,-0.100002874,-0.432,,,,0.547685482,-0.00019124,-0.357,"[0.5476854823038216, -0.00019123990516286063, -0.357]","[0.697585478667162, 0.0032228071628622444, -0.1469368289744335]",0.649972596,-0.100002874,-0.432,"[0.6499725955344401, -0.10000287383891635, -0.432]","[0.045, 0.045, 0.1]","[0.085, 0.085, 0.1]","[0.055, 0.055]","[0.0, 0.0, 0.0]",green_insert_cylinder,blue_insert_socket,"[0.6507637874582224, -0.09859352867446028, 0.5000005836282391]","[0.65, -0.1, 0.45]","[0.65, -0.1, 0.45]",0.001616242,0.001600479,0.144683194,TRUE,0.004,0.049999416,,TRUE,insertion_trajectory,75,TRUE,/home/wei/code/learning_thousand_tasks/demo_library/rollout_trajectories/insert_grasp_replay_input_insert_20260816_024102.json,703,1535,703,1535,,,,,TRUE,TRUE,TRUE,grasp_complete,,TRUE,TRUE,insertion_replay_complete,,FALSE,TRUE,TRUE,,,9.76E-05,9.48E-05,4.09E-05,dwell_only,1.001,,56.18723083,0.747202635,0.019161463,0.080698013,0,34.56408954,54.67650127,0,29,moveit_wrapper_v1,54.67650127,/home/wei/code/learning_thousand_tasks/demo_library/rollout_trajectories/rollout_insert_20260816_024102.json,/home/wei/code/learning_thousand_tasks/demo_library/rollout_trajectories/insert_replay_input_insert_20260816_024102.json,/home/wei/code/learning_thousand_tasks/demo_library/scene_packages/live_insert_trial_insert_20260816_024102_relation.json,,,,TRUE,TRUE,TRUE
2026/8/16 2:45,insert_20260816_024409,cylinder_insert_socket,insert the green cylinder into the blue socket,socket__x65_y-0.1_cyl_x055_y0,3,full,target_anchor,bottleneck,stage_replay,success,TRUE,TRUE,TRUE,,,,,explicit_demo_id,green_cylinder_insert_blue_socket,,,cylinder,"[0.045, 0.045, 0.1]",green_insert_cylinder,"[0.5499732988392044, -1.742455503739419e-05, """"]","[0.5499732988392044, -1.742455503739419e-05, 0.49999891886399184]","[0.5499732988392044, -1.742455503739419e-05, 0.49999891886399184]",gazebo_world_xy_only,base,,,"[0.5476741341711069, 6.0593983020452644e-05, -0.432]",0.002300488,0.002300488,,xy_base_vs_gazebo_world_model_xy,dual_LangSAM_masks+PointCloud2+TF,base_pointcloud_percentile_box_center_xy,0.547674134,6.06E-05,-0.432,,,,blue_insert_socket,"[0.65, -0.1, """"]","[0.65, -0.1, 0.45]","[0.65, -0.1, 0.45]","[0.65, -0.1, 0.45]",gazebo_world_xy_only,base,"[0.6499723503789667, -0.10001182779845269, -0.432]",3.01E-05,3.01E-05,,xy_base_vs_gazebo_world_model_xy,dual_LangSAM_masks+PointCloud2+TF,base_pointcloud_top_band_circle_fit_xy,,,0.64997235,-0.100011828,-0.432,,,,0.547674134,6.06E-05,-0.357,"[0.5476741341711069, 6.0593983020452644e-05, -0.357]","[0.697585478667162, 0.0032228071628622444, -0.1469368289744335]",0.64997235,-0.100011828,-0.432,"[0.6499723503789667, -0.10001182779845269, -0.432]","[0.045, 0.045, 0.1]","[0.085, 0.085, 0.1]","[0.055, 0.055]","[0.0, 0.0, 0.0]",green_insert_cylinder,blue_insert_socket,"[0.6534832604080153, -0.10128585092347153, 0.5000008589717829]","[0.65, -0.1, 0.45]","[0.65, -0.1, 0.45]",0.00373492,0.00371302,0.146110013,TRUE,0.004,0.049999141,,TRUE,insertion_trajectory,75,TRUE,/home/wei/code/learning_thousand_tasks/demo_library/rollout_trajectories/insert_grasp_replay_input_insert_20260816_024409.json,703,1535,703,1535,,,,,TRUE,TRUE,TRUE,grasp_complete,,TRUE,TRUE,insertion_replay_complete,,FALSE,TRUE,TRUE,,,9.76E-05,9.48E-05,4.09E-05,dwell_only,1.001,,57.47769785,1.171968699,0.009488106,0.037461519,0,34.870893,55.42026472,0,29,moveit_wrapper_v1,55.42026472,/home/wei/code/learning_thousand_tasks/demo_library/rollout_trajectories/rollout_insert_20260816_024409.json,/home/wei/code/learning_thousand_tasks/demo_library/rollout_trajectories/insert_replay_input_insert_20260816_024409.json,/home/wei/code/learning_thousand_tasks/demo_library/scene_packages/live_insert_trial_insert_20260816_024409_relation.json,,,,TRUE,TRUE,TRUE
2026/8/16 2:47,insert_20260816_024643,cylinder_insert_socket,insert the green cylinder into the blue socket,socket__x65_y-0.1_cyl_x055_y0,4,full,target_anchor,bottleneck,stage_replay,success,TRUE,TRUE,TRUE,,,,,explicit_demo_id,green_cylinder_insert_blue_socket,,,cylinder,"[0.045, 0.045, 0.1]",green_insert_cylinder,"[0.5499736855084963, -1.867164582331588e-05, """"]","[0.5499736855084963, -1.867164582331588e-05, 0.4999989188634471]","[0.5499736855084963, -1.867164582331588e-05, 0.4999989188634471]",gazebo_world_xy_only,base,,,"[0.5476784698185376, -6.0345738552031875e-05, -0.432]",0.002295594,0.002295594,,xy_base_vs_gazebo_world_model_xy,dual_LangSAM_masks+PointCloud2+TF,base_pointcloud_percentile_box_center_xy,0.54767847,-6.03E-05,-0.432,,,,blue_insert_socket,"[0.65, -0.1, """"]","[0.65, -0.1, 0.45]","[0.65, -0.1, 0.45]","[0.65, -0.1, 0.45]",gazebo_world_xy_only,base,"[0.6499717894841284, -0.10000626355774067, -0.432]",2.89E-05,2.89E-05,,xy_base_vs_gazebo_world_model_xy,dual_LangSAM_masks+PointCloud2+TF,base_pointcloud_top_band_circle_fit_xy,,,0.649971789,-0.100006264,-0.432,,,,0.54767847,-6.03E-05,-0.357,"[0.5476784698185376, -6.0345738552031875e-05, -0.357]","[0.697585478667162, 0.0032228071628622444, -0.1469368289744335]",0.649971789,-0.100006264,-0.432,"[0.6499717894841284, -0.10000626355774067, -0.432]","[0.045, 0.045, 0.1]","[0.085, 0.085, 0.1]","[0.055, 0.055]","[0.0, 0.0, 0.0]",green_insert_cylinder,blue_insert_socket,"[0.6514219955479738, -0.09903585684744705, 0.5000005836655372]","[0.65, -0.1, 0.45]","[0.65, -0.1, 0.45]",0.001744932,0.001718035,0.137375631,TRUE,0.004,0.049999416,,TRUE,insertion_trajectory,75,TRUE,/home/wei/code/learning_thousand_tasks/demo_library/rollout_trajectories/insert_grasp_replay_input_insert_20260816_024643.json,703,1535,703,1535,,,,,TRUE,TRUE,TRUE,grasp_complete,,TRUE,TRUE,insertion_replay_complete,,FALSE,TRUE,TRUE,,,9.76E-05,9.48E-05,4.09E-05,dwell_only,1.001,,54.31467271,0.6869452,0.010565519,0.019505262,0,34.06821465,52.9244287,0,29,moveit_wrapper_v1,52.9244287,/home/wei/code/learning_thousand_tasks/demo_library/rollout_trajectories/rollout_insert_20260816_024643.json,/home/wei/code/learning_thousand_tasks/demo_library/rollout_trajectories/insert_replay_input_insert_20260816_024643.json,/home/wei/code/learning_thousand_tasks/demo_library/scene_packages/live_insert_trial_insert_20260816_024643_relation.json,,,,TRUE,TRUE,TRUE
2026/8/16 2:52,insert_20260816_025128,cylinder_insert_socket,insert the green cylinder into the blue socket,socket__x65_y-0.1_cyl_x055_y-0.2,1,full,target_anchor,bottleneck,stage_replay,success,TRUE,TRUE,TRUE,,,,,explicit_demo_id,green_cylinder_insert_blue_socket,,,cylinder,"[0.045, 0.045, 0.1]",green_insert_cylinder,"[0.5499730015952786, -0.20001401994981755, """"]","[0.5499730015952786, -0.20001401994981755, 0.500000565527404]","[0.5499730015952786, -0.20001401994981755, 0.500000565527404]",gazebo_world_xy_only,base,,,"[0.5465313978761037, -0.19813794747757257, -0.432]",0.00391973,0.00391973,,xy_base_vs_gazebo_world_model_xy,dual_LangSAM_masks+PointCloud2+TF,base_pointcloud_percentile_box_center_xy,0.546531398,-0.198137947,-0.432,,,,blue_insert_socket,"[0.65, -0.1, """"]","[0.65, -0.1, 0.45]","[0.65, -0.1, 0.45]","[0.65, -0.1, 0.45]",gazebo_world_xy_only,base,"[0.6499717510836225, -0.10001212060451377, -0.432]",3.07E-05,3.07E-05,,xy_base_vs_gazebo_world_model_xy,dual_LangSAM_masks+PointCloud2+TF,base_pointcloud_top_band_circle_fit_xy,,,0.649971751,-0.100012121,-0.432,,,,0.546531398,-0.198137947,-0.357,"[0.5465313978761037, -0.19813794747757257, -0.357]","[0.697585478667162, 0.0032228071628622444, -0.1469368289744335]",0.649971751,-0.100012121,-0.432,"[0.6499717510836225, -0.10001212060451377, -0.432]","[0.045, 0.045, 0.1]","[0.085, 0.085, 0.1]","[0.055, 0.055]","[0.0, 0.0, 0.0]",green_insert_cylinder,blue_insert_socket,"[0.6524739348592881, -0.09973936491085046, 0.4999989039731727]","[0.65, -0.1, 0.45]","[0.65, -0.1, 0.45]",0.002517006,0.002487626,0.138628687,TRUE,0.004,0.050001096,,TRUE,insertion_trajectory,75,TRUE,/home/wei/code/learning_thousand_tasks/demo_library/rollout_trajectories/insert_grasp_replay_input_insert_20260816_025128.json,742,1535,742,1535,,,,,TRUE,TRUE,TRUE,grasp_complete,,TRUE,TRUE,insertion_replay_complete,,FALSE,TRUE,TRUE,,,9.76E-05,9.48E-05,4.09E-05,dwell_only,1.001,,55.51071429,0.72599268,0.003322601,0.058017492,0,35.08485794,54.31496716,0,29,moveit_wrapper_v1,54.31496716,/home/wei/code/learning_thousand_tasks/demo_library/rollout_trajectories/rollout_insert_20260816_025128.json,/home/wei/code/learning_thousand_tasks/demo_library/rollout_trajectories/insert_replay_input_insert_20260816_025128.json,/home/wei/code/learning_thousand_tasks/demo_library/scene_packages/live_insert_trial_insert_20260816_025128_relation.json,,,,TRUE,TRUE,TRUE
2026/8/16 2:55,insert_20260816_025427,cylinder_insert_socket,insert the green cylinder into the blue socket,socket__x65_y-0.1_cyl_x055_y-0.2,2,full,target_anchor,bottleneck,stage_replay,success,TRUE,TRUE,TRUE,,,,,explicit_demo_id,green_cylinder_insert_blue_socket,,,cylinder,"[0.045, 0.045, 0.1]",green_insert_cylinder,"[0.5499734571611915, -0.2000179496308064, """"]","[0.5499734571611915, -0.2000179496308064, 0.49999891886377307]","[0.5499734571611915, -0.2000179496308064, 0.49999891886377307]",gazebo_world_xy_only,base,,,"[0.546529147852325, -0.19814055063666725, -0.432]",0.003922741,0.003922741,,xy_base_vs_gazebo_world_model_xy,dual_LangSAM_masks+PointCloud2+TF,base_pointcloud_percentile_box_center_xy,0.546529148,-0.198140551,-0.432,,,,blue_insert_socket,"[0.65, -0.1, """"]","[0.65, -0.1, 0.45]","[0.65, -0.1, 0.45]","[0.65, -0.1, 0.45]",gazebo_world_xy_only,base,"[0.6499723152754073, -0.10001197927441717, -0.432]",3.02E-05,3.02E-05,,xy_base_vs_gazebo_world_model_xy,dual_LangSAM_masks+PointCloud2+TF,base_pointcloud_top_band_circle_fit_xy,,,0.649972315,-0.100011979,-0.432,,,,0.546529148,-0.198140551,-0.357,"[0.546529147852325, -0.19814055063666725, -0.357]","[0.697585478667162, 0.0032228071628622444, -0.1469368289744335]",0.649972315,-0.100011979,-0.432,"[0.6499723152754073, -0.10001197927441717, -0.432]","[0.045, 0.045, 0.1]","[0.085, 0.085, 0.1]","[0.055, 0.055]","[0.0, 0.0, 0.0]",green_insert_cylinder,blue_insert_socket,"[0.6509179399420315, -0.09815705875950038, 0.4999989093363771]","[0.65, -0.1, 0.45]","[0.65, -0.1, 0.45]",0.002082051,0.002058894,0.14659612,TRUE,0.004,0.050001091,,TRUE,insertion_trajectory,75,TRUE,/home/wei/code/learning_thousand_tasks/demo_library/rollout_trajectories/insert_grasp_replay_input_insert_20260816_025427.json,742,1535,742,1535,,,,,TRUE,TRUE,TRUE,grasp_complete,,TRUE,TRUE,insertion_replay_complete,,FALSE,TRUE,TRUE,,,9.76E-05,9.48E-05,4.09E-05,dwell_only,1.001,,58.37293196,1.010106564,0.013108492,0.065735102,0,36.15696907,56.67571759,0,29,moveit_wrapper_v1,56.67571759,/home/wei/code/learning_thousand_tasks/demo_library/rollout_trajectories/rollout_insert_20260816_025427.json,/home/wei/code/learning_thousand_tasks/demo_library/rollout_trajectories/insert_replay_input_insert_20260816_025427.json,/home/wei/code/learning_thousand_tasks/demo_library/scene_packages/live_insert_trial_insert_20260816_025427_relation.json,,,,TRUE,TRUE,TRUE
2026/8/16 2:58,insert_20260816_025728,cylinder_insert_socket,insert the green cylinder into the blue socket,socket__x65_y-0.1_cyl_x055_y-0.2,3,full,target_anchor,bottleneck,stage_replay,success,TRUE,TRUE,TRUE,,,,,explicit_demo_id,green_cylinder_insert_blue_socket,,,cylinder,"[0.045, 0.045, 0.1]",green_insert_cylinder,"[0.549978051727064, -0.2000158457993566, """"]","[0.549978051727064, -0.2000158457993566, 0.5000008688084224]","[0.549978051727064, -0.2000158457993566, 0.5000008688084224]",gazebo_world_xy_only,base,,,"[0.5476756206127893, -0.1980155914755416, -0.432]",0.003049952,0.003049952,,xy_base_vs_gazebo_world_model_xy,dual_LangSAM_masks+PointCloud2+TF,base_pointcloud_percentile_box_center_xy,0.547675621,-0.198015591,-0.432,,,,blue_insert_socket,"[0.65, -0.1, """"]","[0.65, -0.1, 0.45]","[0.65, -0.1, 0.45]","[0.65, -0.1, 0.45]",gazebo_world_xy_only,base,"[0.6499709142716052, -0.10001262601722305, -0.432]",3.17E-05,3.17E-05,,xy_base_vs_gazebo_world_model_xy,dual_LangSAM_masks+PointCloud2+TF,base_pointcloud_top_band_circle_fit_xy,,,0.649970914,-0.100012626,-0.432,,,,0.547675621,-0.198015591,-0.357,"[0.5476756206127893, -0.1980155914755416, -0.357]","[0.697585478667162, 0.0032228071628622444, -0.1469368289744335]",0.649970914,-0.100012626,-0.432,"[0.6499709142716052, -0.10001262601722305, -0.432]","[0.045, 0.045, 0.1]","[0.085, 0.085, 0.1]","[0.055, 0.055]","[0.0, 0.0, 0.0]",green_insert_cylinder,blue_insert_socket,"[0.6507042344723439, -0.09841100468103942, 0.49999990109104797]","[0.65, -0.1, 0.45]","[0.65, -0.1, 0.45]",0.001761519,0.00173806,0.144097231,TRUE,0.004,0.050000099,,TRUE,insertion_trajectory,75,TRUE,/home/wei/code/learning_thousand_tasks/demo_library/rollout_trajectories/insert_grasp_replay_input_insert_20260816_025728.json,742,1535,742,1535,,,,,TRUE,TRUE,TRUE,grasp_complete,,TRUE,TRUE,insertion_replay_complete,,FALSE,TRUE,TRUE,,,9.76E-05,9.48E-05,4.09E-05,dwell_only,1.001,,57.87295151,0.96254468,0.013398409,0.080231428,0,36.37278032,56.01454616,0,29,moveit_wrapper_v1,56.01454616,/home/wei/code/learning_thousand_tasks/demo_library/rollout_trajectories/rollout_insert_20260816_025728.json,/home/wei/code/learning_thousand_tasks/demo_library/rollout_trajectories/insert_replay_input_insert_20260816_025728.json,/home/wei/code/learning_thousand_tasks/demo_library/scene_packages/live_insert_trial_insert_20260816_025728_relation.json,,,,TRUE,TRUE,TRUE
2026/8/16 3:03,insert_20260816_030216,cylinder_insert_socket,insert the green cylinder into the blue socket,socket__x65_y-0.1_cyl_x055_y-0.2,4,full,target_anchor,bottleneck,stage_replay,success,TRUE,TRUE,TRUE,,,,,explicit_demo_id,green_cylinder_insert_blue_socket,,,cylinder,"[0.045, 0.045, 0.1]",green_insert_cylinder,"[0.5499729000720631, -0.2000180957553762, """"]","[0.5499729000720631, -0.2000180957553762, 0.5000008486048856]","[0.5499729000720631, -0.2000180957553762, 0.5000008486048856]",gazebo_world_xy_only,base,,,"[0.5465324817524346, -0.19813750635640145, -0.432]",0.003920854,0.003920854,,xy_base_vs_gazebo_world_model_xy,dual_LangSAM_masks+PointCloud2+TF,base_pointcloud_percentile_box_center_xy,0.546532482,-0.198137506,-0.432,,,,blue_insert_socket,"[0.65, -0.1, """"]","[0.65, -0.1, 0.45]","[0.65, -0.1, 0.45]","[0.65, -0.1, 0.45]",gazebo_world_xy_only,base,"[0.6499715487304726, -0.10001212709230323, -0.432]",3.09E-05,3.09E-05,,xy_base_vs_gazebo_world_model_xy,dual_LangSAM_masks+PointCloud2+TF,base_pointcloud_top_band_circle_fit_xy,,,0.649971549,-0.100012127,-0.432,,,,0.546532482,-0.198137506,-0.357,"[0.5465324817524346, -0.19813750635640145, -0.357]","[0.697585478667162, 0.0032228071628622444, -0.1469368289744335]",0.649971549,-0.100012127,-0.432,"[0.6499715487304726, -0.10001212709230323, -0.432]","[0.045, 0.045, 0.1]","[0.085, 0.085, 0.1]","[0.055, 0.055]","[0.0, 0.0, 0.0]",green_insert_cylinder,blue_insert_socket,"[0.6514578047461064, -0.09837922318358755, 0.49999993571879514]","[0.65, -0.1, 0.45]","[0.65, -0.1, 0.45]",0.002208015,0.002179934,0.142125015,TRUE,0.004,0.050000064,,TRUE,insertion_trajectory,75,TRUE,/home/wei/code/learning_thousand_tasks/demo_library/rollout_trajectories/insert_grasp_replay_input_insert_20260816_030216.json,742,1535,742,1535,,,,,TRUE,TRUE,TRUE,grasp_complete,,TRUE,TRUE,insertion_replay_complete,,FALSE,TRUE,TRUE,,,9.76E-05,9.48E-05,4.09E-05,dwell_only,1.001,,58.03547549,0.983970404,0.003755331,0.086617947,0,36.55030346,56.22185731,0,29,moveit_wrapper_v1,56.22185731,/home/wei/code/learning_thousand_tasks/demo_library/rollout_trajectories/rollout_insert_20260816_030216.json,/home/wei/code/learning_thousand_tasks/demo_library/rollout_trajectories/insert_replay_input_insert_20260816_030216.json,/home/wei/code/learning_thousand_tasks/demo_library/scene_packages/live_insert_trial_insert_20260816_030216_relation.json,,,,TRUE,TRUE,TRUE
2026/8/16 3:13,insert_20260816_031214,cylinder_insert_socket,insert the green cylinder into the blue socket,socket__x65_y-0.1_cyl_x075_y-0.2,1,full,target_anchor,bottleneck,stage_replay,success,TRUE,TRUE,TRUE,,,,,explicit_demo_id,green_cylinder_insert_blue_socket,,,cylinder,"[0.045, 0.045, 0.1]",green_insert_cylinder,"[0.7502529761343061, -0.1998893991398746, """"]","[0.7502529761343061, -0.1998893991398746, 0.5000005976606271]","[0.7502529761343061, -0.1998893991398746, 0.5000005976606271]",gazebo_world_xy_only,base,,,"[0.7483821070638924, -0.19850689870703841, -0.432]",0.002326254,0.002326254,,xy_base_vs_gazebo_world_model_xy,dual_LangSAM_masks+PointCloud2+TF,base_pointcloud_percentile_box_center_xy,0.748382107,-0.198506899,-0.432,,,,blue_insert_socket,"[0.65, -0.1, """"]","[0.65, -0.1, 0.45]","[0.65, -0.1, 0.45]","[0.65, -0.1, 0.45]",gazebo_world_xy_only,base,"[0.6499710260737034, -0.10001224853902392, -0.432]",3.15E-05,3.15E-05,,xy_base_vs_gazebo_world_model_xy,dual_LangSAM_masks+PointCloud2+TF,base_pointcloud_top_band_circle_fit_xy,,,0.649971026,-0.100012249,-0.432,,,,0.748382107,-0.198506899,-0.357,"[0.7483821070638924, -0.19850689870703841, -0.357]","[0.697585478667162, 0.0032228071628622444, -0.1469368289744335]",0.649971026,-0.100012249,-0.432,"[0.6499710260737034, -0.10001224853902392, -0.432]","[0.045, 0.045, 0.1]","[0.085, 0.085, 0.1]","[0.055, 0.055]","[0.0, 0.0, 0.0]",green_insert_cylinder,blue_insert_socket,"[0.6514505074489136, -0.1034583009891635, 0.49999991509214065]","[0.65, -0.1, 0.45]","[0.65, -0.1, 0.45]",0.003750219,0.003750176,0.135421654,TRUE,0.004,0.050000085,,TRUE,insertion_trajectory,75,TRUE,/home/wei/code/learning_thousand_tasks/demo_library/rollout_trajectories/insert_grasp_replay_input_insert_20260816_031214.json,559,1535,559,1535,,,,,TRUE,TRUE,TRUE,grasp_complete,,TRUE,TRUE,insertion_replay_complete,,FALSE,TRUE,TRUE,,,9.76E-05,9.48E-05,4.09E-05,dwell_only,1.001,,67.70434093,1.148481369,0.005558729,0.053350449,0,46.34611893,65.85230327,0,29,moveit_wrapper_v1,65.85230327,/home/wei/code/learning_thousand_tasks/demo_library/rollout_trajectories/rollout_insert_20260816_031214.json,/home/wei/code/learning_thousand_tasks/demo_library/rollout_trajectories/insert_replay_input_insert_20260816_031214.json,/home/wei/code/learning_thousand_tasks/demo_library/scene_packages/live_insert_trial_insert_20260816_031214_relation.json,,,,TRUE,TRUE,TRUE
2026/8/16 3:17,insert_20260816_031549,cylinder_insert_socket,insert the green cylinder into the blue socket,socket__x65_y-0.1_cyl_x075_y-0.2,2,full,target_anchor,bottleneck,stage_replay,success,TRUE,TRUE,TRUE,,,,,explicit_demo_id,green_cylinder_insert_blue_socket,,,cylinder,"[0.045, 0.045, 0.1]",green_insert_cylinder,"[0.7502103972397077, -0.19990306520286177, """"]","[0.7502103972397077, -0.19990306520286177, 0.5000005976576146]","[0.7502103972397077, -0.19990306520286177, 0.5000005976576146]",gazebo_world_xy_only,base,,,"[0.7483589708393761, -0.1984970779646027, -0.432]",0.002324775,0.002324775,,xy_base_vs_gazebo_world_model_xy,dual_LangSAM_masks+PointCloud2+TF,base_pointcloud_percentile_box_center_xy,0.748358971,-0.198497078,-0.432,,,,blue_insert_socket,"[0.65, -0.1, """"]","[0.65, -0.1, 0.45]","[0.65, -0.1, 0.45]","[0.65, -0.1, 0.45]",gazebo_world_xy_only,base,"[0.6499717295946863, -0.10001195746809749, -0.432]",3.07E-05,3.07E-05,,xy_base_vs_gazebo_world_model_xy,dual_LangSAM_masks+PointCloud2+TF,base_pointcloud_top_band_circle_fit_xy,,,0.64997173,-0.100011957,-0.432,,,,0.748358971,-0.198497078,-0.357,"[0.7483589708393761, -0.1984970779646027, -0.357]","[0.697585478667162, 0.0032228071628622444, -0.1469368289744335]",0.64997173,-0.100011957,-0.432,"[0.6499717295946863, -0.10001195746809749, -0.432]","[0.045, 0.045, 0.1]","[0.085, 0.085, 0.1]","[0.055, 0.055]","[0.0, 0.0, 0.0]",green_insert_cylinder,blue_insert_socket,"[0.6511817278871684, -0.1028946997119694, 0.49999890510196426]","[0.65, -0.1, 0.45]","[0.65, -0.1, 0.45]",0.003126387,0.003126622,0.144965926,TRUE,0.004,0.050001095,,TRUE,insertion_trajectory,75,TRUE,/home/wei/code/learning_thousand_tasks/demo_library/rollout_trajectories/insert_grasp_replay_input_insert_20260816_031549.json,559,1535,559,1535,,,,,TRUE,TRUE,TRUE,grasp_complete,,TRUE,TRUE,insertion_replay_complete,,FALSE,TRUE,TRUE,,,9.76E-05,9.48E-05,4.09E-05,dwell_only,1.001,,75.05051637,0.794907331,0.001924038,0.032560825,0,53.53456497,73.47539091,0,29,moveit_wrapper_v1,73.47539091,/home/wei/code/learning_thousand_tasks/demo_library/rollout_trajectories/rollout_insert_20260816_031549.json,/home/wei/code/learning_thousand_tasks/demo_library/rollout_trajectories/insert_replay_input_insert_20260816_031549.json,/home/wei/code/learning_thousand_tasks/demo_library/scene_packages/live_insert_trial_insert_20260816_031549_relation.json,,,,TRUE,TRUE,TRUE
2026/8/16 3:20,insert_20260816_031916,cylinder_insert_socket,insert the green cylinder into the blue socket,socket__x65_y-0.1_cyl_x075_y-0.2,3,full,target_anchor,bottleneck,stage_replay,success,TRUE,TRUE,TRUE,,,,,explicit_demo_id,green_cylinder_insert_blue_socket,,,cylinder,"[0.045, 0.045, 0.1]",green_insert_cylinder,"[0.7501681225436669, -0.19991217171108905, """"]","[0.7501681225436669, -0.19991217171108905, 0.5000008441465191]","[0.7501681225436669, -0.19991217171108905, 0.5000008441465191]",gazebo_world_xy_only,base,,,"[0.7468470390919725, -0.198484515490518, -0.432]",0.003614941,0.003614941,,xy_base_vs_gazebo_world_model_xy,dual_LangSAM_masks+PointCloud2+TF,base_pointcloud_percentile_box_center_xy,0.746847039,-0.198484515,-0.432,,,,blue_insert_socket,"[0.65, -0.1, """"]","[0.65, -0.1, 0.45]","[0.65, -0.1, 0.45]","[0.65, -0.1, 0.45]",gazebo_world_xy_only,base,"[0.6499717603350216, -0.10001195474753206, -0.432]",3.07E-05,3.07E-05,,xy_base_vs_gazebo_world_model_xy,dual_LangSAM_masks+PointCloud2+TF,base_pointcloud_top_band_circle_fit_xy,,,0.64997176,-0.100011955,-0.432,,,,0.746847039,-0.198484515,-0.357,"[0.7468470390919725, -0.198484515490518, -0.357]","[0.697585478667162, 0.0032228071628622444, -0.1469368289744335]",0.64997176,-0.100011955,-0.432,"[0.6499717603350216, -0.10001195474753206, -0.432]","[0.045, 0.045, 0.1]","[0.085, 0.085, 0.1]","[0.055, 0.055]","[0.0, 0.0, 0.0]",green_insert_cylinder,blue_insert_socket,"[0.6519166047403527, -0.10060764092332815, 0.49999890947261283]","[0.65, -0.1, 0.45]","[0.65, -0.1, 0.45]",0.002034026,0.002010622,0.133032247,TRUE,0.004,0.050001091,,TRUE,insertion_trajectory,75,TRUE,/home/wei/code/learning_thousand_tasks/demo_library/rollout_trajectories/insert_grasp_replay_input_insert_20260816_031916.json,559,1535,559,1535,,,,,TRUE,TRUE,TRUE,grasp_complete,,TRUE,TRUE,insertion_replay_complete,,FALSE,TRUE,TRUE,,,9.76E-05,9.48E-05,4.09E-05,dwell_only,1.001,,72.90051913,0.694958687,0.012894392,0.132701397,0,51.53356171,71.46128631,0,29,moveit_wrapper_v1,71.46128631,/home/wei/code/learning_thousand_tasks/demo_library/rollout_trajectories/rollout_insert_20260816_031916.json,/home/wei/code/learning_thousand_tasks/demo_library/rollout_trajectories/insert_replay_input_insert_20260816_031916.json,/home/wei/code/learning_thousand_tasks/demo_library/scene_packages/live_insert_trial_insert_20260816_031916_relation.json,,,,TRUE,TRUE,TRUE
2026-08-16 03:24:16,insert_20260816_032312,cylinder_insert_socket,insert the green cylinder into the blue socket,socket__x65_y-0.1_cyl_x075_y-0.2,4,full,target_anchor,bottleneck,stage_replay,failed,False,False,False,insertion_execution,insert_execution_failed,insertion_failure,insertion_failure,explicit_demo_id,green_cylinder_insert_blue_socket,,,cylinder,"[0.045, 0.045, 0.1]",green_insert_cylinder,"[0.7500776481744101, -0.1999415106237421, """"]","[0.7500776481744101, -0.1999415106237421, 0.5000008441586437]","[0.7500776481744101, -0.1999415106237421, 0.5000008441586437]",gazebo_world_xy_only,base,,,"[0.7468031419614871, -0.19847995443262104, -0.432]",0.0035858802877781343,0.0035858802877781343,,xy_base_vs_gazebo_world_model_xy,dual_LangSAM_masks+PointCloud2+TF,base_pointcloud_percentile_box_center_xy,0.7468031419614871,-0.19847995443262104,-0.432,,,,blue_insert_socket,"[0.65, -0.1, """"]","[0.65, -0.1, 0.45]","[0.65, -0.1, 0.45]","[0.65, -0.1, 0.45]",gazebo_world_xy_only,base,"[0.6499716535730405, -0.10001220614865476, -0.432]",3.086276051086721e-05,3.086276051086721e-05,,xy_base_vs_gazebo_world_model_xy,dual_LangSAM_masks+PointCloud2+TF,base_pointcloud_top_band_circle_fit_xy,,,0.6499716535730405,-0.10001220614865476,-0.432,,,,0.7468031419614871,-0.19847995443262104,-0.357,"[0.7468031419614871, -0.19847995443262104, -0.357]","[0.697585478667162, 0.0032228071628622444, -0.1469368289744335]",0.6499716535730405,-0.10001220614865476,-0.432,"[0.6499716535730405, -0.10001220614865476, -0.432]","[0.045, 0.045, 0.1]","[0.085, 0.085, 0.1]","[0.055, 0.055]","[0.0, 0.0, 0.0]",,,"["""", """", """"]","["""", """", """"]","["""", """", """"]",,,0.14550418180218486,True,0.004000000000000001,,,True,insertion_trajectory,75,True,/home/wei/code/learning_thousand_tasks/demo_library/rollout_trajectories/insert_grasp_replay_input_insert_20260816_032312.json,559,1535,559,1535,,,,,False,True,True,grasp_complete,,True,False,insertion_step_f_replay,insertion_step_f_replay,False,False,False,insertion_step_f_replay,insertion_step_f_replay,9.764229783184671e-05,9.476174345421682e-05,4.088114373512752e-05,dwell_only,1.0010000000000048,,65.208993434906,1.0316426753997803,0.004456520080566406,0.021635770797729492,0.0,47.20844841003418,63.673218727111816,0,24,moveit_wrapper_v1,63.673218727111816,/home/wei/code/learning_thousand_tasks/demo_library/rollout_trajectories/rollout_insert_20260816_032312.json,/home/wei/code/learning_thousand_tasks/demo_library/rollout_trajectories/insert_replay_input_insert_20260816_032312.json,/home/wei/code/learning_thousand_tasks/demo_library/scene_packages/live_insert_trial_insert_20260816_032312_relation.json,,,,False,False,
2026-08-16 03:38:30,insert_20260816_033817,cylinder_insert_socket,insert the green cylinder into the blue socket,socket__x65_y-0.1_cyl_x075_y0,1,full,target_anchor,bottleneck,stage_replay,failed,False,False,False,motion_planning,moveit_planning_failed,motion_planning_failure,motion_planning_failure,explicit_demo_id,green_cylinder_insert_blue_socket,,,cylinder,"[0.045, 0.045, 0.1]",green_insert_cylinder,"[0.750364226560839, 0.00014538511634129602, """"]","[0.750364226560839, 0.00014538511634129602, 0.4999988939962493]","[0.750364226560839, 0.00014538511634129602, 0.4999988939962493]",gazebo_world_xy_only,base,,,"[0.7467775437127184, -2.6405819251919954e-06, -0.432]",0.0035897361268413096,0.0035897361268413096,,xy_base_vs_gazebo_world_model_xy,dual_LangSAM_masks+PointCloud2+TF,base_pointcloud_percentile_box_center_xy,0.7467775437127184,-2.6405819251919954e-06,-0.432,,,,blue_insert_socket,"[0.65, -0.1, """"]","[0.65, -0.1, 0.45]","[0.65, -0.1, 0.45]","[0.65, -0.1, 0.45]",gazebo_world_xy_only,base,"[0.6499722929946081, -0.10001184976065994, -0.432]",3.013461424150456e-05,3.013461424150456e-05,,xy_base_vs_gazebo_world_model_xy,dual_LangSAM_masks+PointCloud2+TF,base_pointcloud_top_band_circle_fit_xy,,,0.6499722929946081,-0.10001184976065994,-0.432,,,,0.7467775437127184,-2.6405819251919954e-06,-0.357,"[0.7467775437127184, -2.6405819251919954e-06, -0.357]","[0.697585478667162, 0.0032228071628622444, -0.1469368289744335]",0.6499722929946081,-0.10001184976065994,-0.432,"[0.6499722929946081, -0.10001184976065994, -0.432]","[0.045, 0.045, 0.1]","[0.085, 0.085, 0.1]","[0.055, 0.055]","[0.0, 0.0, 0.0]",,,"["""", """", """"]","["""", """", """"]","["""", """", """"]",,,0.14182218642780334,True,0.004000000000000001,,,True,insertion_trajectory,75,True,/home/wei/code/learning_thousand_tasks/demo_library/rollout_trajectories/insert_grasp_replay_input_insert_20260816_033817.json,538,1535,538,1535,,,,,False,True,False,grasp_transition,grasp_transition,False,,,,False,False,False,grasp_transition,grasp_transition,,,,,,,14.473045349121094,1.1327016353607178,0.010736703872680664,0.04862022399902344,0.0,6.318337440490723,12.451241493225098,0,1,moveit_wrapper_v1,12.451241493225098,/home/wei/code/learning_thousand_tasks/demo_library/rollout_trajectories/rollout_insert_20260816_033817.json,/home/wei/code/learning_thousand_tasks/demo_library/rollout_trajectories/insert_replay_input_insert_20260816_033817.json,/home/wei/code/learning_thousand_tasks/demo_library/scene_packages/live_insert_trial_insert_20260816_033817_relation.json,,,,False,False,
2026-08-16 03:39:01,insert_20260816_033848,cylinder_insert_socket,insert the green cylinder into the blue socket,socket__x65_y-0.1_cyl_x075_y0,1,full,target_anchor,bottleneck,stage_replay,failed,False,False,False,motion_planning,moveit_planning_failed,motion_planning_failure,motion_planning_failure,explicit_demo_id,green_cylinder_insert_blue_socket,,,cylinder,"[0.045, 0.045, 0.1]",green_insert_cylinder,"[0.750475399180016, 0.00018117052954991211, """"]","[0.750475399180016, 0.00018117052954991211, 0.5000005976780968]","[0.750475399180016, 0.00018117052954991211, 0.5000005976780968]",gazebo_world_xy_only,base,,,"[0.7468039555338868, -3.765896201378058e-06, -0.432]",0.0036760984655300733,0.0036760984655300733,,xy_base_vs_gazebo_world_model_xy,dual_LangSAM_masks+PointCloud2+TF,base_pointcloud_percentile_box_center_xy,0.7468039555338868,-3.765896201378058e-06,-0.432,,,,blue_insert_socket,"[0.65, -0.1, """"]","[0.65, -0.1, 0.45]","[0.65, -0.1, 0.45]","[0.65, -0.1, 0.45]",gazebo_world_xy_only,base,"[0.6499725022066517, -0.10000818500565582, -0.432]",2.8690119494568288e-05,2.8690119494568288e-05,,xy_base_vs_gazebo_world_model_xy,dual_LangSAM_masks+PointCloud2+TF,base_pointcloud_top_band_circle_fit_xy,,,0.6499725022066517,-0.10000818500565582,-0.432,,,,0.7468039555338868,-3.765896201378058e-06,-0.357,"[0.7468039555338868, -3.765896201378058e-06, -0.357]","[0.697585478667162, 0.0032228071628622444, -0.1469368289744335]",0.6499725022066517,-0.10000818500565582,-0.432,"[0.6499725022066517, -0.10000818500565582, -0.432]","[0.045, 0.045, 0.1]","[0.085, 0.085, 0.1]","[0.055, 0.055]","[0.0, 0.0, 0.0]",,,"["""", """", """"]","["""", """", """"]","["""", """", """"]",,,0.1419259805083932,True,0.004000000000000001,,,True,insertion_trajectory,75,True,/home/wei/code/learning_thousand_tasks/demo_library/rollout_trajectories/insert_grasp_replay_input_insert_20260816_033848.json,538,1535,538,1535,,,,,False,True,False,grasp_transition,grasp_transition,False,,,,False,False,False,grasp_transition,grasp_transition,,,,,,,13.604593753814697,0.7312495708465576,0.0017521381378173828,0.026950597763061523,0.0,6.293749809265137,12.267191171646118,0,1,moveit_wrapper_v1,12.267191171646118,/home/wei/code/learning_thousand_tasks/demo_library/rollout_trajectories/rollout_insert_20260816_033848.json,/home/wei/code/learning_thousand_tasks/demo_library/rollout_trajectories/insert_replay_input_insert_20260816_033848.json,/home/wei/code/learning_thousand_tasks/demo_library/scene_packages/live_insert_trial_insert_20260816_033848_relation.json,,,,False,False,
2026-08-16 03:42:07,insert_20260816_034108,cylinder_insert_socket,insert the green cylinder into the blue socket,socket__x65_y-0.1_cyl_x075_y0,2,full,target_anchor,bottleneck,stage_replay,failed,False,False,False,insertion_execution,insert_execution_failed,insertion_failure,insertion_failure,explicit_demo_id,green_cylinder_insert_blue_socket,,,cylinder,"[0.045, 0.045, 0.1]",green_insert_cylinder,"[0.7501080652208093, 6.786928768639865e-05, """"]","[0.7501080652208093, 6.786928768639865e-05, 0.4999989180021795]","[0.7501080652208093, 6.786928768639865e-05, 0.4999989180021795]",gazebo_world_xy_only,base,,,"[0.7466448927216982, 7.1252069320862366e-06, -0.432]",0.003463705184040078,0.003463705184040078,,xy_base_vs_gazebo_world_model_xy,dual_LangSAM_masks+PointCloud2+TF,base_pointcloud_percentile_box_center_xy,0.7466448927216982,7.1252069320862366e-06,-0.432,,,,blue_insert_socket,"[0.65, -0.1, """"]","[0.65, -0.1, 0.45]","[0.65, -0.1, 0.45]","[0.65, -0.1, 0.45]",gazebo_world_xy_only,base,"[0.6499712222151895, -0.10001205317372933, -0.432]",3.1199998326075986e-05,3.1199998326075986e-05,,xy_base_vs_gazebo_world_model_xy,dual_LangSAM_masks+PointCloud2+TF,base_pointcloud_top_band_circle_fit_xy,,,0.6499712222151895,-0.10001205317372933,-0.432,,,,0.7466448927216982,7.1252069320862366e-06,-0.357,"[0.7466448927216982, 7.1252069320862366e-06, -0.357]","[0.697585478667162, 0.0032228071628622444, -0.1469368289744335]",0.6499712222151895,-0.10001205317372933,-0.432,"[0.6499712222151895, -0.10001205317372933, -0.432]","[0.045, 0.045, 0.1]","[0.085, 0.085, 0.1]","[0.055, 0.055]","[0.0, 0.0, 0.0]",,,"["""", """", """"]","["""", """", """"]","["""", """", """"]",,,0.13522370210773954,True,0.004000000000000001,,,True,insertion_trajectory,75,True,/home/wei/code/learning_thousand_tasks/demo_library/rollout_trajectories/insert_grasp_replay_input_insert_20260816_034108.json,538,1535,538,1535,,,,,False,True,True,grasp_complete,,True,False,insertion_step_f_replay,insertion_step_f_replay,False,False,False,insertion_step_f_replay,insertion_step_f_replay,9.764229783184671e-05,9.476174345421682e-05,4.088114373512752e-05,dwell_only,1.0010000000000048,,60.86406207084656,1.14292311668396,0.005454301834106445,0.028705596923828125,0.0,41.24909710884094,58.80474042892456,0,24,moveit_wrapper_v1,58.80474042892456,/home/wei/code/learning_thousand_tasks/demo_library/rollout_trajectories/rollout_insert_20260816_034108.json,/home/wei/code/learning_thousand_tasks/demo_library/rollout_trajectories/insert_replay_input_insert_20260816_034108.json,/home/wei/code/learning_thousand_tasks/demo_library/scene_packages/live_insert_trial_insert_20260816_034108_relation.json,,,,False,False,
2026-08-16 03:57:23,insert_20260816_035618,cylinder_insert_socket,insert the green cylinder into the blue socket,socket__x75_y0.1_cyl_x085_y0,1,full,target_anchor,bottleneck,stage_replay,failed,False,False,False,insertion_execution,insert_execution_failed,insertion_failure,insertion_failure,explicit_demo_id,green_cylinder_insert_blue_socket,,,cylinder,"[0.045, 0.045, 0.1]",green_insert_cylinder,"[0.8505834281347735, -0.00015946071423621677, """"]","[0.8505834281347735, -0.00015946071423621677, 0.5000005679542397]","[0.8505834281347735, -0.00015946071423621677, 0.5000005679542397]",gazebo_world_xy_only,base,,,"[0.8576138652396973, -0.0009413406001630206, -0.432]",0.00707378131145614,0.00707378131145614,,xy_base_vs_gazebo_world_model_xy,dual_LangSAM_masks+PointCloud2+TF,base_pointcloud_percentile_box_center_xy,0.8576138652396973,-0.0009413406001630206,-0.432,,,,blue_insert_socket,"[0.75, 0.1, """"]","[0.75, 0.1, 0.45]","[0.75, 0.1, 0.45]","[0.75, 0.1, 0.45]",gazebo_world_xy_only,base,"[0.7499716452442171, 0.10000823551823036, -0.432]",2.9526529359709907e-05,2.9526529359709907e-05,,xy_base_vs_gazebo_world_model_xy,dual_LangSAM_masks+PointCloud2+TF,base_pointcloud_top_band_circle_fit_xy,,,0.7499716452442171,0.10000823551823036,-0.432,,,,0.8576138652396973,-0.0009413406001630206,-0.357,"[0.8576138652396973, -0.0009413406001630206, -0.357]","[0.697585478667162, 0.0032228071628622444, -0.1469368289744335]",0.7499716452442171,0.10000823551823036,-0.432,"[0.7499716452442171, 0.10000823551823036, -0.432]","[0.045, 0.045, 0.1]","[0.085, 0.085, 0.1]","[0.055, 0.055]","[0.0, 0.0, 0.0]",,,"["""", """", """"]","["""", """", """"]","["""", """", """"]",,,0.14426629651443215,True,0.004000000000000001,,,True,insertion_trajectory,75,True,/home/wei/code/learning_thousand_tasks/demo_library/rollout_trajectories/insert_grasp_replay_input_insert_20260816_035618.json,493,1308,493,1308,,,,,False,True,True,grasp_complete,,True,False,insertion_step_f_replay,insertion_step_f_replay,False,False,False,insertion_step_f_replay,insertion_step_f_replay,9.764229783184671e-05,9.476174345421682e-05,4.088114373512752e-05,dwell_only,1.0010000000000048,,66.15748286247253,1.1244885921478271,0.0018851757049560547,0.0341038703918457,0.0,46.592657804489136,64.19996118545532,0,24,moveit_wrapper_v1,64.19996118545532,/home/wei/code/learning_thousand_tasks/demo_library/rollout_trajectories/rollout_insert_20260816_035618.json,/home/wei/code/learning_thousand_tasks/demo_library/rollout_trajectories/insert_replay_input_insert_20260816_035618.json,/home/wei/code/learning_thousand_tasks/demo_library/scene_packages/live_insert_trial_insert_20260816_035618_relation.json,,,,False,False,
