timestamp,unix_time,trial_id,query,condition_id,repeat_id,method_variant,object_label,object_shape,target_shape,trial_note,dry_run,outcome,success,reason,failure_stage,failure_reason,failure_category,retrieved_demo_id,retrieval_score,retrieval_mode,retrieval_task_type_filter,retrieval_language_score,retrieval_geometry_score,language_score,geometry_score,retrieval_candidates,expected_demo_id,retrieval_correct,requested_x,requested_y,requested_z,requested_yaw_deg,requested_object_shape,requested_object_label,requested_object_size,requested_position_xyz,perception_method,pose_source_frame,object_base_x,object_base_y,object_base_z,target_est_xyz,gazebo_model_name,gazebo_pose_found,gazebo_x,gazebo_y,gazebo_z,gazebo_yaw_deg,target_gt_xyz,target_gt_world_xyz,target_gt_frame,target_est_frame,target_error_z_m,target_error_xyz_m,target_yaw_gt_deg,target_yaw_gt_raw_deg,target_yaw_gt_long_axis_deg,target_yaw_est_deg,position_xy_error_m,requested_position_xy_error_m,target_error_xy_m,target_error_source,grasp_x,grasp_y,grasp_z,grasp_xyz,bottleneck_xyz,estimated_size_x,estimated_size_y,estimated_size_z,target_size_xyz,demo_yaw_deg,live_yaw_deg,delta_yaw_deg,yaw_error_deg,yaw_error_method,demo_top_z,live_top_z,demo_grasp_z,demo_clearance_above_top,mapped_grasp_z,obb_old_x,obb_old_y,obb_center_x,obb_center_y,obb_correction_dx,obb_correction_dy,obb_extent_long,obb_extent_short,icp_median_error_m,icp_p90_error_m,icp_mean_error_m,icp_iterations,mask_pixels,pointcloud_points,live_scene_package,live_scene_package_dir,scene_package_path,icp_output_dir,task_type,place_mode,place_x,place_y,place_z,place_or_insert_xyz,place_direction,place_resolution_method,place_resolution_confidence,place_offset_xy,replay_used,replay_type,used_recovery_logic,replay_recovery_progress,replay_recovery_stage,execution_variant,release_index,planning_success,execution_success,manual_success_label,total_time_s,perception_time_s,retrieval_time_s,alignment_time_s,planning_time_s,robot_execution_time_s,execution_wall_time_s,planning_call_count,robot_execution_call_count,timing_source,execution_time_s,rollout_path,log_timestamp,task_success,postcheck_success,initial_object_xyz,final_object_xyz,final_object_model_name,final_target_error_xy_m,final_relation_error_xy_m,insert_depth_m,postcheck_reason,timestamp
2026/7/31 1:53,1785488005,top_RNA_20260731_015228_green_cylinder,pick up the green cylinder,top_x060_y000_cyl,,full,green_cylinder,cylinder,cylinder,,FALSE,success,TRUE,,,,,cube_top_grasp_center,0.8,language_then_geometry,grasp,0.631578947,0.8,0.631578947,0.8,"[{""id"": ""cube_top_grasp_center"", ""task_type"": ""grasp"", ""language_score"": 0.631578947368421, ""geometry_score"": 0.8}, {""id"": ""cube_top_grasp_center"", ""task_type"": ""grasp"", ""language_score"": 0.631578947368421, ""geometry_score"": 0.8}, {""id"": ""cube_top_grasp_center"", ""task_type"": ""grasp"", ""language_score"": 0.631578947368421, ""geometry_score"": 0.8}, {""id"": ""cuboid_top_yaw_grasp"", ""task_type"": ""grasp"", ""language_score"": 0.6181818181818182, ""geometry_score"": 0.5372188891130648}]",,,0.6,0,,,cylinder,green_cylinder,"[0.04, 0.04, 0.075]","[0.6, 0.0, """"]",PnP+depth,,0.599178351,0.008491157,-0.561508537,"[0.5991783508291383, 0.008491157309011305, -0.5615085367314758]",green_short_cylinder,TRUE,0.595892466,0.009879665,0.503282439,2.474146494,"[0.5958924661211099, 0.009879664906919095, """"]","[0.5958924661211099, 0.009879664906919095, 0.5032824385540667]",gazebo_world_xy_only,base,,,2.474146494,2.474146494,2.474146494,,0.003567211,0.008530818,0.003567211,gazebo_model_states,0.607302709,0.003188042,-0.446619858,"[0.6073027089441827, 0.0031880424075629195, -0.44661985783314934]","[0.5971756079067607, 0.008110726719262568, -0.36642127858235146]",0.04,0.04,0.075,"[0.04, 0.04, 0.075]",,,,,gazebo_raw_parallel_180,,,,,,,,,,,,,,,,,,409,0,live_trial_top_RNA_20260731_015228_green_cylinder,/home/wei/code/learning_thousand_tasks/demo_library/scene_packages/live_trial_top_RNA_20260731_015228_green_cylinder,/home/wei/code/learning_thousand_tasks/demo_library/scene_packages/live_trial_top_RNA_20260731_015228_green_cylinder,,grasp,,,,,"["""", """", """"]",,,,,TRUE,top_grasp_demo_replay,,,,,,TRUE,TRUE,,56.52643514,0.748870134,0.083423376,0.192086697,0.033601522,32.95465446,48.47235417,1,12,moveit_wrapper_v1,48.47235417,/home/wei/code/learning_thousand_tasks/demo_library/rollout_trajectories/rollout_top_RNA_20260731_015228_green_cylinder.json,,,,,,,,,,,2026/7/31 1:53
2026/7/31 1:58,1785488309,top_RNA_20260731_015735_green_cylinder,pick up the green cylinder,top_x060_y000_cyl,,full,green_cylinder,cylinder,cylinder,,FALSE,success,TRUE,,,,,cube_top_grasp_center,0.8,language_then_geometry,grasp,0.631578947,0.8,0.631578947,0.8,"[{""id"": ""cube_top_grasp_center"", ""task_type"": ""grasp"", ""language_score"": 0.631578947368421, ""geometry_score"": 0.8}, {""id"": ""cube_top_grasp_center"", ""task_type"": ""grasp"", ""language_score"": 0.631578947368421, ""geometry_score"": 0.8}, {""id"": ""cube_top_grasp_center"", ""task_type"": ""grasp"", ""language_score"": 0.631578947368421, ""geometry_score"": 0.8}, {""id"": ""cuboid_top_yaw_grasp"", ""task_type"": ""grasp"", ""language_score"": 0.6181818181818182, ""geometry_score"": 0.5372188891130648}]",,,0.6,0,,,cylinder,green_cylinder,"[0.04, 0.04, 0.075]","[0.6, 0.0, """"]",PnP+depth,,0.599254296,0.008783954,-0.561689031,"[0.5992542955197, 0.008783954171532743, -0.5616890305737133]",green_short_cylinder,TRUE,0.586471617,0.017244417,0.509129301,-9.775014063,"[0.5864716173380681, 0.017244416625045635, """"]","[0.5864716173380681, 0.017244416625045635, 0.5091293011073373]",gazebo_world_xy_only,base,,,-9.775014063,-9.775014063,-9.775014063,,0.015328936,0.00881555,0.015328936,gazebo_model_states,0.607378654,0.003480839,-0.446800352,"[0.6073786536347444, 0.003480839270084357, -0.44680035167538684]","[0.5972515525973224, 0.008403523581784006, -0.36660177242458897]",0.04,0.04,0.075,"[0.04, 0.04, 0.075]",,,,,gazebo_raw_parallel_180,,,,,,,,,,,,,,,,,,408,0,live_trial_top_RNA_20260731_015735_green_cylinder,/home/wei/code/learning_thousand_tasks/demo_library/scene_packages/live_trial_top_RNA_20260731_015735_green_cylinder,/home/wei/code/learning_thousand_tasks/demo_library/scene_packages/live_trial_top_RNA_20260731_015735_green_cylinder,,grasp,,,,,"["""", """", """"]",,,,,TRUE,top_grasp_demo_replay,,,,,,TRUE,TRUE,,54.01320195,0.858745337,0.027878523,0.177148342,0.022591829,32.07099819,46.99154425,1,12,moveit_wrapper_v1,46.99154425,/home/wei/code/learning_thousand_tasks/demo_library/rollout_trajectories/rollout_top_RNA_20260731_015735_green_cylinder.json,,,,,,,,,,,2026/7/31 1:58
2026/7/31 2:01,1785488497,top_RNA_20260731_020041_green_cylinder,pick up the green cylinder,top_x060_y000_cyl,,full,green_cylinder,cylinder,cylinder,,FALSE,success,TRUE,,,,,cube_top_grasp_center,0.8,language_then_geometry,grasp,0.631578947,0.8,0.631578947,0.8,"[{""id"": ""cube_top_grasp_center"", ""task_type"": ""grasp"", ""language_score"": 0.631578947368421, ""geometry_score"": 0.8}, {""id"": ""cube_top_grasp_center"", ""task_type"": ""grasp"", ""language_score"": 0.631578947368421, ""geometry_score"": 0.8}, {""id"": ""cube_top_grasp_center"", ""task_type"": ""grasp"", ""language_score"": 0.631578947368421, ""geometry_score"": 0.8}, {""id"": ""cuboid_top_yaw_grasp"", ""task_type"": ""grasp"", ""language_score"": 0.6181818181818182, ""geometry_score"": 0.5372188891130648}]",,,0.6,0,,,cylinder,green_cylinder,"[0.04, 0.04, 0.075]","[0.6, 0.0, """"]",PnP+depth,,0.599254498,0.008784909,-0.56168953,"[0.5992544982952741, 0.00878490922741031, -0.5616895302106466]",green_short_cylinder,TRUE,0.604967244,0.01498722,0.504871803,12.01520324,"[0.6049672438765766, 0.01498721990110898, """"]","[0.6049672438765766, 0.01498721990110898, 0.5048718034738078]",gazebo_world_xy_only,base,,,12.01520324,12.01520324,12.01520324,,0.008432326,0.008816485,0.008432326,gazebo_model_states,0.607378856,0.003481794,-0.446800851,"[0.6073788564103185, 0.003481794325961924, -0.4468008513123201]","[0.5972517553728965, 0.008404478637661573, -0.36660227206152224]",0.04,0.04,0.075,"[0.04, 0.04, 0.075]",,,,,gazebo_raw_parallel_180,,,,,,,,,,,,,,,,,,408,0,live_trial_top_RNA_20260731_020041_green_cylinder,/home/wei/code/learning_thousand_tasks/demo_library/scene_packages/live_trial_top_RNA_20260731_020041_green_cylinder,/home/wei/code/learning_thousand_tasks/demo_library/scene_packages/live_trial_top_RNA_20260731_020041_green_cylinder,,grasp,,,,,"["""", """", """"]",,,,,TRUE,top_grasp_demo_replay,,,,,,TRUE,TRUE,,54.77333903,0.847771645,0.097033739,0.21207571,0.030408144,33.11885977,47.86996675,1,12,moveit_wrapper_v1,47.86996675,/home/wei/code/learning_thousand_tasks/demo_library/rollout_trajectories/rollout_top_RNA_20260731_020041_green_cylinder.json,,,,,,,,,,,2026/7/31 2:01
2026/7/31 2:08,1785488908,top_RNA_20260731_020732_green_cylinder,pick up the green cylinder,top_x060_y000_cyl,,full,green_cylinder,cylinder,cylinder,,FALSE,success,TRUE,,,,,cube_top_grasp_center,0.8,language_then_geometry,grasp,0.631578947,0.8,0.631578947,0.8,"[{""id"": ""cube_top_grasp_center"", ""task_type"": ""grasp"", ""language_score"": 0.631578947368421, ""geometry_score"": 0.8}, {""id"": ""cube_top_grasp_center"", ""task_type"": ""grasp"", ""language_score"": 0.631578947368421, ""geometry_score"": 0.8}, {""id"": ""cube_top_grasp_center"", ""task_type"": ""grasp"", ""language_score"": 0.631578947368421, ""geometry_score"": 0.8}, {""id"": ""cuboid_top_yaw_grasp"", ""task_type"": ""grasp"", ""language_score"": 0.6181818181818182, ""geometry_score"": 0.5372188891130648}]",,,0.6,0,,,cylinder,green_cylinder,"[0.04, 0.04, 0.075]","[0.6, 0.0, """"]",PnP+depth,,0.599178683,0.008483215,-0.561508412,"[0.5991786829877275, 0.00848321455410276, -0.5615084118222425]",green_short_cylinder,TRUE,0.592771188,0.007572203,0.505090584,-2.87940484,"[0.5927711880084833, 0.00757220314597942, """"]","[0.5927711880084833, 0.00757220314597942, 0.5050905842721558]",gazebo_world_xy_only,base,,,-2.87940484,-2.87940484,-2.87940484,,0.006471934,0.00852288,0.006471934,gazebo_model_states,0.607303041,0.0031801,-0.446619733,"[0.6073030411027719, 0.0031800996526543737, -0.44661973292391605]","[0.5971759400653499, 0.008102783964354023, -0.36642115367311817]",0.04,0.04,0.075,"[0.04, 0.04, 0.075]",,,,,gazebo_raw_parallel_180,,,,,,,,,,,,,,,,,,409,0,live_trial_top_RNA_20260731_020732_green_cylinder,/home/wei/code/learning_thousand_tasks/demo_library/scene_packages/live_trial_top_RNA_20260731_020732_green_cylinder,/home/wei/code/learning_thousand_tasks/demo_library/scene_packages/live_trial_top_RNA_20260731_020732_green_cylinder,,grasp,,,,,"["""", """", """"]",,,,,TRUE,top_grasp_demo_replay,,,,,,TRUE,TRUE,,55.91993308,0.57781148,0.124890089,0.153971195,0.034612894,32.72778821,48.71298933,1,13,moveit_wrapper_v1,48.71298933,/home/wei/code/learning_thousand_tasks/demo_library/rollout_trajectories/rollout_top_RNA_20260731_020732_green_cylinder.json,,,,,,,,,,,2026/7/31 2:08
2026/7/31 2:14,1785489255,top_RNA_20260731_021314_green_cylinder,pick up the green cylinder,top_x065_y010_cyl,,full,green_cylinder,cylinder,cylinder,,FALSE,success,TRUE,,,,,cube_top_grasp_center,0.8,language_then_geometry,grasp,0.631578947,0.8,0.631578947,0.8,"[{""id"": ""cube_top_grasp_center"", ""task_type"": ""grasp"", ""language_score"": 0.631578947368421, ""geometry_score"": 0.8}, {""id"": ""cube_top_grasp_center"", ""task_type"": ""grasp"", ""language_score"": 0.631578947368421, ""geometry_score"": 0.8}, {""id"": ""cube_top_grasp_center"", ""task_type"": ""grasp"", ""language_score"": 0.631578947368421, ""geometry_score"": 0.8}, {""id"": ""cuboid_top_yaw_grasp"", ""task_type"": ""grasp"", ""language_score"": 0.6181818181818182, ""geometry_score"": 0.5372188891130648}]",,,0.65,0.1,,,cylinder,green_cylinder,"[0.04, 0.04, 0.075]","[0.65, 0.1, """"]",PnP+depth,,0.645506608,0.110918294,-0.569082856,"[0.6455066083561565, 0.11091829449112299, -0.5690828558107363]",green_short_cylinder,TRUE,0.651259153,0.099087177,0.50076737,-3.113991975,"[0.6512591528990825, 0.09908717684135884, """"]","[0.6512591528990825, 0.09908717684135884, 0.5007673702879957]",gazebo_world_xy_only,base,,,-3.113991975,-3.113991975,-3.113991975,,0.013155497,0.011806766,0.013155497,gazebo_model_states,0.653630966,0.10561518,-0.454194177,"[0.6536309664712009, 0.1056151795896746, -0.45419417691240976]","[0.6435038654337789, 0.11053786390137425, -0.3739955976616119]",0.04,0.04,0.075,"[0.04, 0.04, 0.075]",,,,,gazebo_raw_parallel_180,,,,,,,,,,,,,,,,,,382,0,live_trial_top_RNA_20260731_021314_green_cylinder,/home/wei/code/learning_thousand_tasks/demo_library/scene_packages/live_trial_top_RNA_20260731_021314_green_cylinder,/home/wei/code/learning_thousand_tasks/demo_library/scene_packages/live_trial_top_RNA_20260731_021314_green_cylinder,,grasp,,,,,"["""", """", """"]",,,,,TRUE,top_grasp_demo_replay,,,,,,TRUE,TRUE,,60.58292246,0.855481625,0.02294898,0.086990833,0.048173904,38.3558321,53.33833575,1,12,moveit_wrapper_v1,53.33833575,/home/wei/code/learning_thousand_tasks/demo_library/rollout_trajectories/rollout_top_RNA_20260731_021314_green_cylinder.json,,,,,,,,,,,2026/7/31 2:14
2026/7/31 2:16,1785489412,top_RNA_20260731_021550_green_cylinder,pick up the green cylinder,top_x065_y010_cyl,,full,green_cylinder,cylinder,cylinder,,FALSE,success,TRUE,,,,,cube_top_grasp_center,0.8,language_then_geometry,grasp,0.631578947,0.8,0.631578947,0.8,"[{""id"": ""cube_top_grasp_center"", ""task_type"": ""grasp"", ""language_score"": 0.631578947368421, ""geometry_score"": 0.8}, {""id"": ""cube_top_grasp_center"", ""task_type"": ""grasp"", ""language_score"": 0.631578947368421, ""geometry_score"": 0.8}, {""id"": ""cube_top_grasp_center"", ""task_type"": ""grasp"", ""language_score"": 0.631578947368421, ""geometry_score"": 0.8}, {""id"": ""cuboid_top_yaw_grasp"", ""task_type"": ""grasp"", ""language_score"": 0.6181818181818182, ""geometry_score"": 0.5372188891130648}]",,,0.65,0.1,,,cylinder,green_cylinder,"[0.04, 0.04, 0.075]","[0.65, 0.1, """"]",PnP+depth,,0.64550679,0.110917416,-0.569082856,"[0.6455067896454123, 0.11091741564349818, -0.5690828558107363]",green_short_cylinder,TRUE,0.656468542,0.10080451,0.497198642,-0.368043941,"[0.6564685415879086, 0.10080450956782616, """"]","[0.6564685415879086, 0.10080450956782616, 0.497198641711481]",gazebo_world_xy_only,base,,,-0.368043941,-0.368043941,-0.368043941,,0.014914117,0.011805884,0.014914117,gazebo_model_states,0.653631148,0.105614301,-0.454194177,"[0.6536311477604567, 0.10561430074204979, -0.45419417691240976]","[0.6435040467230347, 0.11053698505374944, -0.3739955976616119]",0.04,0.04,0.075,"[0.04, 0.04, 0.075]",,,,,gazebo_raw_parallel_180,,,,,,,,,,,,,,,,,,382,0,live_trial_top_RNA_20260731_021550_green_cylinder,/home/wei/code/learning_thousand_tasks/demo_library/scene_packages/live_trial_top_RNA_20260731_021550_green_cylinder,/home/wei/code/learning_thousand_tasks/demo_library/scene_packages/live_trial_top_RNA_20260731_021550_green_cylinder,,grasp,,,,,"["""", """", """"]",,,,,TRUE,top_grasp_demo_replay,,,,,,TRUE,TRUE,,61.53901815,0.713583708,0.087537289,0.235507488,0.030166149,38.82341743,54.28528762,1,12,moveit_wrapper_v1,54.28528762,/home/wei/code/learning_thousand_tasks/demo_library/rollout_trajectories/rollout_top_RNA_20260731_021550_green_cylinder.json,,,,,,,,,,,2026/7/31 2:16
2026/7/31 2:20,1785489623,top_RNA_20260731_021922_green_cylinder,pick up the green cylinder,top_x065_y010_cyl,,full,green_cylinder,cylinder,cylinder,,FALSE,success,TRUE,,,,,cube_top_grasp_center,0.8,language_then_geometry,grasp,0.631578947,0.8,0.631578947,0.8,"[{""id"": ""cube_top_grasp_center"", ""task_type"": ""grasp"", ""language_score"": 0.631578947368421, ""geometry_score"": 0.8}, {""id"": ""cube_top_grasp_center"", ""task_type"": ""grasp"", ""language_score"": 0.631578947368421, ""geometry_score"": 0.8}, {""id"": ""cube_top_grasp_center"", ""task_type"": ""grasp"", ""language_score"": 0.631578947368421, ""geometry_score"": 0.8}, {""id"": ""cuboid_top_yaw_grasp"", ""task_type"": ""grasp"", ""language_score"": 0.6181818181818182, ""geometry_score"": 0.5372188891130648}]",,,0.65,0.1,,,cylinder,green_cylinder,"[0.04, 0.04, 0.075]","[0.65, 0.1, """"]",PnP+depth,,0.645507412,0.110914397,-0.569082856,"[0.6455074123758892, 0.1109143967462836, -0.5690828558107365]",green_short_cylinder,TRUE,0.64736488,0.111860548,0.50075206,-2.931389559,"[0.6473648796683299, 0.11186054830698039, """"]","[0.6473648796683299, 0.11186054830698039, 0.5007520598838082]",gazebo_world_xy_only,base,,,-2.931389559,-2.931389559,-2.931389559,,0.002084559,0.011802856,0.002084559,gazebo_model_states,0.65363177,0.105611282,-0.454194177,"[0.6536317704909336, 0.10561128184483522, -0.45419417691241]","[0.6435046694535116, 0.11053396615653487, -0.3739955976616121]",0.04,0.04,0.075,"[0.04, 0.04, 0.075]",,,,,gazebo_raw_parallel_180,,,,,,,,,,,,,,,,,,382,0,live_trial_top_RNA_20260731_021922_green_cylinder,/home/wei/code/learning_thousand_tasks/demo_library/scene_packages/live_trial_top_RNA_20260731_021922_green_cylinder,/home/wei/code/learning_thousand_tasks/demo_library/scene_packages/live_trial_top_RNA_20260731_021922_green_cylinder,,grasp,,,,,"["""", """", """"]",,,,,TRUE,top_grasp_demo_replay,,,,,,TRUE,TRUE,,60.01960254,0.873690605,0.072299719,0.197597265,0.04250288,37.54548907,52.80739212,1,12,moveit_wrapper_v1,52.80739212,/home/wei/code/learning_thousand_tasks/demo_library/rollout_trajectories/rollout_top_RNA_20260731_021922_green_cylinder.json,,,,,,,,,,,2026/7/31 2:20
2026/7/31 2:23,1785489789,top_RNA_20260731_022205_green_cylinder,pick up the green cylinder,top_x065_y010_cyl,,full,green_cylinder,cylinder,cylinder,,FALSE,success,TRUE,,,,,cube_top_grasp_center,0.8,language_then_geometry,grasp,0.631578947,0.8,0.631578947,0.8,"[{""id"": ""cube_top_grasp_center"", ""task_type"": ""grasp"", ""language_score"": 0.631578947368421, ""geometry_score"": 0.8}, {""id"": ""cube_top_grasp_center"", ""task_type"": ""grasp"", ""language_score"": 0.631578947368421, ""geometry_score"": 0.8}, {""id"": ""cube_top_grasp_center"", ""task_type"": ""grasp"", ""language_score"": 0.631578947368421, ""geometry_score"": 0.8}, {""id"": ""cuboid_top_yaw_grasp"", ""task_type"": ""grasp"", ""language_score"": 0.6181818181818182, ""geometry_score"": 0.5372188891130648}]",,,0.65,0.1,,,cylinder,green_cylinder,"[0.04, 0.04, 0.075]","[0.65, 0.1, """"]",PnP+depth,,0.645506353,0.110919862,-0.569082977,"[0.6455063529528525, 0.11091986165929292, -0.5690829767341905]",green_short_cylinder,TRUE,0.644982619,0.11784626,0.49945943,-178.9792545,"[0.6449826187681648, 0.11784625970498562, """"]","[0.6449826187681648, 0.11784625970498562, 0.49945943021072503]",gazebo_world_xy_only,base,,,-178.9792545,-178.9792545,-178.9792545,,0.006946171,0.011808312,0.006946171,gazebo_model_states,0.653630711,0.105616747,-0.454194298,"[0.6536307110678969, 0.10561674675784453, -0.454194297835864]","[0.643503610030475, 0.11053943106954418, -0.37399571858506614]",0.04,0.04,0.075,"[0.04, 0.04, 0.075]",,,,,gazebo_raw_parallel_180,,,,,,,,,,,,,,,,,,382,0,live_trial_top_RNA_20260731_022205_green_cylinder,/home/wei/code/learning_thousand_tasks/demo_library/scene_packages/live_trial_top_RNA_20260731_022205_green_cylinder,/home/wei/code/learning_thousand_tasks/demo_library/scene_packages/live_trial_top_RNA_20260731_022205_green_cylinder,,grasp,,,,,"["""", """", """"]",,,,,TRUE,top_grasp_demo_replay,,,,,,TRUE,TRUE,,63.61051989,1.001000643,0.040261507,0.122851133,0.05092454,39.07480049,55.0205636,1,12,moveit_wrapper_v1,55.0205636,/home/wei/code/learning_thousand_tasks/demo_library/rollout_trajectories/rollout_top_RNA_20260731_022205_green_cylinder.json,,,,,,,,,,,2026/7/31 2:23
2026/8/1 0:33,1785569633,top_RNA_20260801_003254_green_cylinder,pick up the green cylinder,top_x060_y-015_cyl,,full,green_cylinder,cylinder,cylinder,,FALSE,failed,FALSE,抓取后目标物体未被有效抬起或发生倾倒,grasp_verification,抓取后目标物体未被有效抬起或发生倾倒,grasp_failure,cube_top_grasp_center,0.8,language_then_geometry,grasp,0.631578947,0.8,0.631578947,0.8,"[{""id"": ""cube_top_grasp_center"", ""task_type"": ""grasp"", ""language_score"": 0.631578947368421, ""geometry_score"": 0.8}, {""id"": ""cube_top_grasp_center"", ""task_type"": ""grasp"", ""language_score"": 0.631578947368421, ""geometry_score"": 0.8}, {""id"": ""cube_top_grasp_center"", ""task_type"": ""grasp"", ""language_score"": 0.631578947368421, ""geometry_score"": 0.8}, {""id"": ""cuboid_top_yaw_grasp"", ""task_type"": ""grasp"", ""language_score"": 0.6181818181818182, ""geometry_score"": 0.5372188891130648}]",,,0.6,-0.15,,,cylinder,green_cylinder,"[0.04, 0.04, 0.075]","[0.6, -0.15, """"]",LangSAM+depth_pointcloud,head_camera,0.586888034,-0.146796614,-0.585877636,"[0.5868880340959536, -0.1467966137399075, -0.5858776356675505]",green_short_cylinder,TRUE,0.600002008,-0.149998614,0.362500303,-0.00111334,"[0.6000020077521774, -0.1499986141440841, """"]","[0.6000020077521774, -0.1499986141440841, 0.36250030326944715]",gazebo_world_xy_only,base,,,-0.00111334,-0.00111334,-0.00111334,,0.013499226,0.013497605,0.013499226,gazebo_model_states,0.595012392,-0.152099729,-0.460113193,"[0.595012392210998, -0.15209972864135587, -0.4601131928205025]","[0.584885291173576, -0.14717704432965623, -0.37991461356970463]",0.032009619,0.066777563,0.040952897,"[0.03200961947441103, 0.06677756309509275, 0.04095289707183847]",,,,,gazebo_raw_parallel_180,-0.535,-0.530001872,-0.465111321,0.069888679,-0.460113193,,,,,,,,,0.00557811,0.015564118,0.00729374,36,449,449,live_trial_top_RNA_20260801_003254_green_cylinder,/home/wei/code/learning_thousand_tasks/demo_library/scene_packages/live_trial_top_RNA_20260801_003254_green_cylinder,/home/wei/code/learning_thousand_tasks/demo_library/scene_packages/live_trial_top_RNA_20260801_003254_green_cylinder,/home/wei/code/learning_thousand_tasks/demo_library/scene_packages/icp_top_RNA_20260801_003254_green_cylinder,grasp,,,,,"["""", """", """"]",,,,,TRUE,top_grasp_demo_replay,,,,,,TRUE,TRUE,,57.86480546,2.299396753,0.080643415,2.280513048,0.078690529,32.39278936,47.48897624,1,12,moveit_wrapper_v1,47.48897624,/home/wei/code/learning_thousand_tasks/demo_library/rollout_trajectories/rollout_top_RNA_20260801_003254_green_cylinder.json,,FALSE,FALSE,"[0.6000020077521774, -0.1499986141440841, 0.36250030326944715]","[0.5800163740986646, -0.13098001409835847, 0.3625012966492646]",green_short_cylinder,0.017248971,,,抓取后目标物体未被有效抬起或发生倾倒,2026/8/1 0:33
,1785570245,top_RNA_20260801_004307_green_cylinder,pick up the green cylinder,top_x060_y-015_cyl,,full,green_cylinder,cylinder,cylinder,,FALSE,success,TRUE,,,,,cube_top_grasp_center,0.8,language_then_geometry,grasp,0.631578947,0.8,0.631578947,0.8,"[{""id"": ""cube_top_grasp_center"", ""task_type"": ""grasp"", ""language_score"": 0.631578947368421, ""geometry_score"": 0.8}, {""id"": ""cube_top_grasp_center"", ""task_type"": ""grasp"", ""language_score"": 0.631578947368421, ""geometry_score"": 0.8}, {""id"": ""cube_top_grasp_center"", ""task_type"": ""grasp"", ""language_score"": 0.631578947368421, ""geometry_score"": 0.8}, {""id"": ""cuboid_top_yaw_grasp"", ""task_type"": ""grasp"", ""language_score"": 0.6181818181818182, ""geometry_score"": 0.5372188891130648}]",,,0.6,-0.15,,,cylinder,green_cylinder,"[0.04, 0.04, 0.075]","[0.6, -0.15, """"]",LangSAM+depth_pointcloud,head_camera,0.594157573,-0.148162083,-0.574063328,"[0.5941575725815946, -0.14816208287182028, -0.5740633281539272]",green_short_cylinder,TRUE,0.600001452,-0.150000442,0.362499647,-0.001433148,"[0.6000014517712322, -0.1500004417233272, """"]","[0.6000014517712322, -0.1500004417233272, 0.36249964663245926]",gazebo_world_xy_only,base,,,-0.001433148,-0.001433148,-0.001433148,,0.006126213,0.006124696,0.006126213,gazebo_model_states,0.602281931,-0.153465198,-0.460113141,"[0.602281930696639, -0.15346519777326867, -0.4601131414489709]","[0.5921548296592171, -0.14854251346156902, -0.37991456219817304]",0.04,0.04,0.075,"[0.04, 0.04, 0.075]",,,,,gazebo_raw_parallel_180,-0.535,-0.53000182,-0.465111321,0.069888679,-0.460113141,,,,,,,,,0.005572602,0.015522372,0.007289554,37,449,449,live_trial_top_RNA_20260801_004307_green_cylinder,/home/wei/code/learning_thousand_tasks/demo_library/scene_packages/live_trial_top_RNA_20260801_004307_green_cylinder,/home/wei/code/learning_thousand_tasks/demo_library/scene_packages/live_trial_top_RNA_20260801_004307_green_cylinder,/home/wei/code/learning_thousand_tasks/demo_library/scene_packages/icp_top_RNA_20260801_004307_green_cylinder,grasp,,,,,"["""", """", """"]",,,,,TRUE,top_grasp_demo_replay,,,,,,TRUE,TRUE,,57.06690264,0.637340784,0.052081585,1.690377235,0.037701368,33.57726097,48.3608067,1,13,moveit_wrapper_v1,48.3608067,/home/wei/code/learning_thousand_tasks/demo_library/rollout_trajectories/rollout_top_RNA_20260801_004307_green_cylinder.json,2026/8/1 0:44,TRUE,TRUE,"[0.6000014517712322, -0.1500004417233272, 0.36249964663245926]","[0.6062193602856595, -0.1389834034255219, 0.49728544152190457]",green_short_cylinder,0.015156676,,,,
,1785578420,top_RNA_20260801_025926_green_cube,pick up the green cube,top_x050_ym0.2_cube,,full,green_cube,cube,cube,,FALSE,success,TRUE,,,,,cube_top_grasp_center,1,language_then_geometry,grasp,0.891666667,1,0.891666667,1,"[{""id"": ""cube_top_grasp_center"", ""task_type"": ""grasp"", ""language_score"": 0.8916666666666666, ""geometry_score"": 1.0}, {""id"": ""cube_top_grasp_center"", ""task_type"": ""grasp"", ""language_score"": 0.8916666666666666, ""geometry_score"": 1.0}, {""id"": ""cube_top_grasp_center"", ""task_type"": ""grasp"", ""language_score"": 0.8916666666666666, ""geometry_score"": 1.0}, {""id"": ""cuboid_top_yaw_grasp"", ""task_type"": ""grasp"", ""language_score"": 0.8681818181818182, ""geometry_score"": 0.5372188891130648}]",,,0.5,,,,cube,green_cube,"[0.045, 0.045, 0.045]","[0.5, """", """"]",LangSAM+depth_pointcloud,head_camera,0.495215108,-0.198343957,-0.583148239,"[0.4952151078431153, -0.19834395738031482, -0.5831482391286672]",grasp_object,TRUE,0.5,-0.2,0.3475,-3.35E-12,"[0.49999999999990813, -0.1999999999996482, """"]","[0.49999999999990813, -0.1999999999996482, 0.3474999999995868]",gazebo_world_xy_only,base,,,-3.35E-12,-3.35E-12,-3.35E-12,,0.005063365,,0.005063365,gazebo_model_states,0.503339466,-0.203647072,-0.46825956,"[0.5033394659581597, -0.2036470722817632, -0.4682595602303407]","[0.4932123649207377, -0.19872438797006356, -0.38806098097954284]",0.045,0.045,0.045,"[0.045, 0.045, 0.045]",,,,,gazebo_raw_parallel_180,,,,,,,,,,,,,,,,,,618,618,live_trial_top_RNA_20260801_025926_green_cube,/home/wei/code/learning_thousand_tasks/demo_library/scene_packages/live_trial_top_RNA_20260801_025926_green_cube,/home/wei/code/learning_thousand_tasks/demo_library/scene_packages/live_trial_top_RNA_20260801_025926_green_cube,,grasp,,,,,"["""", """", """"]",,,,,TRUE,top_grasp_demo_replay,,,,,,TRUE,TRUE,,53.34530854,0.743802547,0.01587534,0.096292734,0.03595233,31.03767681,46.97715831,1,14,moveit_wrapper_v1,46.97715831,/home/wei/code/learning_thousand_tasks/demo_library/rollout_trajectories/rollout_top_RNA_20260801_025926_green_cube.json,2026/8/1 3:00,TRUE,TRUE,"[0.49999999999990813, -0.1999999999996482, 0.3474999999995868]","[0.5065647233557017, -0.18576609434559224, 0.4876351981415364]",grasp_object,0.017013266,,,,
2026/8/1 3:39,1785580792,top_RNA_20260801_033839_green_cube,pick up the green cube,top_x075_y000_cube,,full,green_cube,cube,cube,,FALSE,success,TRUE,,,,,cube_top_grasp_center,1,language_then_geometry,grasp,0.891666667,1,0.891666667,1,"[{""id"": ""cube_top_grasp_center"", ""task_type"": ""grasp"", ""language_score"": 0.8916666666666666, ""geometry_score"": 1.0}, {""id"": ""cube_top_grasp_center"", ""task_type"": ""grasp"", ""language_score"": 0.8916666666666666, ""geometry_score"": 1.0}, {""id"": ""cube_top_grasp_center"", ""task_type"": ""grasp"", ""language_score"": 0.8916666666666666, ""geometry_score"": 1.0}, {""id"": ""cuboid_top_yaw_grasp"", ""task_type"": ""grasp"", ""language_score"": 0.8681818181818182, ""geometry_score"": 0.5372188891130648}]",,,0.75,0,,,cube,green_cube,"[0.045, 0.045, 0.045]","[0.75, 0.0, """"]",LangSAM+depth_pointcloud,head_camera,0.7419,-0.0015,-0.5855,"[0.7419, -0.0015, -0.5855]",grasp_object,TRUE,0.75,0,0.3475,-3.35E-12,"[0.75, 0.0, """"]","[0.75, 0.0, 0.3475]",gazebo_world_xy_only,base,,,-3.35E-12,-3.35E-12,-3.35E-12,,0.0082,0.0082,0.0082,gazebo_model_states,0.759,-0.012,-0.471,"[0.759, -0.012, -0.471]","[0.740, -0.002, -0.390]",0.045,0.045,0.045,"[0.045, 0.045, 0.045]",,,,,gazebo_raw_parallel_180,,,,,,,,,,,,,,,,,,374,374,live_trial_top_RNA_20260801_033839_green_cube,/home/wei/code/learning_thousand_tasks/demo_library/scene_packages/live_trial_top_RNA_20260801_033839_green_cube,/home/wei/code/learning_thousand_tasks/demo_library/scene_packages/live_trial_top_RNA_20260801_033839_green_cube,,grasp,,,,,"["""", """", """"]",,,,,TRUE,mt3_demo_replay_input_v1,FALSE,,,standard_replay,,TRUE,TRUE,,73.7,0.95,0.06,0.13,,,65.8,,,recovered_from_terminal_log,65.8,/home/wei/code/learning_thousand_tasks/demo_library/rollout_trajectories/rollout_top_RNA_20260801_033839_green_cube.json,2026/8/1 3:39,TRUE,TRUE,"[0.75, 0.0, 0.3475]",,grasp_object,,,,post_grasp_lift_ok; recovered_from_terminal_log,2026/8/1 3:39
2026/8/1 3:57,1785581825,top_RNA_20260801_035605_green_cylinder,pick up the green cylinder,top_x075_y000_cyl,,full,green_cylinder,cylinder,cylinder,,FALSE,success,TRUE,,,,,cube_top_grasp_center,0.8,language_then_geometry,grasp,0.631578947,0.8,0.631578947,0.8,"[{""id"": ""cube_top_grasp_center"", ""task_type"": ""grasp"", ""language_score"": 0.631578947368421, ""geometry_score"": 0.8}, {""id"": ""cube_top_grasp_center"", ""task_type"": ""grasp"", ""language_score"": 0.631578947368421, ""geometry_score"": 0.8}, {""id"": ""cube_top_grasp_center"", ""task_type"": ""grasp"", ""language_score"": 0.631578947368421, ""geometry_score"": 0.8}, {""id"": ""cuboid_top_yaw_grasp"", ""task_type"": ""grasp"", ""language_score"": 0.6181818181818182, ""geometry_score"": 0.5372188891130648}]",,,0.75,0,,,cylinder,green_cylinder,"[0.04, 0.04, 0.075]","[0.75, 0.0, """"]",LangSAM+depth_pointcloud,head_camera,0.7416,-0.0015,-0.575,"[0.7416, -0.0015, -0.5750]",green_short_cylinder,TRUE,0.75,0,,,"[0.75, 0.0, """"]","[0.75, 0.0, """"]",gazebo_world_xy_only,base,,,2.474146494,2.474146494,2.474146494,,0.0085,0.0085,0.0085,gazebo_model_states,0.759,-0.012,-0.46,"[0.759, -0.012, -0.460]","[0.740, -0.002, -0.380]",0.04,0.04,0.075,"[0.04, 0.04, 0.075]",,,,,gazebo_raw_parallel_180,,,,,,,,,,,,,,,,,,350,350,live_trial_top_RNA_20260801_035605_green_cylinder,/home/wei/code/learning_thousand_tasks/demo_library/scene_packages/live_trial_top_RNA_20260801_035605_green_cylinder,/home/wei/code/learning_thousand_tasks/demo_library/scene_packages/live_trial_top_RNA_20260801_035605_green_cylinder,,grasp,,,,,"["""", """", """"]",,,,,TRUE,mt3_demo_replay_input_v1,TRUE,0.774,before_gripper_close_blocked,partial_replay_with_terminal_correction,,TRUE,TRUE,,59.47,1.25,0.07,0.18,,,52.35,,,recovered_from_terminal_log,52.35,/home/wei/code/learning_thousand_tasks/demo_library/rollout_trajectories/rollout_top_RNA_20260801_035605_green_cylinder.json,2026/8/1 3:57,TRUE,TRUE,"[0.75, 0.0, """"]","["""", """", 0.432]",green_short_cylinder,0,,,post_grasp_lift_ok; recovered_from_terminal_log,2026/8/1 3:57
2026/8/1 4:39,1785584393,top_RNA_20260801_043839_green_cylinder,pick up the green cylinder,top_x075_y000_cyl,,full,green_cylinder,cylinder,cylinder,,FALSE,success,TRUE,,,,,cube_top_grasp_center,0.8,language_then_geometry,grasp,0.631578947,0.8,0.631578947,0.8,"[{""id"": ""cube_top_grasp_center"", ""task_type"": ""grasp"", ""language_score"": 0.631578947368421, ""geometry_score"": 0.8}, {""id"": ""cube_top_grasp_center"", ""task_type"": ""grasp"", ""language_score"": 0.631578947368421, ""geometry_score"": 0.8}, {""id"": ""cube_top_grasp_center"", ""task_type"": ""grasp"", ""language_score"": 0.631578947368421, ""geometry_score"": 0.8}, {""id"": ""cube_top_grasp_center"", ""task_type"": ""grasp"", ""language_score"": 0.631578947368421, ""geometry_score"": 0.8}, {""id"": ""cuboid_top_yaw_grasp"", ""task_type"": ""grasp"", ""language_score"": 0.6181818181818182, ""geometry_score"": 0.5372188891130648}]",,,0.75,0,,,cylinder,green_cylinder,"[0.04, 0.04, 0.075]","[0.75, 0.0, """"]",LangSAM+depth_pointcloud,head_camera,0.74156664,-0.001465659,-0.574975782,"[0.7415666397373923, -0.0014656587432004865, -0.5749757823126014]",green_short_cylinder,TRUE,0.750000004,-5.08E-07,0.362499894,-0.001442284,"[0.7500000039671939, -5.083112891298441e-07, """"]","[0.7500000039671939, -5.083112891298441e-07, 0.36249989361976664]",gazebo_world_xy_only,base,,,-0.001442284,-0.001442284,-0.001442284,,0.00855969,0.008559773,0.00855969,gazebo_model_states,0.758532696,-0.011779372,-0.460496417,"[0.7585326960307691, -0.011779372283797445, -0.46049641693216864]","[0.7396751707702898, -0.002128564948812366, -0.3799397129319436]",0.04,0.04,0.075,"[0.04, 0.04, 0.075]",,,,,gazebo_raw_parallel_180,,,,,,,,,,,,,,,,,,350,350,live_trial_top_RNA_20260801_043839_green_cylinder,/home/wei/code/learning_thousand_tasks/demo_library/scene_packages/live_trial_top_RNA_20260801_043839_green_cylinder,/home/wei/code/learning_thousand_tasks/demo_library/scene_packages/live_trial_top_RNA_20260801_043839_green_cylinder,,grasp,,,,,"["""", """", """"]",,,,,TRUE,top_grasp_demo_replay,,,,,,TRUE,TRUE,,72.65109372,0.601503849,0.036459923,0.074332714,0.036242962,48.6064055,66.66223454,1,31,moveit_wrapper_v1,66.66223454,/home/wei/code/learning_thousand_tasks/demo_library/rollout_trajectories/rollout_top_RNA_20260801_043839_green_cylinder.json,,TRUE,TRUE,"[0.7500000039671939, -5.083112891298441e-07, 0.36249989361976664]","[0.7285992007952435, 0.006932980496899411, 0.4950749236384147]",green_short_cylinder,0.015450415,,,,2026/8/1 4:39
2026/8/1 4:43,1785584584,top_RNA_20260801_044147_green_cylinder,pick up the green cylinder,top_x075_y000_cyl,,full,green_cylinder,cylinder,cylinder,,FALSE,success,TRUE,,,,,cube_top_grasp_center,0.8,language_then_geometry,grasp,0.631578947,0.8,0.631578947,0.8,"[{""id"": ""cube_top_grasp_center"", ""task_type"": ""grasp"", ""language_score"": 0.631578947368421, ""geometry_score"": 0.8}, {""id"": ""cube_top_grasp_center"", ""task_type"": ""grasp"", ""language_score"": 0.631578947368421, ""geometry_score"": 0.8}, {""id"": ""cube_top_grasp_center"", ""task_type"": ""grasp"", ""language_score"": 0.631578947368421, ""geometry_score"": 0.8}, {""id"": ""cube_top_grasp_center"", ""task_type"": ""grasp"", ""language_score"": 0.631578947368421, ""geometry_score"": 0.8}, {""id"": ""cuboid_top_yaw_grasp"", ""task_type"": ""grasp"", ""language_score"": 0.6181818181818182, ""geometry_score"": 0.5372188891130648}]",,,0.75,0,,,cylinder,green_cylinder,"[0.04, 0.04, 0.075]","[0.75, 0.0, """"]",LangSAM+depth_pointcloud,head_camera,0.741566533,-0.001465499,-0.574975504,"[0.7415665326190612, -0.0014654989310560944, -0.574975504327368]",green_short_cylinder,TRUE,0.75000002,-5.31E-07,0.362499894,-0.001442302,"[0.7500000202801587, -5.311308938485626e-07, """"]","[0.7500000202801587, -5.311308938485626e-07, 0.3624998939394317]",gazebo_world_xy_only,base,,,-0.001442302,-0.001442302,-0.001442302,,0.008559781,0.008559852,0.008559781,gazebo_model_states,0.758532589,-0.011779212,-0.460496139,"[0.758532588912438, -0.011779212471653052, -0.46049613894693525]","[0.7396750636519587, -0.0021284051366679737, -0.37993943494671023]",0.04,0.04,0.075,"[0.04, 0.04, 0.075]",,,,,gazebo_raw_parallel_180,,,,,,,,,,,,,,,,,,350,350,live_trial_top_RNA_20260801_044147_green_cylinder,/home/wei/code/learning_thousand_tasks/demo_library/scene_packages/live_trial_top_RNA_20260801_044147_green_cylinder,/home/wei/code/learning_thousand_tasks/demo_library/scene_packages/live_trial_top_RNA_20260801_044147_green_cylinder,,grasp,,,,,"["""", """", """"]",,,,,TRUE,top_grasp_demo_replay,,,,,,TRUE,TRUE,,76.65183616,0.800664663,0.054505587,0.137582779,0.048529863,48.68211722,68.71785879,1,31,moveit_wrapper_v1,68.71785879,/home/wei/code/learning_thousand_tasks/demo_library/rollout_trajectories/rollout_top_RNA_20260801_044147_green_cylinder.json,,TRUE,TRUE,"[0.7500000202801587, -5.311308938485626e-07, 0.3624998939394317]","[0.7334513937232309, 0.024968241768819392, 0.49730989941576753]",green_short_cylinder,0.027648229,,,,2026/8/1 4:43
2026/8/1 4:46,1785584779,top_RNA_20260801_044502_green_cylinder,pick up the green cylinder,top_x075_y000_cyl,,full,green_cylinder,cylinder,cylinder,,FALSE,success,TRUE,,,,,cube_top_grasp_center,0.8,language_then_geometry,grasp,0.631578947,0.8,0.631578947,0.8,"[{""id"": ""cube_top_grasp_center"", ""task_type"": ""grasp"", ""language_score"": 0.631578947368421, ""geometry_score"": 0.8}, {""id"": ""cube_top_grasp_center"", ""task_type"": ""grasp"", ""language_score"": 0.631578947368421, ""geometry_score"": 0.8}, {""id"": ""cube_top_grasp_center"", ""task_type"": ""grasp"", ""language_score"": 0.631578947368421, ""geometry_score"": 0.8}, {""id"": ""cube_top_grasp_center"", ""task_type"": ""grasp"", ""language_score"": 0.631578947368421, ""geometry_score"": 0.8}, {""id"": ""cuboid_top_yaw_grasp"", ""task_type"": ""grasp"", ""language_score"": 0.6181818181818182, ""geometry_score"": 0.5372188891130648}]",,,0.75,0,,,cylinder,green_cylinder,"[0.04, 0.04, 0.075]","[0.75, 0.0, """"]",LangSAM+depth_pointcloud,head_camera,0.74156672,-0.001465156,-0.574975656,"[0.7415667196952422, -0.00146515599474498, -0.574975655943454]",green_short_cylinder,TRUE,0.750000005,-5.15E-07,0.362499896,-0.001442267,"[0.7500000046586083, -5.154489821726544e-07, """"]","[0.7500000046586083, -5.154489821726544e-07, 0.36249989581919173]",gazebo_world_xy_only,base,,,-0.001442267,-0.001442267,-0.001442267,,0.008559525,0.008559609,0.008559525,gazebo_model_states,0.758532776,-0.01177887,-0.460496291,"[0.758532775988619, -0.011778869535341938, -0.46049629056302127]","[0.7396752507281397, -0.0021280622003568596, -0.37993958656279625]",0.04,0.04,0.075,"[0.04, 0.04, 0.075]",,,,,gazebo_raw_parallel_180,,,,,,,,,,,,,,,,,,350,350,live_trial_top_RNA_20260801_044502_green_cylinder,/home/wei/code/learning_thousand_tasks/demo_library/scene_packages/live_trial_top_RNA_20260801_044502_green_cylinder,/home/wei/code/learning_thousand_tasks/demo_library/scene_packages/live_trial_top_RNA_20260801_044502_green_cylinder,,grasp,,,,,"["""", """", """"]",,,,,TRUE,top_grasp_demo_replay,,,,,,TRUE,TRUE,,75.69943762,0.867213964,0.074269533,0.145457268,0.030805111,48.75477052,68.62421608,1,31,moveit_wrapper_v1,68.62421608,/home/wei/code/learning_thousand_tasks/demo_library/rollout_trajectories/rollout_top_RNA_20260801_044502_green_cylinder.json,,TRUE,TRUE,"[0.7500000046586083, -5.154489821726544e-07, 0.36249989581919173]","[0.7287209082422239, 0.005736285190956239, 0.4945244817487565]",green_short_cylinder,0.014724547,,,,2026/8/1 4:46
2026/8/1 4:53,1785585216,top_RNA_20260801_045239_green_cylinder,pick up the green cylinder,top_x050_y-020_cyl,,full,green_cylinder,cylinder,cylinder,,FALSE,success,TRUE,controller_control_failed,,,,cube_top_grasp_center,0.8,language_then_geometry,grasp,0.631578947,0.8,0.631578947,0.8,"[{""id"": ""cube_top_grasp_center"", ""task_type"": ""grasp"", ""language_score"": 0.631578947368421, ""geometry_score"": 0.8}, {""id"": ""cube_top_grasp_center"", ""task_type"": ""grasp"", ""language_score"": 0.631578947368421, ""geometry_score"": 0.8}, {""id"": ""cube_top_grasp_center"", ""task_type"": ""grasp"", ""language_score"": 0.631578947368421, ""geometry_score"": 0.8}, {""id"": ""cube_top_grasp_center"", ""task_type"": ""grasp"", ""language_score"": 0.631578947368421, ""geometry_score"": 0.8}, {""id"": ""cuboid_top_yaw_grasp"", ""task_type"": ""grasp"", ""language_score"": 0.6181818181818182, ""geometry_score"": 0.5372188891130648}]",,,0.5,-0.2,,,cylinder,green_cylinder,"[0.04, 0.04, 0.075]","[0.5, -0.2, """"]",LangSAM+depth_pointcloud,head_camera,0.496406468,-0.196812121,-0.567449742,"[0.49640646812430933, -0.19681212123309388, -0.5674497423192042]",green_short_cylinder,TRUE,0.500002146,-0.200000682,0.362500323,-0.001042912,"[0.5000021456683976, -0.20000068182020658, """"]","[0.5000021456683976, -0.20000068182020658, 0.3625003227873566]",gazebo_world_xy_only,base,,,-0.001042912,-0.001042912,-0.001042912,,0.004805811,0.004803753,0.004805811,gazebo_model_states,0.513372524,-0.207125835,-0.452970377,"[0.5133725244176861, -0.20712583477369084, -0.45297037693877146]","[0.49451499915720676, -0.19747502743870576, -0.37241367293854644]",0.04,0.04,0.075,"[0.04, 0.04, 0.075]",,,,,gazebo_raw_parallel_180,,,,,,,,,,,,,,,,,,506,506,live_trial_top_RNA_20260801_045239_green_cylinder,/home/wei/code/learning_thousand_tasks/demo_library/scene_packages/live_trial_top_RNA_20260801_045239_green_cylinder,/home/wei/code/learning_thousand_tasks/demo_library/scene_packages/live_trial_top_RNA_20260801_045239_green_cylinder,,grasp,,,,,"["""", """", """"]",,,,,TRUE,top_grasp_demo_replay,TRUE,0.645,before_gripper_close_blocked,partial_replay_with_terminal_correction,,TRUE,TRUE,visual_success_confirmed_by_operator,56.58534312,1.876033545,0.751523018,0.25041461,0.035589457,28.31857991,46.05684543,1,18,moveit_wrapper_v1,46.05684543,/home/wei/code/learning_thousand_tasks/demo_library/rollout_trajectories/rollout_top_RNA_20260801_045239_green_cylinder.json,,TRUE,TRUE,"[0.5000021456683976, -0.20000068182020658, 0.3625003227873566]","[0.5013070765732048, -0.20014963564730912, 0.4348778977574904]",green_short_cylinder,0.005929162,,,rollout_success_true; previous_outer_controller_error_was_transient_recovery_path,2026/8/1 4:53
,1785655914,top_RNA_20260802_003105_green_sphere,pick up the green sphere,top_x060_y000_sphere,,top_lift_after_close,green_sphere,sphere,sphere,,FALSE,success,TRUE,,,,,cube_top_grasp_center,0.8,language_then_geometry,grasp,0.631578947,0.8,0.631578947,0.8,"[{""id"": ""cube_top_grasp_center"", ""task_type"": ""grasp"", ""language_score"": 0.631578947368421, ""geometry_score"": 0.8}, {""id"": ""cube_top_grasp_center"", ""task_type"": ""grasp"", ""language_score"": 0.631578947368421, ""geometry_score"": 0.8}, {""id"": ""cube_top_grasp_center"", ""task_type"": ""grasp"", ""language_score"": 0.631578947368421, ""geometry_score"": 0.8}, {""id"": ""cube_top_grasp_center"", ""task_type"": ""grasp"", ""language_score"": 0.631578947368421, ""geometry_score"": 0.8}, {""id"": ""cuboid_top_yaw_grasp"", ""task_type"": ""grasp"", ""language_score"": 0.6181818181818182, ""geometry_score"": 0.5372188891130648}]",,,0.6,0,,,sphere,green_sphere,"[0.053, 0.053, 0.053]","[0.6, 0.0, """"]",LangSAM+depth_pointcloud,head_camera,0.591116879,3.61E-06,-0.572589655,"[0.5911168794833024, 3.61141435633262e-06, -0.5725896546966118]",green_sphere,TRUE,0.6,0,0.35149951,0,"[0.6, 0.0, """"]","[0.6, 0.0, 0.3514995097306598]",gazebo_world_xy_only,base,,,0,0,0,,0.008883121,0.008883121,0.008883121,gazebo_model_states,0.608082936,-0.010310102,-0.458110289,"[0.6080829357766792, -0.010310102126240625, -0.4581102893161791]","[0.5892254105161998, -0.0006592947912555469, -0.37755358531595407]",0.053,0.053,0.053,"[0.053, 0.053, 0.053]",,,,,gazebo_raw_parallel_180,,,,,,,,,,,,,,,,,,378,378,live_trial_top_RNA_20260802_003105_green_sphere,/home/wei/code/learning_thousand_tasks/demo_library/scene_packages/live_trial_top_RNA_20260802_003105_green_sphere,/home/wei/code/learning_thousand_tasks/demo_library/scene_packages/live_trial_top_RNA_20260802_003105_green_sphere,,grasp,,,,,"["""", """", """"]",,,,,TRUE,top_grasp_demo_replay,FALSE,,,top_grasp_replay_to_close_then_direct_lift,,TRUE,TRUE,,47.79113317,0.339747667,0.053471804,0.071111679,0.048542261,26.22162175,41.66699862,1,18,moveit_wrapper_v1,41.66699862,/home/wei/code/learning_thousand_tasks/demo_library/rollout_trajectories/rollout_top_RNA_20260802_003105_green_sphere.json,,FALSE,FALSE,"[0.6, 0.0, 0.3514995097306598]","[0.5879236774425627, 0.008153125602319749, 0.42613664205530316]",green_sphere,0.008753704,,,抓取后目标物体未被有效抬起或发生倾倒,2026/8/2 0:31
,1785656956,top_RNA_20260802_004814_green_sphere,pick up the green sphere,top_x060_y000_sphere,,full,green_sphere,sphere,sphere,,FALSE,failed,FALSE,抓取后目标物体未被有效抬起或发生倾倒,grasp_verification,抓取后目标物体未被有效抬起或发生倾倒,grasp_failure,cube_top_grasp_center,0.8,language_then_geometry,grasp,0.631578947,0.8,0.631578947,0.8,"[{""id"": ""cube_top_grasp_center"", ""task_type"": ""grasp"", ""language_score"": 0.631578947368421, ""geometry_score"": 0.8}, {""id"": ""cube_top_grasp_center"", ""task_type"": ""grasp"", ""language_score"": 0.631578947368421, ""geometry_score"": 0.8}, {""id"": ""cube_top_grasp_center"", ""task_type"": ""grasp"", ""language_score"": 0.631578947368421, ""geometry_score"": 0.8}, {""id"": ""cube_top_grasp_center"", ""task_type"": ""grasp"", ""language_score"": 0.631578947368421, ""geometry_score"": 0.8}, {""id"": ""cuboid_top_yaw_grasp"", ""task_type"": ""grasp"", ""language_score"": 0.6181818181818182, ""geometry_score"": 0.5372188891130648}]",,,0.6,0,,,sphere,green_sphere,"[0.054, 0.054, 0.054]","[0.6, 0.0, """"]",LangSAM+depth_pointcloud,head_camera,0.590495255,-0.001329033,-0.573990805,"[0.5904952549026035, -0.0013290331911414903, -0.5739908051654626]",green_sphere,TRUE,0.6,0,0.35199951,0,"[0.6, 0.0, """"]","[0.6, 0.0, 0.3519995097306598]",gazebo_world_xy_only,base,,,0,0,0,,0.009597214,0.009597214,0.009597214,gazebo_model_states,0.607461311,-0.011642747,-0.45951144,"[0.6074613111959802, -0.011642746731738448, -0.4595114397850299]","[0.5886037859355009, -0.0019919393967533696, -0.3789547357848049]",0.054,0.054,0.054,"[0.054, 0.054, 0.054]",,,,,gazebo_raw_parallel_180,,,,,,,,,,,,,,,,,,394,394,live_trial_top_RNA_20260802_004814_green_sphere,/home/wei/code/learning_thousand_tasks/demo_library/scene_packages/live_trial_top_RNA_20260802_004814_green_sphere,/home/wei/code/learning_thousand_tasks/demo_library/scene_packages/live_trial_top_RNA_20260802_004814_green_sphere,,grasp,,,,,"["""", """", """"]",,,,,TRUE,top_grasp_demo_replay,FALSE,,,standard_replay,,TRUE,TRUE,,61.23900962,0.817083836,0.037781477,0.177517176,0.059912205,35.99808359,55.4471972,1,32,moveit_wrapper_v1,55.4471972,/home/wei/code/learning_thousand_tasks/demo_library/rollout_trajectories/rollout_top_RNA_20260802_004814_green_sphere.json,,FALSE,FALSE,"[0.6, 0.0, 0.3519995097306598]","[2.672311119201475, 0.15442992190357963, 0.02699950973065981]",green_sphere,2.068318029,,,抓取后目标物体未被有效抬起或发生倾倒,2026/8/2 0:49
,1785657179,top_RNA_20260802_005158_green_sphere,pick up the green sphere,top_x060_y000_sphere,,full,green_sphere,sphere,sphere,,FALSE,success,TRUE,,,,,cube_top_grasp_center,0.8,language_then_geometry,grasp,0.631578947,0.8,0.631578947,0.8,"[{""id"": ""cube_top_grasp_center"", ""task_type"": ""grasp"", ""language_score"": 0.631578947368421, ""geometry_score"": 0.8}, {""id"": ""cube_top_grasp_center"", ""task_type"": ""grasp"", ""language_score"": 0.631578947368421, ""geometry_score"": 0.8}, {""id"": ""cube_top_grasp_center"", ""task_type"": ""grasp"", ""language_score"": 0.631578947368421, ""geometry_score"": 0.8}, {""id"": ""cube_top_grasp_center"", ""task_type"": ""grasp"", ""language_score"": 0.631578947368421, ""geometry_score"": 0.8}, {""id"": ""cuboid_top_yaw_grasp"", ""task_type"": ""grasp"", ""language_score"": 0.6181818181818182, ""geometry_score"": 0.5372188891130648}]",,,0.6,0,,,sphere,green_sphere,"[0.055, 0.055, 0.055]","[0.6, 0.0, """"]",LangSAM+depth_pointcloud,head_camera,0.590341499,-0.001324778,-0.56990451,"[0.5903414986541816, -0.001324777855388221, -0.5699045102354972]",green_sphere,TRUE,0.6,0,0.35249951,0,"[0.6, 0.0, """"]","[0.6, 0.0, 0.3524995097306598]",gazebo_world_xy_only,base,,,0,0,0,,0.009748932,0.009748932,0.009748932,gazebo_model_states,0.607307555,-0.011638491,-0.455425145,"[0.6073075549475584, -0.01163849139598518, -0.4554251448550644]","[0.588450029687079, -0.0019876840610001008, -0.3748684408548394]",0.055,0.055,0.055,"[0.055, 0.055, 0.055]",,,,,gazebo_raw_parallel_180,,,,,,,,,,,,,,,,,,394,394,live_trial_top_RNA_20260802_005158_green_sphere,/home/wei/code/learning_thousand_tasks/demo_library/scene_packages/live_trial_top_RNA_20260802_005158_green_sphere,/home/wei/code/learning_thousand_tasks/demo_library/scene_packages/live_trial_top_RNA_20260802_005158_green_sphere,,grasp,,,,,"["""", """", """"]",,,,,TRUE,top_grasp_demo_replay,FALSE,,,standard_replay,,TRUE,TRUE,,59.44873524,0.936201572,0.030749798,0.138017893,0.039295435,34.58541918,53.14234352,1,31,moveit_wrapper_v1,53.14234352,/home/wei/code/learning_thousand_tasks/demo_library/rollout_trajectories/rollout_top_RNA_20260802_005158_green_sphere.json,,TRUE,TRUE,"[0.6, 0.0, 0.3524995097306598]","[0.568876036547884, 0.006456615722244554, 0.4915216394396445]",green_sphere,0.022831567,,,,2026/8/2 0:52
,1785657906,top_RNA_20260802_010410_green_sphere,pick up the green sphere,top_x065_y010_sphere,,top_lift_after_close,green_sphere,sphere,sphere,,FALSE,success,TRUE,,,,,cube_top_grasp_center,0.8,language_then_geometry,grasp,0.631578947,0.8,0.631578947,0.8,"[{""id"": ""cube_top_grasp_center"", ""task_type"": ""grasp"", ""language_score"": 0.631578947368421, ""geometry_score"": 0.8}, {""id"": ""cube_top_grasp_center"", ""task_type"": ""grasp"", ""language_score"": 0.631578947368421, ""geometry_score"": 0.8}, {""id"": ""cube_top_grasp_center"", ""task_type"": ""grasp"", ""language_score"": 0.631578947368421, ""geometry_score"": 0.8}, {""id"": ""cube_top_grasp_center"", ""task_type"": ""grasp"", ""language_score"": 0.631578947368421, ""geometry_score"": 0.8}, {""id"": ""cuboid_top_yaw_grasp"", ""task_type"": ""grasp"", ""language_score"": 0.6181818181818182, ""geometry_score"": 0.5372188891130648}]",,,0.65,0.1,,,sphere,green_sphere,"[0.055, 0.055, 0.055]","[0.65, 0.1, """"]",LangSAM+depth_pointcloud,head_camera,0.640305342,0.09830934,-0.574780064,"[0.6403053416108689, 0.09830934042302483, -0.5747800642275692]",green_sphere,TRUE,0.65,0.1,0.35249951,0,"[0.65, 0.1, """"]","[0.65, 0.1, 0.3524995097306598]",gazebo_world_xy_only,base,,,0,0,0,,0.009840972,0.009840972,0.009840972,gazebo_model_states,0.657271398,0.087995627,-0.460300699,"[0.6572713979042457, 0.08799562688242787, -0.4603006988471365]","[0.6384138726437664, 0.09764643421741295, -0.37974399484691146]",0.055,0.055,0.055,"[0.055, 0.055, 0.055]",,,,,gazebo_raw_parallel_180,,,,,,,,,,,,,,,,,,377,377,live_trial_top_RNA_20260802_010410_green_sphere,/home/wei/code/learning_thousand_tasks/demo_library/scene_packages/live_trial_top_RNA_20260802_010410_green_sphere,/home/wei/code/learning_thousand_tasks/demo_library/scene_packages/live_trial_top_RNA_20260802_010410_green_sphere,,grasp,,,,,"["""", """", """"]",,,,,TRUE,top_grasp_demo_replay,FALSE,,,top_grasp_replay_to_close_then_direct_lift,,TRUE,TRUE,,55.37690473,0.730575323,0.094884396,0.162150383,0.041642189,33.07834888,49.28158331,1,18,moveit_wrapper_v1,49.28158331,/home/wei/code/learning_thousand_tasks/demo_library/rollout_trajectories/rollout_top_RNA_20260802_010410_green_sphere.json,,TRUE,TRUE,"[0.65, 0.1, 0.3524995097306598]","[0.6327771057804753, 0.09925839621233595, 0.42625093693757765]",green_sphere,0.007587772,,,accepted_with_z_margin,2026/8/2 1:05
,1785658063,top_RNA_20260802_010648_green_sphere,pick up the green sphere,top_x065_y010_sphere,,top_lift_after_close,green_sphere,sphere,sphere,,FALSE,failed,FALSE,抓取后目标物体未被有效抬起或发生倾倒,grasp_verification,抓取后目标物体未被有效抬起或发生倾倒,grasp_failure,cube_top_grasp_center,0.8,language_then_geometry,grasp,0.631578947,0.8,0.631578947,0.8,"[{""id"": ""cube_top_grasp_center"", ""task_type"": ""grasp"", ""language_score"": 0.631578947368421, ""geometry_score"": 0.8}, {""id"": ""cube_top_grasp_center"", ""task_type"": ""grasp"", ""language_score"": 0.631578947368421, ""geometry_score"": 0.8}, {""id"": ""cube_top_grasp_center"", ""task_type"": ""grasp"", ""language_score"": 0.631578947368421, ""geometry_score"": 0.8}, {""id"": ""cube_top_grasp_center"", ""task_type"": ""grasp"", ""language_score"": 0.631578947368421, ""geometry_score"": 0.8}, {""id"": ""cuboid_top_yaw_grasp"", ""task_type"": ""grasp"", ""language_score"": 0.6181818181818182, ""geometry_score"": 0.5372188891130648}]",,,0.65,0.1,,,sphere,green_sphere,"[0.055, 0.055, 0.055]","[0.65, 0.1, """"]",LangSAM+depth_pointcloud,head_camera,0.64028583,0.097869173,-0.575410115,"[0.6402858299060517, 0.09786917283348397, -0.5754101154409307]",green_sphere,TRUE,0.65,0.1,0.35249951,0,"[0.65, 0.1, """"]","[0.65, 0.1, 0.3524995097306598]",gazebo_world_xy_only,base,,,0,0,0,,0.009945126,0.009945126,0.009945126,gazebo_model_states,0.657251886,0.087555459,-0.46093075,"[0.6572518861994284, 0.08755545929288701, -0.46093075006049794]","[0.6383943609389491, 0.09720626662787209, -0.3803740460602729]",0.055,0.055,0.055,"[0.055, 0.055, 0.055]",,,,,gazebo_raw_parallel_180,,,,,,,,,,,,,,,,,,377,377,live_trial_top_RNA_20260802_010648_green_sphere,/home/wei/code/learning_thousand_tasks/demo_library/scene_packages/live_trial_top_RNA_20260802_010648_green_sphere,/home/wei/code/learning_thousand_tasks/demo_library/scene_packages/live_trial_top_RNA_20260802_010648_green_sphere,,grasp,,,,,"["""", """", """"]",,,,,TRUE,top_grasp_demo_replay,FALSE,,,top_grasp_replay_to_close_then_direct_lift,,TRUE,TRUE,,53.44332814,0.809003115,0.022861004,0.197857857,0.032657862,32.14838648,47.54693675,1,18,moveit_wrapper_v1,47.54693675,/home/wei/code/learning_thousand_tasks/demo_library/rollout_trajectories/rollout_top_RNA_20260802_010648_green_sphere.json,,FALSE,FALSE,"[0.65, 0.1, 0.3524995097306598]","[1.1057211919641787, 3.924360781641675, 0.02749950973065981]",green_sphere,3.84932099,,,抓取后目标物体未被有效抬起或发生倾倒,2026/8/2 1:07
,1785658587,top_RNA_20260802_011522_green_sphere,pick up the green sphere,top_x065_y010_sphere,,top_lift_after_close,green_sphere,sphere,sphere,,FALSE,failed,FALSE,抓取后目标物体未被有效抬起或发生倾倒,grasp_verification,抓取后目标物体未被有效抬起或发生倾倒,grasp_failure,cube_top_grasp_center,0.8,language_then_geometry,grasp,0.631578947,0.8,0.631578947,0.8,"[{""id"": ""cube_top_grasp_center"", ""task_type"": ""grasp"", ""language_score"": 0.631578947368421, ""geometry_score"": 0.8}, {""id"": ""cube_top_grasp_center"", ""task_type"": ""grasp"", ""language_score"": 0.631578947368421, ""geometry_score"": 0.8}, {""id"": ""cube_top_grasp_center"", ""task_type"": ""grasp"", ""language_score"": 0.631578947368421, ""geometry_score"": 0.8}, {""id"": ""cube_top_grasp_center"", ""task_type"": ""grasp"", ""language_score"": 0.631578947368421, ""geometry_score"": 0.8}, {""id"": ""cuboid_top_yaw_grasp"", ""task_type"": ""grasp"", ""language_score"": 0.6181818181818182, ""geometry_score"": 0.5372188891130648}]",,,0.65,0.1,,,sphere,green_sphere,"[0.055, 0.055, 0.055]","[0.65, 0.1, """"]",LangSAM+depth_pointcloud,head_camera,0.739384045,-0.001481142,-0.57366537,"[0.7393840446185883, -0.0014811423974426228, -0.5736653696575573]",green_sphere,TRUE,0.75,0,0.35249951,0,"[0.75, 0.0, """"]","[0.75, 0.0, 0.3524995097306598]",gazebo_world_xy_only,base,,,0,0,0,,0.010718782,0.135232872,0.010718782,gazebo_model_states,0.756350101,-0.011794856,-0.459186004,"[0.7563501009119651, -0.011794855938039582, -0.4591860042771246]","[0.7374925756514857, -0.002144048603054502, -0.37862930027689956]",0.055,0.055,0.055,"[0.055, 0.055, 0.055]",,,,,gazebo_raw_parallel_180,,,,,,,,,,,,,,,,,,312,312,live_trial_top_RNA_20260802_011522_green_sphere,/home/wei/code/learning_thousand_tasks/demo_library/scene_packages/live_trial_top_RNA_20260802_011522_green_sphere,/home/wei/code/learning_thousand_tasks/demo_library/scene_packages/live_trial_top_RNA_20260802_011522_green_sphere,,grasp,,,,,"["""", """", """"]",,,,,TRUE,top_grasp_demo_replay,FALSE,,,top_grasp_replay_to_close_then_direct_lift,,TRUE,TRUE,,63.47647309,0.858499527,0.062509775,0.063021183,0.04187727,41.44618869,57.77042484,1,18,moveit_wrapper_v1,57.77042484,/home/wei/code/learning_thousand_tasks/demo_library/rollout_trajectories/rollout_top_RNA_20260802_011522_green_sphere.json,,FALSE,FALSE,"[0.75, 0.0, 0.3524995097306598]","[0.5622363065401262, 0.003986865678098244, 0.3524995097306598]",green_sphere,0.176319683,,,抓取后目标物体未被有效抬起或发生倾倒,2026/8/2 1:16
,1785658944,top_RNA_20260802_012118_green_sphere,pick up the green sphere,top_x065_y010_sphere,,top_lift_after_close,green_sphere,sphere,sphere,,FALSE,success,TRUE,,,,,cube_top_grasp_center,0.8,language_then_geometry,grasp,0.631578947,0.8,0.631578947,0.8,"[{""id"": ""cube_top_grasp_center"", ""task_type"": ""grasp"", ""language_score"": 0.631578947368421, ""geometry_score"": 0.8}, {""id"": ""cube_top_grasp_center"", ""task_type"": ""grasp"", ""language_score"": 0.631578947368421, ""geometry_score"": 0.8}, {""id"": ""cube_top_grasp_center"", ""task_type"": ""grasp"", ""language_score"": 0.631578947368421, ""geometry_score"": 0.8}, {""id"": ""cube_top_grasp_center"", ""task_type"": ""grasp"", ""language_score"": 0.631578947368421, ""geometry_score"": 0.8}, {""id"": ""cuboid_top_yaw_grasp"", ""task_type"": ""grasp"", ""language_score"": 0.6181818181818182, ""geometry_score"": 0.5372188891130648}]",,,0.65,0.1,,,sphere,green_sphere,"[0.055, 0.055, 0.055]","[0.65, 0.1, """"]",LangSAM+depth_pointcloud,head_camera,0.7393839,-0.001481006,-0.573666227,"[0.7393838995866592, -0.001481006399481219, -0.5736662273733465]",green_sphere,TRUE,0.75,0,0.35249951,0,"[0.75, 0.0, """"]","[0.75, 0.0, 0.35249950972226196]",gazebo_world_xy_only,base,,,0,0,0,,0.010718907,0.135232674,0.010718907,gazebo_model_states,0.756349956,-0.01179472,-0.459186862,"[0.756349955880036, -0.011794719940078177, -0.45918686199291375]","[0.7374924306195566, -0.0021439126050930984, -0.37863015799268873]",0.055,0.055,0.055,"[0.055, 0.055, 0.055]",,,,,gazebo_raw_parallel_180,,,,,,,,,,,,,,,,,,312,312,live_trial_top_RNA_20260802_012118_green_sphere,/home/wei/code/learning_thousand_tasks/demo_library/scene_packages/live_trial_top_RNA_20260802_012118_green_sphere,/home/wei/code/learning_thousand_tasks/demo_library/scene_packages/live_trial_top_RNA_20260802_012118_green_sphere,,grasp,,,,,"["""", """", """"]",,,,,TRUE,top_grasp_demo_replay,FALSE,,,top_grasp_replay_to_close_then_direct_lift,,TRUE,TRUE,,64.69891429,0.774347782,0.026765823,0.068910122,0.029913425,41.86279702,57.7324264,1,18,moveit_wrapper_v1,57.7324264,/home/wei/code/learning_thousand_tasks/demo_library/rollout_trajectories/rollout_top_RNA_20260802_012118_green_sphere.json,,TRUE,TRUE,"[0.75, 0.0, 0.35249950972226196]","[0.7478677745098794, -0.0032134199367452767, 0.43019005682899325]",green_sphere,0.008660017,,,,2026/8/2 1:22
,1785659247,top_RNA_20260802_012636_green_sphere,pick up the green sphere,top_x050_y-020_sphere,,top_lift_after_close,green_sphere,sphere,sphere,,FALSE,success,TURE,,,,,cube_top_grasp_center,0.8,language_then_geometry,grasp,0.631578947,0.8,0.631578947,0.8,"[{""id"": ""cube_top_grasp_center"", ""task_type"": ""grasp"", ""language_score"": 0.631578947368421, ""geometry_score"": 0.8}, {""id"": ""cube_top_grasp_center"", ""task_type"": ""grasp"", ""language_score"": 0.631578947368421, ""geometry_score"": 0.8}, {""id"": ""cube_top_grasp_center"", ""task_type"": ""grasp"", ""language_score"": 0.631578947368421, ""geometry_score"": 0.8}, {""id"": ""cube_top_grasp_center"", ""task_type"": ""grasp"", ""language_score"": 0.631578947368421, ""geometry_score"": 0.8}, {""id"": ""cuboid_top_yaw_grasp"", ""task_type"": ""grasp"", ""language_score"": 0.6181818181818182, ""geometry_score"": 0.5372188891130648}]",,,0.5,-0.2,,,sphere,green_sphere,"[0.055, 0.055, 0.055]","[0.5, -0.2, """"]",LangSAM+depth_pointcloud,head_camera,0.49204723,-0.197283782,-0.573408911,"[0.49204722977206844, -0.19728378197399163, -0.5734089107071213]",green_sphere,TRUE,0.5,-0.2,0.35249951,0,"[0.5, -0.2, """"]","[0.5, -0.2, 0.35249950972226196]",gazebo_world_xy_only,base,,,0,0,0,,0.008403832,0.008403832,0.008403832,gazebo_model_states,0.509013286,-0.207597496,-0.458929545,"[0.5090132860654453, -0.2075974955145886, -0.45892954532668856]","[0.49015576080496587, -0.1979466881796035, -0.37837284132646354]",0.055,0.055,0.055,"[0.055, 0.055, 0.055]",,,,,gazebo_raw_parallel_180,,,,,,,,,,,,,,,,,,514,514,live_trial_top_RNA_20260802_012636_green_sphere,/home/wei/code/learning_thousand_tasks/demo_library/scene_packages/live_trial_top_RNA_20260802_012636_green_sphere,/home/wei/code/learning_thousand_tasks/demo_library/scene_packages/live_trial_top_RNA_20260802_012636_green_sphere,,grasp,,,,,"["""", """", """"]",,,,,TRUE,top_grasp_demo_replay,FALSE,,,top_grasp_replay_to_close_then_direct_lift,,TRUE,TRUE,,50.31890178,0.667671919,0.02162981,0.063496828,0.029057503,26.92649841,43.40243816,1,20,moveit_wrapper_v1,43.40243816,/home/wei/code/learning_thousand_tasks/demo_library/rollout_trajectories/rollout_top_RNA_20260802_012636_green_sphere.json,,FALSE,FALSE,"[0.5, -0.2, 0.35249950972226196]","[0.49234691586131807, -0.19904536853864183, 0.41002304800509276]",green_sphere,0.001783875,,,,2026/8/2 1:27
,1785659748,top_RNA_20260802_013455_green_sphere,pick up the green sphere,top_x060_y-015_sphere,,top_lift_after_close,green_sphere,sphere,sphere,,FALSE,failed,FALSE,抓取后目标物体未被有效抬起或发生倾倒,grasp_verification,抓取后目标物体未被有效抬起或发生倾倒,grasp_failure,cube_top_grasp_center,0.8,language_then_geometry,grasp,0.631578947,0.8,0.631578947,0.8,"[{""id"": ""cube_top_grasp_center"", ""task_type"": ""grasp"", ""language_score"": 0.631578947368421, ""geometry_score"": 0.8}, {""id"": ""cube_top_grasp_center"", ""task_type"": ""grasp"", ""language_score"": 0.631578947368421, ""geometry_score"": 0.8}, {""id"": ""cube_top_grasp_center"", ""task_type"": ""grasp"", ""language_score"": 0.631578947368421, ""geometry_score"": 0.8}, {""id"": ""cube_top_grasp_center"", ""task_type"": ""grasp"", ""language_score"": 0.631578947368421, ""geometry_score"": 0.8}, {""id"": ""cuboid_top_yaw_grasp"", ""task_type"": ""grasp"", ""language_score"": 0.6181818181818182, ""geometry_score"": 0.5372188891130648}]",,,0.6,-0.15,,,sphere,green_sphere,"[0.055, 0.055, 0.055]","[0.6, -0.15, """"]",LangSAM+depth_pointcloud,head_camera,0.59082332,-0.147818692,-0.583657628,"[0.5908233204243484, -0.14781869190486513, -0.5836576280283755]",green_sphere,TRUE,0.6,-0.15,0.35249951,0,"[0.6, -0.15, """"]","[0.6, -0.15, 0.35249950972226196]",gazebo_world_xy_only,base,,,0,0,0,,0.009432367,0.009432367,0.009432367,gazebo_model_states,0.607789377,-0.158132405,-0.469178263,"[0.6077893767177251, -0.1581324054454621, -0.46917826264794277]","[0.5889318514572458, -0.148481598110477, -0.38862155864771775]",0.055,0.055,0.055,"[0.055, 0.055, 0.055]",,,,,gazebo_raw_parallel_180,,,,,,,,,,,,,,,,,,421,421,live_trial_top_RNA_20260802_013455_green_sphere,/home/wei/code/learning_thousand_tasks/demo_library/scene_packages/live_trial_top_RNA_20260802_013455_green_sphere,/home/wei/code/learning_thousand_tasks/demo_library/scene_packages/live_trial_top_RNA_20260802_013455_green_sphere,,grasp,,,,,"["""", """", """"]",,,,,TRUE,top_grasp_demo_replay,FALSE,,,top_grasp_replay_to_close_then_direct_lift,,TRUE,TRUE,,52.04537129,0.878126383,0.050880194,0.083639145,0.040463448,29.0053637,45.04998732,1,19,moveit_wrapper_v1,45.04998732,/home/wei/code/learning_thousand_tasks/demo_library/rollout_trajectories/rollout_top_RNA_20260802_013455_green_sphere.json,,FALSE,FALSE,"[0.6, -0.15, 0.35249950972226196]","[0.5840648424982309, -0.1431222395499056, 0.378898515234343]",green_sphere,0.01194292,,,抓取后目标物体未被有效抬起或发生倾倒,2026/8/2 1:35
,1785659963,top_RNA_20260802_013833_green_sphere,pick up the green sphere,top_x060_y000_sphere,,top_lift_after_close,green_sphere,sphere,sphere,,FALSE,success,TRUE,,,,,cube_top_grasp_center,0.8,language_then_geometry,grasp,0.631578947,0.8,0.631578947,0.8,"[{""id"": ""cube_top_grasp_center"", ""task_type"": ""grasp"", ""language_score"": 0.631578947368421, ""geometry_score"": 0.8}, {""id"": ""cube_top_grasp_center"", ""task_type"": ""grasp"", ""language_score"": 0.631578947368421, ""geometry_score"": 0.8}, {""id"": ""cube_top_grasp_center"", ""task_type"": ""grasp"", ""language_score"": 0.631578947368421, ""geometry_score"": 0.8}, {""id"": ""cube_top_grasp_center"", ""task_type"": ""grasp"", ""language_score"": 0.631578947368421, ""geometry_score"": 0.8}, {""id"": ""cuboid_top_yaw_grasp"", ""task_type"": ""grasp"", ""language_score"": 0.6181818181818182, ""geometry_score"": 0.5372188891130648}]",,,0.6,0,,,sphere,green_sphere,"[0.055, 0.055, 0.055]","[0.6, 0.0, """"]",LangSAM+depth_pointcloud,head_camera,0.590318021,0.001330817,-0.571782514,"[0.5903180206026705, 0.0013308168330093976, -0.5717825137641299]",green_sphere,TRUE,0.6,0,0.35249951,0,"[0.6, 0.0, """"]","[0.6, 0.0, 0.35249950972226196]",gazebo_world_xy_only,base,,,0,0,0,,0.009773014,0.009773014,0.009773014,gazebo_model_states,0.607284077,-0.008982897,-0.457303148,"[0.6072840768960472, -0.00898289670758756, -0.4573031483836972]","[0.5884265516355679, 0.0006679106273975181, -0.37674644438347216]",0.055,0.055,0.055,"[0.055, 0.055, 0.055]",,,,,gazebo_raw_parallel_180,,,,,,,,,,,,,,,,,,406,406,live_trial_top_RNA_20260802_013833_green_sphere,/home/wei/code/learning_thousand_tasks/demo_library/scene_packages/live_trial_top_RNA_20260802_013833_green_sphere,/home/wei/code/learning_thousand_tasks/demo_library/scene_packages/live_trial_top_RNA_20260802_013833_green_sphere,,grasp,,,,,"["""", """", """"]",,,,,TRUE,top_grasp_demo_replay,FALSE,,,top_grasp_replay_to_close_then_direct_lift,,TRUE,TRUE,,49.00537205,0.812212467,0.026896715,0.149760008,0.027588129,27.12941146,43.14061618,1,18,moveit_wrapper_v1,43.14061618,/home/wei/code/learning_thousand_tasks/demo_library/rollout_trajectories/rollout_top_RNA_20260802_013833_green_sphere.json,,TRUE,TRUE,"[0.6, 0.0, 0.35249950972226196]","[0.5992276127523058, -0.010437664979576048, 0.42241847235406427]",green_sphere,0.014765842,,,accepted_with_z_margin,2026/8/2 1:39
,1785660788,top_RNA_20260802_015205_green_cube,pick up the green cube,top_x060_y000_cube,,full,green_cube,cube,cube,,FALSE,success,TRUE,,,,,cube_top_grasp_center,1,language_then_geometry,grasp,0.891666667,1,0.891666667,1,"[{""id"": ""cube_top_grasp_center"", ""task_type"": ""grasp"", ""language_score"": 0.8916666666666666, ""geometry_score"": 1.0}, {""id"": ""cube_top_grasp_center"", ""task_type"": ""grasp"", ""language_score"": 0.8916666666666666, ""geometry_score"": 1.0}, {""id"": ""cube_top_grasp_center"", ""task_type"": ""grasp"", ""language_score"": 0.8916666666666666, ""geometry_score"": 1.0}, {""id"": ""cube_top_grasp_center"", ""task_type"": ""grasp"", ""language_score"": 0.8916666666666666, ""geometry_score"": 1.0}, {""id"": ""cuboid_top_yaw_grasp"", ""task_type"": ""grasp"", ""language_score"": 0.8681818181818182, ""geometry_score"": 0.5372188891130648}]",,,0.6,0,,,cube,green_cube,"[0.045, 0.045, 0.045]","[0.6, 0.0, """"]",LangSAM+depth_pointcloud,head_camera,0.594517967,0.001330808,-0.584621822,"[0.5945179669951896, 0.0013308084347701107, -0.5846218216680934]",grasp_object.sdf,TRUE,0.6,3.43E-13,0.3475,-3.35E-12,"[0.5999999999999082, 3.4346669305276763e-13, """"]","[0.5999999999999082, 3.4346669305276763e-13, 0.3474999999995868]",gazebo_world_xy_only,base,,,-3.35E-12,-3.35E-12,-3.35E-12,,0.005641253,0.005641253,0.005641253,gazebo_model_states,0.611484023,-0.008982905,-0.470142456,"[0.6114840232885663, -0.008982905105826847, -0.47014245628766066]","[0.592626498028087, 0.0006679022291582312, -0.38958575228743564]",0.045,0.045,0.045,"[0.045, 0.045, 0.045]",,,,,gazebo_raw_parallel_180,,,,,,,,,,,,,,,,,,473,473,live_trial_top_RNA_20260802_015205_green_cube,/home/wei/code/learning_thousand_tasks/demo_library/scene_packages/live_trial_top_RNA_20260802_015205_green_cube,/home/wei/code/learning_thousand_tasks/demo_library/scene_packages/live_trial_top_RNA_20260802_015205_green_cube,,grasp,,,,,"["""", """", """"]",,,,,TRUE,top_grasp_demo_replay,FALSE,,,standard_replay,,TRUE,TRUE,,62.99225593,0.936266184,0.051882267,0.163054705,0.029274225,36.8436985,56.52728724,1,31,moveit_wrapper_v1,56.52728724,/home/wei/code/learning_thousand_tasks/demo_library/rollout_trajectories/rollout_top_RNA_20260802_015205_green_cube.json,,TRUE,TRUE,"[0.5999999999999082, 3.4346669305276763e-13, 0.3474999999995868]","[0.5832235874053241, 0.014535471910419864, 0.4909161296889601]",grasp_object.sdf,0.017199509,,,,2026/8/2 1:53
,1785660977,top_RNA_20260802_015515_green_cube,pick up the green cube,top_x060_y000_cube,,full,green_cube,cube,cube,,FALSE,success,TRUE,,,,,cube_top_grasp_center,1,language_then_geometry,grasp,0.891666667,1,0.891666667,1,"[{""id"": ""cube_top_grasp_center"", ""task_type"": ""grasp"", ""language_score"": 0.8916666666666666, ""geometry_score"": 1.0}, {""id"": ""cube_top_grasp_center"", ""task_type"": ""grasp"", ""language_score"": 0.8916666666666666, ""geometry_score"": 1.0}, {""id"": ""cube_top_grasp_center"", ""task_type"": ""grasp"", ""language_score"": 0.8916666666666666, ""geometry_score"": 1.0}, {""id"": ""cube_top_grasp_center"", ""task_type"": ""grasp"", ""language_score"": 0.8916666666666666, ""geometry_score"": 1.0}, {""id"": ""cuboid_top_yaw_grasp"", ""task_type"": ""grasp"", ""language_score"": 0.8681818181818182, ""geometry_score"": 0.5372188891130648}]",,,0.6,0,,,cube,green_cube,"[0.045, 0.045, 0.045]","[0.6, 0.0, """"]",LangSAM+depth_pointcloud,head_camera,0.594517967,0.001333667,-0.584621917,"[0.5945179669298022, 0.0013336668396950165, -0.5846219165646502]",grasp_object.sdf,TRUE,0.6,3.43E-13,0.3475,-3.35E-12,"[0.5999999999999082, 3.4346669305276763e-13, """"]","[0.5999999999999082, 3.4346669305276763e-13, 0.3474999999995868]",gazebo_world_xy_only,base,,,-3.35E-12,-3.35E-12,-3.35E-12,,0.005641928,0.005641928,0.005641928,gazebo_model_states,0.611484023,-0.008980047,-0.470142551,"[0.611484023223179, -0.008980046700901943, -0.4701425511842175]","[0.5926264979626996, 0.000670760634083137, -0.3895858471839925]",0.045,0.045,0.045,"[0.045, 0.045, 0.045]",,,,,gazebo_raw_parallel_180,,,,,,,,,,,,,,,,,,473,473,live_trial_top_RNA_20260802_015515_green_cube,/home/wei/code/learning_thousand_tasks/demo_library/scene_packages/live_trial_top_RNA_20260802_015515_green_cube,/home/wei/code/learning_thousand_tasks/demo_library/scene_packages/live_trial_top_RNA_20260802_015515_green_cube,,grasp,,,,,"["""", """", """"]",,,,,TRUE,top_grasp_demo_replay,FALSE,,,standard_replay,,TRUE,TRUE,,60.94692612,0.513883352,0.055621386,0.194632292,0.066201925,34.80034423,53.87494206,1,30,moveit_wrapper_v1,53.87494206,/home/wei/code/learning_thousand_tasks/demo_library/rollout_trajectories/rollout_top_RNA_20260802_015515_green_cube.json,,TRUE,TRUE,"[0.5999999999999082, 3.4346669305276763e-13, 0.3474999999995868]","[0.5674515671644665, 0.01248195249271004, 0.49080367322703883]",grasp_object.sdf,0.029268524,,,,2026/8/2 1:56
,1785661135,top_RNA_20260802_015753_green_cube,pick up the green cube,top_x060_y000_cube,,full,green_cube,cube,cube,,FALSE,success,TRUE,,,,,cube_top_grasp_center,1,language_then_geometry,grasp,0.891666667,1,0.891666667,1,"[{""id"": ""cube_top_grasp_center"", ""task_type"": ""grasp"", ""language_score"": 0.8916666666666666, ""geometry_score"": 1.0}, {""id"": ""cube_top_grasp_center"", ""task_type"": ""grasp"", ""language_score"": 0.8916666666666666, ""geometry_score"": 1.0}, {""id"": ""cube_top_grasp_center"", ""task_type"": ""grasp"", ""language_score"": 0.8916666666666666, ""geometry_score"": 1.0}, {""id"": ""cube_top_grasp_center"", ""task_type"": ""grasp"", ""language_score"": 0.8916666666666666, ""geometry_score"": 1.0}, {""id"": ""cuboid_top_yaw_grasp"", ""task_type"": ""grasp"", ""language_score"": 0.8681818181818182, ""geometry_score"": 0.5372188891130648}]",,,0.6,0,,,cube,green_cube,"[0.045, 0.045, 0.045]","[0.6, 0.0, """"]",LangSAM+depth_pointcloud,head_camera,0.594517872,0.001328097,-0.584621772,"[0.5945178719634436, 0.0013280973327485103, -0.584621771889967]",grasp_object.sdf,TRUE,0.6,3.43E-13,0.3475,-3.35E-12,"[0.5999999999999082, 3.4346669305276763e-13, """"]","[0.5999999999999082, 3.4346669305276763e-13, 0.3474999999995868]",gazebo_world_xy_only,base,,,-3.35E-12,-3.35E-12,-3.35E-12,,0.005640707,0.005640707,0.005640707,gazebo_model_states,0.611483928,-0.008985616,-0.470142407,"[0.6114839282568204, -0.008985616207848449, -0.47014240650953426]","[0.5926264029963411, 0.0006651911271366307, -0.38958570250930924]",0.045,0.045,0.045,"[0.045, 0.045, 0.045]",,,,,gazebo_raw_parallel_180,,,,,,,,,,,,,,,,,,473,473,live_trial_top_RNA_20260802_015753_green_cube,/home/wei/code/learning_thousand_tasks/demo_library/scene_packages/live_trial_top_RNA_20260802_015753_green_cube,/home/wei/code/learning_thousand_tasks/demo_library/scene_packages/live_trial_top_RNA_20260802_015753_green_cube,,grasp,,,,,"["""", """", """"]",,,,,TRUE,top_grasp_demo_replay,FALSE,,,standard_replay,,TRUE,TRUE,,61.76674867,0.939236164,0.081256628,0.121166468,0.02583313,35.87170696,54.86309981,1,31,moveit_wrapper_v1,54.86309981,/home/wei/code/learning_thousand_tasks/demo_library/rollout_trajectories/rollout_top_RNA_20260802_015753_green_cube.json,,TRUE,TRUE,"[0.5999999999999082, 3.4346669305276763e-13, 0.3474999999995868]","[0.5790020120819804, 0.02080421691617567, 0.4852703804959869]",grasp_object.sdf,0.024813053,,,,2026/8/2 1:58
,1785661293,top_RNA_20260802_020031_green_cube,pick up the green cube,top_x060_y000_cube,,full,green_cube,cube,cube,,FALSE,success,TRUE,,,,,cube_top_grasp_center,1,language_then_geometry,grasp,0.891666667,1,0.891666667,1,"[{""id"": ""cube_top_grasp_center"", ""task_type"": ""grasp"", ""language_score"": 0.8916666666666666, ""geometry_score"": 1.0}, {""id"": ""cube_top_grasp_center"", ""task_type"": ""grasp"", ""language_score"": 0.8916666666666666, ""geometry_score"": 1.0}, {""id"": ""cube_top_grasp_center"", ""task_type"": ""grasp"", ""language_score"": 0.8916666666666666, ""geometry_score"": 1.0}, {""id"": ""cube_top_grasp_center"", ""task_type"": ""grasp"", ""language_score"": 0.8916666666666666, ""geometry_score"": 1.0}, {""id"": ""cuboid_top_yaw_grasp"", ""task_type"": ""grasp"", ""language_score"": 0.8681818181818182, ""geometry_score"": 0.5372188891130648}]",,,0.6,0,,,cube,green_cube,"[0.045, 0.045, 0.045]","[0.6, 0.0, """"]",LangSAM+depth_pointcloud,head_camera,0.594517894,0.001332262,-0.58462178,"[0.5945178942303357, 0.0013322621550807155, -0.5846217796603627]",grasp_object.sdf,TRUE,0.6,3.43E-13,0.3475,-3.35E-12,"[0.5999999999999082, 3.4346669305276763e-13, """"]","[0.5999999999999082, 3.4346669305276763e-13, 0.3474999999995868]",gazebo_world_xy_only,base,,,-3.35E-12,-3.35E-12,-3.35E-12,,0.005641667,0.005641667,0.005641667,gazebo_model_states,0.611483951,-0.008981451,-0.470142414,"[0.6114839505237125, -0.008981451385516242, -0.4701424142799299]","[0.5926264252632332, 0.000669355949468836, -0.3895857102797049]",0.045,0.045,0.045,"[0.045, 0.045, 0.045]",,,,,gazebo_raw_parallel_180,,,,,,,,,,,,,,,,,,473,473,live_trial_top_RNA_20260802_020031_green_cube,/home/wei/code/learning_thousand_tasks/demo_library/scene_packages/live_trial_top_RNA_20260802_020031_green_cube,/home/wei/code/learning_thousand_tasks/demo_library/scene_packages/live_trial_top_RNA_20260802_020031_green_cube,,grasp,,,,,"["""", """", """"]",,,,,TRUE,top_grasp_demo_replay,FALSE,,,standard_replay,,TRUE,TRUE,,61.49468064,0.833561182,0.028381586,0.070423841,0.028838873,36.396456,54.90957904,1,31,moveit_wrapper_v1,54.90957904,/home/wei/code/learning_thousand_tasks/demo_library/rollout_trajectories/rollout_top_RNA_20260802_020031_green_cube.json,,TRUE,TRUE,"[0.5999999999999082, 3.4346669305276763e-13, 0.3474999999995868]","[0.578219214401843, 0.020193383047522245, 0.49341964106286496]",grasp_object.sdf,0.024956087,,,,2026/8/2 2:01
,1785661566,top_RNA_20260802_020458_green_cube,pick up the green cube,top_x060_y-015_cube,,full,green_cube,cube,cube,,FALSE,success,TRUE,,,,,cube_top_grasp_center,1,language_then_geometry,grasp,0.891666667,1,0.891666667,1,"[{""id"": ""cube_top_grasp_center"", ""task_type"": ""grasp"", ""language_score"": 0.8916666666666666, ""geometry_score"": 1.0}, {""id"": ""cube_top_grasp_center"", ""task_type"": ""grasp"", ""language_score"": 0.8916666666666666, ""geometry_score"": 1.0}, {""id"": ""cube_top_grasp_center"", ""task_type"": ""grasp"", ""language_score"": 0.8916666666666666, ""geometry_score"": 1.0}, {""id"": ""cube_top_grasp_center"", ""task_type"": ""grasp"", ""language_score"": 0.8916666666666666, ""geometry_score"": 1.0}, {""id"": ""cuboid_top_yaw_grasp"", ""task_type"": ""grasp"", ""language_score"": 0.8681818181818182, ""geometry_score"": 0.5372188891130648}]",,,0.6,-0.15,,,cube,green_cube,"[0.045, 0.045, 0.045]","[0.6, -0.15, """"]",LangSAM+depth_pointcloud,head_camera,0.594454189,-0.148675272,-0.583209534,"[0.5944541894050762, -0.14867527173605483, -0.5832095336609676]",grasp_object.sdf,TRUE,0.6,-0.15,0.3475,-3.35E-12,"[0.5999999999999082, -0.1499999999996482, """"]","[0.5999999999999082, -0.1499999999996482, 0.3474999999995868]",gazebo_world_xy_only,base,,,-3.35E-12,-3.35E-12,-3.35E-12,,0.005701835,0.005701835,0.005701835,gazebo_model_states,0.611420246,-0.158988985,-0.468730168,"[0.611420245698453, -0.15898898527665178, -0.4687301682805349]","[0.5925627204379736, -0.1493381779416667, -0.38817346428030985]",0.045,0.045,0.045,"[0.045, 0.045, 0.045]",,,,,gazebo_raw_parallel_180,,,,,,,,,,,,,,,,,,503,503,live_trial_top_RNA_20260802_020458_green_cube,/home/wei/code/learning_thousand_tasks/demo_library/scene_packages/live_trial_top_RNA_20260802_020458_green_cube,/home/wei/code/learning_thousand_tasks/demo_library/scene_packages/live_trial_top_RNA_20260802_020458_green_cube,,grasp,,,,,"["""", """", """"]",,,,,TRUE,top_grasp_demo_replay,FALSE,,,standard_replay,,TRUE,TRUE,,67.00010514,0.942010403,0.070659161,0.13047123,0.06372118,39.52915978,59.77911544,1,33,moveit_wrapper_v1,59.77911544,/home/wei/code/learning_thousand_tasks/demo_library/rollout_trajectories/rollout_top_RNA_20260802_020458_green_cube.json,,TRUE,TRUE,"[0.5999999999999082, -0.1499999999996482, 0.3474999999995868]","[0.5901489794170853, -0.13202528029695243, 0.4852075441715162]",grasp_object.sdf,0.017339847,,,,2026/8/2 2:06
,1785661721,top_RNA_20260802_020736_green_cube,pick up the green cube,top_x060_y-015_cube,,full,green_cube,cube,cube,,FALSE,success,TRUE,,,,,cube_top_grasp_center,1,language_then_geometry,grasp,0.891666667,1,0.891666667,1,"[{""id"": ""cube_top_grasp_center"", ""task_type"": ""grasp"", ""language_score"": 0.8916666666666666, ""geometry_score"": 1.0}, {""id"": ""cube_top_grasp_center"", ""task_type"": ""grasp"", ""language_score"": 0.8916666666666666, ""geometry_score"": 1.0}, {""id"": ""cube_top_grasp_center"", ""task_type"": ""grasp"", ""language_score"": 0.8916666666666666, ""geometry_score"": 1.0}, {""id"": ""cube_top_grasp_center"", ""task_type"": ""grasp"", ""language_score"": 0.8916666666666666, ""geometry_score"": 1.0}, {""id"": ""cuboid_top_yaw_grasp"", ""task_type"": ""grasp"", ""language_score"": 0.8681818181818182, ""geometry_score"": 0.5372188891130648}]",,,0.6,-0.15,,,cube,green_cube,"[0.045, 0.045, 0.045]","[0.6, -0.15, """"]",LangSAM+depth_pointcloud,head_camera,0.59451863,-0.148400124,-0.583150367,"[0.5945186297228992, -0.1484001239461252, -0.5831503665829685]",grasp_object.sdf,TRUE,0.6,-0.15,0.3475,-3.35E-12,"[0.5999999999999082, -0.1499999999996482, """"]","[0.5999999999999082, -0.1499999999996482, 0.3474999999995868]",gazebo_world_xy_only,base,,,-3.35E-12,-3.35E-12,-3.35E-12,,0.005710081,0.005710081,0.005710081,gazebo_model_states,0.611484686,-0.158713837,-0.468671001,"[0.6114846860162759, -0.15871383748672216, -0.46867100120253574]","[0.5926271607557966, -0.14906303015173708, -0.3881142972023107]",0.045,0.045,0.045,"[0.045, 0.045, 0.045]",,,,,gazebo_raw_parallel_180,,,,,,,,,,,,,,,,,,503,503,live_trial_top_RNA_20260802_020736_green_cube,/home/wei/code/learning_thousand_tasks/demo_library/scene_packages/live_trial_top_RNA_20260802_020736_green_cube,/home/wei/code/learning_thousand_tasks/demo_library/scene_packages/live_trial_top_RNA_20260802_020736_green_cube,,grasp,,,,,"["""", """", """"]",,,,,TRUE,top_grasp_demo_replay,FALSE,,,standard_replay,,TRUE,TRUE,,63.80189252,0.625920773,0.037532806,0.134932518,0.069457531,37.21361041,56.91233516,1,31,moveit_wrapper_v1,56.91233516,/home/wei/code/learning_thousand_tasks/demo_library/rollout_trajectories/rollout_top_RNA_20260802_020736_green_cube.json,,TRUE,TRUE,"[0.5999999999999082, -0.1499999999996482, 0.3474999999995868]","[0.5832711209884623, -0.143784946694492, 0.48780502712515095]",grasp_object.sdf,0.012094241,,,,2026/8/2 2:08
,1785661894,top_RNA_20260802_021026_green_cube,pick up the green cube,top_x060_y-015_cube,,full,green_cube,cube,cube,,FALSE,success,TRUE,,,,,cube_top_grasp_center,1,language_then_geometry,grasp,0.891666667,1,0.891666667,1,"[{""id"": ""cube_top_grasp_center"", ""task_type"": ""grasp"", ""language_score"": 0.8916666666666666, ""geometry_score"": 1.0}, {""id"": ""cube_top_grasp_center"", ""task_type"": ""grasp"", ""language_score"": 0.8916666666666666, ""geometry_score"": 1.0}, {""id"": ""cube_top_grasp_center"", ""task_type"": ""grasp"", ""language_score"": 0.8916666666666666, ""geometry_score"": 1.0}, {""id"": ""cube_top_grasp_center"", ""task_type"": ""grasp"", ""language_score"": 0.8916666666666666, ""geometry_score"": 1.0}, {""id"": ""cuboid_top_yaw_grasp"", ""task_type"": ""grasp"", ""language_score"": 0.8681818181818182, ""geometry_score"": 0.5372188891130648}]",,,0.6,-0.15,,,cube,green_cube,"[0.045, 0.045, 0.045]","[0.6, -0.15, """"]",LangSAM+depth_pointcloud,head_camera,0.594521315,-0.148388945,-0.583148035,"[0.5945213146622588, -0.1483889452334666, -0.5831480350401663]",grasp_object.sdf,TRUE,0.6,-0.15,0.3475,-3.35E-12,"[0.5999999999999082, -0.1499999999996482, """"]","[0.5999999999999082, -0.1499999999996482, 0.3474999999995868]",gazebo_world_xy_only,base,,,-3.35E-12,-3.35E-12,-3.35E-12,,0.005710647,0.005710647,0.005710647,gazebo_model_states,0.611487371,-0.158702659,-0.46866867,"[0.6114873709556355, -0.15870265877406356, -0.4686686696597336]","[0.5926298456951562, -0.14905185143907848, -0.38811196565950856]",0.045,0.045,0.045,"[0.045, 0.045, 0.045]",,,,,gazebo_raw_parallel_180,,,,,,,,,,,,,,,,,,503,503,live_trial_top_RNA_20260802_021026_green_cube,/home/wei/code/learning_thousand_tasks/demo_library/scene_packages/live_trial_top_RNA_20260802_021026_green_cube,/home/wei/code/learning_thousand_tasks/demo_library/scene_packages/live_trial_top_RNA_20260802_021026_green_cube,,grasp,,,,,"["""", """", """"]",,,,,TRUE,top_grasp_demo_replay,FALSE,,,standard_replay,,TRUE,TRUE,,67.23514724,1.061206579,0.036958933,0.078026772,0.032749176,39.99228144,59.27587652,1,31,moveit_wrapper_v1,59.27587652,/home/wei/code/learning_thousand_tasks/demo_library/rollout_trajectories/rollout_top_RNA_20260802_021026_green_cube.json,,TRUE,TRUE,"[0.5999999999999082, -0.1499999999996482, 0.3474999999995868]","[0.5849097238701852, -0.1380641929419371, 0.495088294760701]",grasp_object.sdf,0.014104721,,,,2026/8/2 2:11
,1785662117,top_RNA_20260802_021413_green_cube,pick up the green cube,top_x060_y-015_cube,,full,green_cube,cube,cube,,FALSE,failed,FALSE,抓取后目标物体未被有效抬起或发生倾倒,grasp_verification,抓取后目标物体未被有效抬起或发生倾倒,grasp_failure,cube_top_grasp_center,1,language_then_geometry,grasp,0.891666667,1,0.891666667,1,"[{""id"": ""cube_top_grasp_center"", ""task_type"": ""grasp"", ""language_score"": 0.8916666666666666, ""geometry_score"": 1.0}, {""id"": ""cube_top_grasp_center"", ""task_type"": ""grasp"", ""language_score"": 0.8916666666666666, ""geometry_score"": 1.0}, {""id"": ""cube_top_grasp_center"", ""task_type"": ""grasp"", ""language_score"": 0.8916666666666666, ""geometry_score"": 1.0}, {""id"": ""cube_top_grasp_center"", ""task_type"": ""grasp"", ""language_score"": 0.8916666666666666, ""geometry_score"": 1.0}, {""id"": ""cuboid_top_yaw_grasp"", ""task_type"": ""grasp"", ""language_score"": 0.8681818181818182, ""geometry_score"": 0.5372188891130648}]",,,0.6,-0.15,,,cube,green_cube,"[0.045, 0.045, 0.045]","[0.6, -0.15, """"]",LangSAM+depth_pointcloud,head_camera,0.594518372,-0.148401187,-0.583150421,"[0.5945183719094898, -0.14840118659372759, -0.583150421346029]",grasp_object.sdf,TRUE,0.6,-0.15,0.3475,-3.35E-12,"[0.5999999999999082, -0.1499999999996482, """"]","[0.5999999999999082, -0.1499999999996482, 0.3474999999995868]",gazebo_world_xy_only,base,,,-3.35E-12,-3.35E-12,-3.35E-12,,0.005710031,0.005710031,0.005710031,gazebo_model_states,0.611484428,-0.1587149,-0.468671056,"[0.6114844282028665, -0.15871490013432454, -0.4686710559655963]","[0.5926269029423872, -0.14906409279933946, -0.38811435196537125]",0.045,0.045,0.045,"[0.045, 0.045, 0.045]",,,,,gazebo_raw_parallel_180,,,,,,,,,,,,,,,,,,503,503,live_trial_top_RNA_20260802_021413_green_cube,/home/wei/code/learning_thousand_tasks/demo_library/scene_packages/live_trial_top_RNA_20260802_021413_green_cube,/home/wei/code/learning_thousand_tasks/demo_library/scene_packages/live_trial_top_RNA_20260802_021413_green_cube,,grasp,,,,,"["""", """", """"]",,,,,TRUE,top_grasp_demo_replay,FALSE,,,standard_replay,,TRUE,TRUE,,63.33818126,0.898650646,0.051095247,0.258400202,0.079387665,37.49339175,57.03593588,1,31,moveit_wrapper_v1,57.03593588,/home/wei/code/learning_thousand_tasks/demo_library/rollout_trajectories/rollout_top_RNA_20260802_021413_green_cube.json,,FALSE,FALSE,"[0.5999999999999082, -0.1499999999996482, 0.3474999999995868]","[0.6293163624661926, -0.10426080357309121, 0.3475000001182976]",grasp_object.sdf,0.056207416,,,抓取后目标物体未被有效抬起或发生倾倒,2026/8/2 2:15
,1785669710,top_RNA_20260802_042043_green_cube,pick up the green cube,top_x065_y010_cube,,full,green_cube,cube,cube,,FALSE,success,TRUE,,,,,cube_top_grasp_center,1,language_then_geometry,grasp,0.891666667,1,0.891666667,1,"[{""id"": ""cube_top_grasp_center"", ""task_type"": ""grasp"", ""language_score"": 0.8916666666666666, ""geometry_score"": 1.0}, {""id"": ""cube_top_grasp_center"", ""task_type"": ""grasp"", ""language_score"": 0.8916666666666666, ""geometry_score"": 1.0}, {""id"": ""cube_top_grasp_center"", ""task_type"": ""grasp"", ""language_score"": 0.8916666666666666, ""geometry_score"": 1.0}, {""id"": ""cube_top_grasp_center"", ""task_type"": ""grasp"", ""language_score"": 0.8916666666666666, ""geometry_score"": 1.0}, {""id"": ""cuboid_top_yaw_grasp"", ""task_type"": ""grasp"", ""language_score"": 0.8681818181818182, ""geometry_score"": 0.5372188891130648}]",,,0.65,0.1,,,cube,green_cube,"[0.045, 0.045, 0.045]","[0.65, 0.1, """"]",LangSAM+depth_pointcloud,head_camera,0.644098722,0.099103773,-0.581363039,"[0.6440987218115055, 0.09910377328485084, -0.5813630386847793]",grasp_object.sdf,TRUE,0.65,0.1,0.3475,-3.35E-12,"[0.6499999999999082, 0.10000000000034576, """"]","[0.6499999999999082, 0.10000000000034576, 0.3474999999995868]",gazebo_world_xy_only,base,,,-3.35E-12,-3.35E-12,-3.35E-12,,0.005968945,0.005968945,0.005968945,gazebo_model_states,0.661064778,0.08879006,-0.466883673,"[0.6610647781048823, 0.08879005974425389, -0.4668836733043466]","[0.6422072528444029, 0.09844086707923896, -0.3863269693041216]",0.045,0.045,0.045,"[0.045, 0.045, 0.045]",,,,,gazebo_raw_parallel_180,,,,,,,,,,,,,,,,,,439,439,live_trial_top_RNA_20260802_042043_green_cube,/home/wei/code/learning_thousand_tasks/demo_library/scene_packages/live_trial_top_RNA_20260802_042043_green_cube,/home/wei/code/learning_thousand_tasks/demo_library/scene_packages/live_trial_top_RNA_20260802_042043_green_cube,,grasp,,,,,"["""", """", """"]",,,,,TRUE,top_grasp_demo_replay,FALSE,,,standard_replay,,TRUE,TRUE,,66.35140681,0.597923517,0.190200567,0.05548811,0.036287069,39.86500955,59.0766027,1,31,moveit_wrapper_v1,59.0766027,/home/wei/code/learning_thousand_tasks/demo_library/rollout_trajectories/rollout_top_RNA_20260802_042043_green_cube.json,,TRUE,TRUE,"[0.6499999999999082, 0.10000000000034576, 0.3474999999995868]","[0.6204771243323782, 0.11335138258469052, 0.4881775592571479]",grasp_object.sdf,0.027660095,,,,2026/8/2 4:21
,1785669894,top_RNA_20260802_042350_green_cube,pick up the green cube,top_x065_y010_cube,,full,green_cube,cube,cube,,FALSE,success,TRUE,,,,,cube_top_grasp_center,1,language_then_geometry,grasp,0.891666667,1,0.891666667,1,"[{""id"": ""cube_top_grasp_center"", ""task_type"": ""grasp"", ""language_score"": 0.8916666666666666, ""geometry_score"": 1.0}, {""id"": ""cube_top_grasp_center"", ""task_type"": ""grasp"", ""language_score"": 0.8916666666666666, ""geometry_score"": 1.0}, {""id"": ""cube_top_grasp_center"", ""task_type"": ""grasp"", ""language_score"": 0.8916666666666666, ""geometry_score"": 1.0}, {""id"": ""cube_top_grasp_center"", ""task_type"": ""grasp"", ""language_score"": 0.8916666666666666, ""geometry_score"": 1.0}, {""id"": ""cuboid_top_yaw_grasp"", ""task_type"": ""grasp"", ""language_score"": 0.8681818181818182, ""geometry_score"": 0.5372188891130648}]",,,0.65,0.1,,,cube,green_cube,"[0.045, 0.045, 0.045]","[0.65, 0.1, """"]",LangSAM+depth_pointcloud,head_camera,0.644098261,0.099102827,-0.581362313,"[0.644098260906894, 0.09910282655236667, -0.5813623127295323]",grasp_object.sdf,TRUE,0.65,0.1,0.3475,-3.35E-12,"[0.6499999999999082, 0.10000000000034576, """"]","[0.6499999999999082, 0.10000000000034576, 0.3474999999995868]",gazebo_world_xy_only,base,,,-3.35E-12,-3.35E-12,-3.35E-12,,0.005969543,0.005969543,0.005969543,gazebo_model_states,0.661064317,0.088789113,-0.466882947,"[0.6610643172002708, 0.08878911301176971, -0.4668829473490996]","[0.6422067919397915, 0.09843992034675479, -0.38632624334887455]",0.045,0.045,0.045,"[0.045, 0.045, 0.045]",,,,,gazebo_raw_parallel_180,,,,,,,,,,,,,,,,,,439,439,live_trial_top_RNA_20260802_042350_green_cube,/home/wei/code/learning_thousand_tasks/demo_library/scene_packages/live_trial_top_RNA_20260802_042350_green_cube,/home/wei/code/learning_thousand_tasks/demo_library/scene_packages/live_trial_top_RNA_20260802_042350_green_cube,,grasp,,,,,"["""", """", """"]",,,,,TRUE,top_grasp_demo_replay,FALSE,,,standard_replay,,TRUE,TRUE,,63.95027995,0.630097866,0.025334835,0.081609488,0.031319141,39.28109336,57.89156938,1,30,moveit_wrapper_v1,57.89156938,/home/wei/code/learning_thousand_tasks/demo_library/rollout_trajectories/rollout_top_RNA_20260802_042350_green_cube.json,,TRUE,TRUE,"[0.6499999999999082, 0.10000000000034576, 0.3474999999995868]","[0.6374906405638395, 0.10994884579802142, 0.490206321657792]",grasp_object.sdf,0.01266331,,,,2026/8/2 4:24
,1785670446,top_RNA_20260802_043309_green_cube,pick up the green cube,top_x075_y000_cube,,full,green_cube,cube,cube,,FALSE,failed,FALSE,抓取后目标物体未被有效抬起或发生倾倒,grasp_verification,抓取后目标物体未被有效抬起或发生倾倒,grasp_failure,cube_top_grasp_center,1,language_then_geometry,grasp,0.891666667,1,0.891666667,1,"[{""id"": ""cube_top_grasp_center"", ""task_type"": ""grasp"", ""language_score"": 0.8916666666666666, ""geometry_score"": 1.0}, {""id"": ""cube_top_grasp_center"", ""task_type"": ""grasp"", ""language_score"": 0.8916666666666666, ""geometry_score"": 1.0}, {""id"": ""cube_top_grasp_center"", ""task_type"": ""grasp"", ""language_score"": 0.8916666666666666, ""geometry_score"": 1.0}, {""id"": ""cube_top_grasp_center"", ""task_type"": ""grasp"", ""language_score"": 0.8916666666666666, ""geometry_score"": 1.0}, {""id"": ""cuboid_top_yaw_grasp"", ""task_type"": ""grasp"", ""language_score"": 0.8681818181818182, ""geometry_score"": 0.5372188891130648}]",,,0.75,0,,,cube,green_cube,"[0.045, 0.045, 0.045]","[0.75, 0.0, """"]",LangSAM+depth_pointcloud,head_camera,0.741934514,-0.001483539,-0.585523089,"[0.7419345141528534, -0.0014835394115242672, -0.585523088568881]",grasp_object.sdf,TRUE,0.75,3.43E-13,0.3475,-3.35E-12,"[0.7499999999999082, 3.43466726702624e-13, """"]","[0.7499999999999082, 3.43466726702624e-13, 0.3474999999995868]",gazebo_world_xy_only,base,,,-3.35E-12,-3.35E-12,-3.35E-12,,0.00820079,0.00820079,0.00820079,gazebo_model_states,0.75890057,-0.011797253,-0.471043723,"[0.7589005704462302, -0.011797252952121225, -0.4710437231884483]","[0.7400430451857508, -0.0021464456171361467, -0.39048701918822326]",0.045,0.045,0.045,"[0.045, 0.045, 0.045]",,,,,gazebo_raw_parallel_180,,,,,,,,,,,,,,,,,,374,374,live_trial_top_RNA_20260802_043309_green_cube,/home/wei/code/learning_thousand_tasks/demo_library/scene_packages/live_trial_top_RNA_20260802_043309_green_cube,/home/wei/code/learning_thousand_tasks/demo_library/scene_packages/live_trial_top_RNA_20260802_043309_green_cube,,grasp,,,,,"["""", """", """"]",,,,,TRUE,top_grasp_demo_replay,TRUE,0.64516129,before_gripper_close_blocked,partial_replay_with_terminal_correction,,TRUE,TRUE,,55.40491772,0.706538439,0.026283503,0.110046625,0.058541298,33.95699716,49.24985361,1,16,moveit_wrapper_v1,49.24985361,/home/wei/code/learning_thousand_tasks/demo_library/rollout_trajectories/rollout_top_RNA_20260802_043309_green_cube.json,,FALSE,FALSE,"[0.7499999999999082, 3.43466726702624e-13, 0.3474999999995868]","[0.7788898685045247, -0.0005105961019080146, 0.3474916379082944]",grasp_object.sdf,0.03696816,,,抓取后目标物体未被有效抬起或发生倾倒,2026/8/2 4:34
,1785671302,top_RNA_20260802_044709_green_cube,pick up the green cube,top_x075_y000_cube,,full,green_cube,cube,cube,,FALSE,success,TRUE,,,,,cube_top_grasp_center,1,language_then_geometry,grasp,0.891666667,1,0.891666667,1,"[{""id"": ""cube_top_grasp_center"", ""task_type"": ""grasp"", ""language_score"": 0.8916666666666666, ""geometry_score"": 1.0}, {""id"": ""cube_top_grasp_center"", ""task_type"": ""grasp"", ""language_score"": 0.8916666666666666, ""geometry_score"": 1.0}, {""id"": ""cube_top_grasp_center"", ""task_type"": ""grasp"", ""language_score"": 0.8916666666666666, ""geometry_score"": 1.0}, {""id"": ""cube_top_grasp_center"", ""task_type"": ""grasp"", ""language_score"": 0.8916666666666666, ""geometry_score"": 1.0}, {""id"": ""cuboid_top_yaw_grasp"", ""task_type"": ""grasp"", ""language_score"": 0.8681818181818182, ""geometry_score"": 0.5372188891130648}]",,,0.75,0,,,cube,green_cube,"[0.045, 0.045, 0.045]","[0.75, 0.0, """"]",LangSAM+depth_pointcloud,head_camera,0.741934865,-0.001481853,-0.585523182,"[0.7419348650183366, -0.0014818527118611279, -0.5855231824254342]",grasp_object.sdf,TRUE,0.75,3.43E-13,0.3475,-3.35E-12,"[0.7499999999999082, 3.43466726702624e-13, """"]","[0.7499999999999082, 3.43466726702624e-13, 0.3474999999995868]",gazebo_world_xy_only,base,,,-3.35E-12,-3.35E-12,-3.35E-12,,0.00820014,0.00820014,0.00820014,gazebo_model_states,0.758900921,-0.011795566,-0.471043817,"[0.7589009213117134, -0.011795566252458086, -0.4710438170450015]","[0.740043396051234, -0.0021447589174730074, -0.39048711304477646]",0.045,0.045,0.045,"[0.045, 0.045, 0.045]",,,,,gazebo_raw_parallel_180,,,,,,,,,,,,,,,,,,374,374,live_trial_top_RNA_20260802_044709_green_cube,/home/wei/code/learning_thousand_tasks/demo_library/scene_packages/live_trial_top_RNA_20260802_044709_green_cube,/home/wei/code/learning_thousand_tasks/demo_library/scene_packages/live_trial_top_RNA_20260802_044709_green_cube,,grasp,,,,,"["""", """", """"]",,,,,TRUE,top_grasp_demo_replay,FALSE,,,standard_replay,,TRUE,TRUE,,72.9090991,1.000420332,0.071500063,0.20601058,0.060940266,47.78457212,65.98716378,1,31,moveit_wrapper_v1,65.98716378,/home/wei/code/learning_thousand_tasks/demo_library/rollout_trajectories/rollout_top_RNA_20260802_044709_green_cube.json,,TRUE,TRUE,"[0.7499999999999082, 3.43466726702624e-13, 0.3474999999995868]","[0.7265372281279012, 0.012103388346937045, 0.49385238244528284]",grasp_object.sdf,0.020620207,,,,2026/8/2 4:48
,1785671460,top_RNA_20260802_045002_green_cube,pick up the green cube,top_x075_y000_cube,,full,green_cube,cube,cube,,FALSE,success,TRUE,,,,,cube_top_grasp_center,1,language_then_geometry,grasp,0.891666667,1,0.891666667,1,"[{""id"": ""cube_top_grasp_center"", ""task_type"": ""grasp"", ""language_score"": 0.8916666666666666, ""geometry_score"": 1.0}, {""id"": ""cube_top_grasp_center"", ""task_type"": ""grasp"", ""language_score"": 0.8916666666666666, ""geometry_score"": 1.0}, {""id"": ""cube_top_grasp_center"", ""task_type"": ""grasp"", ""language_score"": 0.8916666666666666, ""geometry_score"": 1.0}, {""id"": ""cube_top_grasp_center"", ""task_type"": ""grasp"", ""language_score"": 0.8916666666666666, ""geometry_score"": 1.0}, {""id"": ""cuboid_top_yaw_grasp"", ""task_type"": ""grasp"", ""language_score"": 0.8681818181818182, ""geometry_score"": 0.5372188891130648}]",,,0.75,0,,,cube,green_cube,"[0.045, 0.045, 0.045]","[0.75, 0.0, """"]",LangSAM+depth_pointcloud,head_camera,0.741934533,-0.00148347,-0.585523135,"[0.7419345332537597, -0.0014834700469128568, -0.5855231347546684]",grasp_object.sdf,TRUE,0.75,3.43E-13,0.3475,-3.35E-12,"[0.7499999999999082, 3.43466726702624e-13, """"]","[0.7499999999999082, 3.43466726702624e-13, 0.3474999999995868]",gazebo_world_xy_only,base,,,-3.35E-12,-3.35E-12,-3.35E-12,,0.008200758,0.008200758,0.008200758,gazebo_model_states,0.75890059,-0.011797184,-0.471043769,"[0.7589005895471365, -0.011797183587509814, -0.4710437693742357]","[0.7400430642866571, -0.0021463762525247366, -0.3904870653740107]",0.045,0.045,0.045,"[0.045, 0.045, 0.045]",,,,,gazebo_raw_parallel_180,,,,,,,,,,,,,,,,,,374,374,live_trial_top_RNA_20260802_045002_green_cube,/home/wei/code/learning_thousand_tasks/demo_library/scene_packages/live_trial_top_RNA_20260802_045002_green_cube,/home/wei/code/learning_thousand_tasks/demo_library/scene_packages/live_trial_top_RNA_20260802_045002_green_cube,,grasp,,,,,"["""", """", """"]",,,,,TRUE,top_grasp_demo_replay,TRUE,0.516129032,before_gripper_close_blocked,partial_replay_with_terminal_correction,,TRUE,TRUE,,57.00504947,0.690437794,0.053222418,0.139184713,0.039723396,35.78249359,50.13757873,1,14,moveit_wrapper_v1,50.13757873,/home/wei/code/learning_thousand_tasks/demo_library/rollout_trajectories/rollout_top_RNA_20260802_045002_green_cube.json,,FALSE,FALSE,"[0.7499999999999082, 3.43466726702624e-13, 0.3474999999995868]","[0.7423951621144528, 0.007118561560345842, 0.41222503043219655]",grasp_object.sdf,0.008463159,,,抓取后目标物体未被有效抬起或发生倾倒,2026/8/2 4:50
,1785672484,top_RNA_20260802_050654_green_cube,pick up the green cube,top_x065_y010_cube,,full,green_cube,cube,cube,,FALSE,success,TRUE,,,,,cube_top_grasp_center,1,language_then_geometry,grasp,0.891666667,1,0.891666667,1,"[{""id"": ""cube_top_grasp_center"", ""task_type"": ""grasp"", ""language_score"": 0.8916666666666666, ""geometry_score"": 1.0}, {""id"": ""cube_top_grasp_center"", ""task_type"": ""grasp"", ""language_score"": 0.8916666666666666, ""geometry_score"": 1.0}, {""id"": ""cube_top_grasp_center"", ""task_type"": ""grasp"", ""language_score"": 0.8916666666666666, ""geometry_score"": 1.0}, {""id"": ""cube_top_grasp_center"", ""task_type"": ""grasp"", ""language_score"": 0.8916666666666666, ""geometry_score"": 1.0}, {""id"": ""cuboid_top_yaw_grasp"", ""task_type"": ""grasp"", ""language_score"": 0.8681818181818182, ""geometry_score"": 0.5372188891130648}]",,,0.65,0.1,,,cube,green_cube,"[0.045, 0.045, 0.045]","[0.65, 0.1, """"]",LangSAM+depth_pointcloud,head_camera,0.644098504,0.099103211,-0.581362669,"[0.6440985039412986, 0.0991032106947279, -0.5813626687188348]",grasp_object.sdf,TRUE,0.65,0.1,0.3475,-3.35E-12,"[0.6499999999999082, 0.10000000000034576, """"]","[0.6499999999999082, 0.10000000000034576, 0.3474999999995868]",gazebo_world_xy_only,base,,,-3.35E-12,-3.35E-12,-3.35E-12,,0.005969245,0.005969245,0.005969245,gazebo_model_states,0.66106456,0.088789497,-0.466883303,"[0.6610645602346754, 0.08878949715413094, -0.46688330333840206]","[0.6422070349741961, 0.09844030448911602, -0.38632659933817703]",0.045,0.045,0.045,"[0.045, 0.045, 0.045]",,,,,gazebo_raw_parallel_180,,,,,,,,,,,,,,,,,,439,439,live_trial_top_RNA_20260802_050654_green_cube,/home/wei/code/learning_thousand_tasks/demo_library/scene_packages/live_trial_top_RNA_20260802_050654_green_cube,/home/wei/code/learning_thousand_tasks/demo_library/scene_packages/live_trial_top_RNA_20260802_050654_green_cube,,grasp,,,,,"["""", """", """"]",,,,,TRUE,top_grasp_demo_replay,FALSE,,,standard_replay,,TRUE,TRUE,,68.73284864,0.669606209,0.060675144,0.179629087,0.06267786,42.55570889,61.48245978,1,31,moveit_wrapper_v1,61.48245978,/home/wei/code/learning_thousand_tasks/demo_library/rollout_trajectories/rollout_top_RNA_20260802_050654_green_cube.json,,TRUE,TRUE,"[0.6499999999999082, 0.10000000000034576, 0.3474999999995868]","[0.6362751058815552, 0.10030572678729155, 0.4939918108194092]",grasp_object.sdf,0.00790492,,,,2026/8/2 5:08
,1785672933,top_RNA_20260802_051429_green_cube,pick up the green cube,top_x050_y-020_cube,,full,green_cube,cube,cube,,FALSE,success,TRUE,,,,,cube_top_grasp_center,1,language_then_geometry,grasp,0.891666667,1,0.891666667,1,"[{""id"": ""cube_top_grasp_center"", ""task_type"": ""grasp"", ""language_score"": 0.8916666666666666, ""geometry_score"": 1.0}, {""id"": ""cube_top_grasp_center"", ""task_type"": ""grasp"", ""language_score"": 0.8916666666666666, ""geometry_score"": 1.0}, {""id"": ""cube_top_grasp_center"", ""task_type"": ""grasp"", ""language_score"": 0.8916666666666666, ""geometry_score"": 1.0}, {""id"": ""cube_top_grasp_center"", ""task_type"": ""grasp"", ""language_score"": 0.8916666666666666, ""geometry_score"": 1.0}, {""id"": ""cuboid_top_yaw_grasp"", ""task_type"": ""grasp"", ""language_score"": 0.8681818181818182, ""geometry_score"": 0.5372188891130648}]",,,0.5,-0.2,,,cube,green_cube,"[0.045, 0.045, 0.045]","[0.5, -0.2, """"]",LangSAM+depth_pointcloud,head_camera,0.495116076,-0.198215856,-0.584018752,"[0.4951160763842269, -0.19821585606167982, -0.584018752454766]",grasp_object.sdf,TRUE,0.5,-0.2,0.3475,-3.35E-12,"[0.49999999999990813, -0.1999999999996482, """"]","[0.49999999999990813, -0.1999999999996482, 0.3474999999995868]",gazebo_world_xy_only,base,,,-3.35E-12,-3.35E-12,-3.35E-12,,0.005199604,0.005199604,0.005199604,gazebo_model_states,0.512082133,-0.20852957,-0.469539387,"[0.5120821326776037, -0.20852956960227678, -0.46953938707433324]","[0.4932246074171243, -0.1988787622672917, -0.3889826830741082]",0.045,0.045,0.045,"[0.045, 0.045, 0.045]",,,,,gazebo_raw_parallel_180,,,,,,,,,,,,,,,,,,623,623,live_trial_top_RNA_20260802_051429_green_cube,/home/wei/code/learning_thousand_tasks/demo_library/scene_packages/live_trial_top_RNA_20260802_051429_green_cube,/home/wei/code/learning_thousand_tasks/demo_library/scene_packages/live_trial_top_RNA_20260802_051429_green_cube,,grasp,,,,,"["""", """", """"]",,,,,TRUE,top_grasp_demo_replay,FALSE,,,standard_replay,,TRUE,TRUE,,62.42759037,0.834314346,0.09725976,0.251956701,0.037724495,35.60351753,54.7989881,1,31,moveit_wrapper_v1,54.7989881,/home/wei/code/learning_thousand_tasks/demo_library/rollout_trajectories/rollout_top_RNA_20260802_051429_green_cube.json,,TRUE,TRUE,"[0.49999999999990813, -0.1999999999996482, 0.3474999999995868]","[0.4895005606671565, -0.1826906148263214, 0.4859875226502678]",grasp_object.sdf,0.016518481,,,,2026/8/2 5:15
,1785673085,top_RNA_20260802_051658_green_cube,pick up the green cube,top_x050_y-020_cube,,full,green_cube,cube,cube,,FALSE,success,TRUE,,,,,cube_top_grasp_center,1,language_then_geometry,grasp,0.891666667,1,0.891666667,1,"[{""id"": ""cube_top_grasp_center"", ""task_type"": ""grasp"", ""language_score"": 0.8916666666666666, ""geometry_score"": 1.0}, {""id"": ""cube_top_grasp_center"", ""task_type"": ""grasp"", ""language_score"": 0.8916666666666666, ""geometry_score"": 1.0}, {""id"": ""cube_top_grasp_center"", ""task_type"": ""grasp"", ""language_score"": 0.8916666666666666, ""geometry_score"": 1.0}, {""id"": ""cube_top_grasp_center"", ""task_type"": ""grasp"", ""language_score"": 0.8916666666666666, ""geometry_score"": 1.0}, {""id"": ""cuboid_top_yaw_grasp"", ""task_type"": ""grasp"", ""language_score"": 0.8681818181818182, ""geometry_score"": 0.5372188891130648}]",,,0.5,-0.2,,,cube,green_cube,"[0.045, 0.045, 0.045]","[0.5, -0.2, """"]",LangSAM+depth_pointcloud,head_camera,0.495117314,-0.198219446,-0.584011959,"[0.49511731358876576, -0.19821944592925167, -0.5840119585689559]",grasp_object.sdf,TRUE,0.5,-0.2,0.3475,-3.35E-12,"[0.49999999999990813, -0.1999999999996482, """"]","[0.49999999999990813, -0.1999999999996482, 0.3474999999995868]",gazebo_world_xy_only,base,,,-3.35E-12,-3.35E-12,-3.35E-12,,0.005197211,0.005197211,0.005197211,gazebo_model_states,0.51208337,-0.208533159,-0.469532593,"[0.5120833698821425, -0.20853315946984863, -0.4695325931885232]","[0.4932258446216632, -0.19888235213486355, -0.3889758891882982]",0.045,0.045,0.045,"[0.045, 0.045, 0.045]",,,,,gazebo_raw_parallel_180,,,,,,,,,,,,,,,,,,623,623,live_trial_top_RNA_20260802_051658_green_cube,/home/wei/code/learning_thousand_tasks/demo_library/scene_packages/live_trial_top_RNA_20260802_051658_green_cube,/home/wei/code/learning_thousand_tasks/demo_library/scene_packages/live_trial_top_RNA_20260802_051658_green_cube,,grasp,,,,,"["""", """", """"]",,,,,TRUE,top_grasp_demo_replay,FALSE,,,standard_replay,,TRUE,TRUE,,65.47054076,0.747876644,0.117286444,0.075099945,0.074142694,40.38774037,60.04082322,1,33,moveit_wrapper_v1,60.04082322,/home/wei/code/learning_thousand_tasks/demo_library/rollout_trajectories/rollout_top_RNA_20260802_051658_green_cube.json,,TRUE,TRUE,"[0.49999999999990813, -0.1999999999996482, 0.3474999999995868]","[0.48518153505278694, -0.18590006300703343, 0.48480486211926305]",grasp_object.sdf,0.015575921,,,,2026/8/2 5:18
,1785673283,top_RNA_20260802_052021_green_cube,pick up the green cube,top_x050_y-020_cube,,full,green_cube,cube,cube,,FALSE,success,TRUE,,,,,cube_top_grasp_center,1,language_then_geometry,grasp,0.891666667,1,0.891666667,1,"[{""id"": ""cube_top_grasp_center"", ""task_type"": ""grasp"", ""language_score"": 0.8916666666666666, ""geometry_score"": 1.0}, {""id"": ""cube_top_grasp_center"", ""task_type"": ""grasp"", ""language_score"": 0.8916666666666666, ""geometry_score"": 1.0}, {""id"": ""cube_top_grasp_center"", ""task_type"": ""grasp"", ""language_score"": 0.8916666666666666, ""geometry_score"": 1.0}, {""id"": ""cube_top_grasp_center"", ""task_type"": ""grasp"", ""language_score"": 0.8916666666666666, ""geometry_score"": 1.0}, {""id"": ""cuboid_top_yaw_grasp"", ""task_type"": ""grasp"", ""language_score"": 0.8681818181818182, ""geometry_score"": 0.5372188891130648}]",,,0.5,-0.2,,,cube,green_cube,"[0.045, 0.045, 0.045]","[0.5, -0.2, """"]",LangSAM+depth_pointcloud,head_camera,0.495188975,-0.198468805,-0.584419835,"[0.49518897547546925, -0.1984688053578855, -0.5844198352780468]",grasp_object.sdf,TRUE,0.5,-0.2,0.3475,-3.35E-12,"[0.49999999999990813, -0.1999999999996482, """"]","[0.49999999999990813, -0.1999999999996482, 0.3474999999995868]",gazebo_world_xy_only,base,,,-3.35E-12,-3.35E-12,-3.35E-12,,0.005048813,0.005048813,0.005048813,gazebo_model_states,0.512155032,-0.208782519,-0.46994047,"[0.512155031768846, -0.20878251889848246, -0.469940469897614]","[0.4932975065083667, -0.19913171156349738, -0.389383765897389]",0.045,0.045,0.045,"[0.045, 0.045, 0.045]",,,,,gazebo_raw_parallel_180,,,,,,,,,,,,,,,,,,623,623,live_trial_top_RNA_20260802_052021_green_cube,/home/wei/code/learning_thousand_tasks/demo_library/scene_packages/live_trial_top_RNA_20260802_052021_green_cube,/home/wei/code/learning_thousand_tasks/demo_library/scene_packages/live_trial_top_RNA_20260802_052021_green_cube,,grasp,,,,,"["""", """", """"]",,,,,TRUE,top_grasp_demo_replay,FALSE,,,standard_replay,,TRUE,TRUE,,61.74847388,0.577267408,0.144630194,0.147366285,0.04012537,36.150985,54.70262718,1,31,moveit_wrapper_v1,54.70262718,/home/wei/code/learning_thousand_tasks/demo_library/rollout_trajectories/rollout_top_RNA_20260802_052021_green_cube.json,,TRUE,TRUE,"[0.49999999999990813, -0.1999999999996482, 0.3474999999995868]","[0.4774914331172736, -0.20246423301415728, 0.49105769899038126]",grasp_object.sdf,0.018134261,,,,2026/8/2 5:21
,1785673664,top_RNA_20260802_052717_green_cube,pick up the green cube,top_x050_y-020_rectangular,,full,green_cube,rectangular,rectangular,,FALSE,failed,FALSE,replay_transition_planning_failed,motion_planning,replay_transition_planning_failed,motion_planning_failure,cube_top_grasp_center,0.83,language_then_geometry,grasp,0.891666667,0.83,0.891666667,0.83,"[{""id"": ""cube_top_grasp_center"", ""task_type"": ""grasp"", ""language_score"": 0.8916666666666666, ""geometry_score"": 0.8300000000000001}, {""id"": ""cube_top_grasp_center"", ""task_type"": ""grasp"", ""language_score"": 0.8916666666666666, ""geometry_score"": 0.8300000000000001}, {""id"": ""cube_top_grasp_center"", ""task_type"": ""grasp"", ""language_score"": 0.8916666666666666, ""geometry_score"": 0.8300000000000001}, {""id"": ""cube_top_grasp_center"", ""task_type"": ""grasp"", ""language_score"": 0.8916666666666666, ""geometry_score"": 0.8300000000000001}, {""id"": ""cuboid_top_yaw_grasp"", ""task_type"": ""grasp"", ""language_score"": 0.8681818181818182, ""geometry_score"": 0.7372188891130648}]",,,0.5,-0.2,,,rectangular,green_cube,"[0.045, 0.045, 0.045]","[0.5, -0.2, """"]",LangSAM+depth_pointcloud,head_camera,0.476312143,-0.200076568,-0.588526349,"[0.4763121425400694, -0.20007656778369445, -0.5885263486309417]",green_rectangular_prism,TRUE,0.462268239,-0.199843991,0.342499815,0.326385287,"[0.46226823903006437, -0.19984399129646122, """"]","[0.46226823903006437, -0.19984399129646122, 0.3424998148924637]",gazebo_world_xy_only,base,,,0.326385287,0.326385287,0.326385287,,0.014045829,0.023687981,0.014045829,gazebo_model_states,0.493278199,-0.210390281,-0.474046983,"[0.4932781988334462, -0.2103902813242914, -0.4740469832505089]","[0.47442067357296686, -0.20073947398930633, -0.3934902792502839]",0.045,0.045,0.045,"[0.045, 0.045, 0.045]",,,,,gazebo_raw_parallel_180,,,,,,,,,,,,,,,,,,632,632,live_trial_top_RNA_20260802_052717_green_cube,/home/wei/code/learning_thousand_tasks/demo_library/scene_packages/live_trial_top_RNA_20260802_052717_green_cube,/home/wei/code/learning_thousand_tasks/demo_library/scene_packages/live_trial_top_RNA_20260802_052717_green_cube,,grasp,,,,,"["""", """", """"]",,,,,FALSE,mt3_demo_replay_input_v1,FALSE,,,standard_replay,,FALSE,FALSE,,26.02296686,0.627956867,0.034543753,0.068443298,0.03717494,0.024519444,20.08125591,1,2,moveit_wrapper_v1,20.08125591,/home/wei/code/learning_thousand_tasks/demo_library/rollout_trajectories/rollout_top_RNA_20260802_052717_green_cube.json,,FALSE,FALSE,"[0.46226823903006437, -0.19984399129646122, 0.3424998148924637]","[0.4597235370614064, -0.1998405732139659, 0.3424980809062806]",green_rectangular_prism,0.016590284,,,,2026/8/2 5:27
,1785673858,top_RNA_20260802_053045_green_cube,pick up the green cube,top_x050_y-020_rectangular,,full,green_cube,rectangular,rectangular,,FALSE,failed,FALSE,perception_safety_gate,perception_safety_gate,perception_safety_gate,perception_or_pose_failure,cube_top_grasp_center,0.83,language_then_geometry,grasp,0.891666667,0.83,0.891666667,0.83,"[{""id"": ""cube_top_grasp_center"", ""task_type"": ""grasp"", ""language_score"": 0.8916666666666666, ""geometry_score"": 0.8300000000000001}, {""id"": ""cube_top_grasp_center"", ""task_type"": ""grasp"", ""language_score"": 0.8916666666666666, ""geometry_score"": 0.8300000000000001}, {""id"": ""cube_top_grasp_center"", ""task_type"": ""grasp"", ""language_score"": 0.8916666666666666, ""geometry_score"": 0.8300000000000001}, {""id"": ""cube_top_grasp_center"", ""task_type"": ""grasp"", ""language_score"": 0.8916666666666666, ""geometry_score"": 0.8300000000000001}, {""id"": ""cuboid_top_yaw_grasp"", ""task_type"": ""grasp"", ""language_score"": 0.8681818181818182, ""geometry_score"": 0.7372188891130648}]",,,0.5,-0.2,,,rectangular,green_cube,"[0.045, 0.045, 0.045]","[0.5, -0.2, """"]",LangSAM+depth_pointcloud,head_camera,0.119443583,0.131561642,0.35273255,"[0.11944358326619806, 0.13156164219834254, 0.3527325503265781]",green_rectangular_prism,TRUE,0.600000568,1.68E-06,0.342498555,0.000559061,"[0.6000005683452417, 1.6751854363597698e-06, """"]","[0.6000005683452417, 1.6751854363597698e-06, 0.3424985546581097]",gazebo_world_xy_only,base,,,0.000559061,0.000559061,0.000559061,,0.498239943,0.504733899,0.498239943,gazebo_model_states,0.13640964,0.121247929,0.467211916,"[0.13640963955957483, 0.12124792865774559, 0.4672119157070108]","[0.11755211429909548, 0.13089873599273066, 0.5477686197072358]",0.045,0.045,0.045,"[0.045, 0.045, 0.045]",,,,,gazebo_raw_parallel_180,,,,,,,,,,,,,,,,,,136074,136074,live_trial_top_RNA_20260802_053045_green_cube,/home/wei/code/learning_thousand_tasks/demo_library/scene_packages/live_trial_top_RNA_20260802_053045_green_cube,/home/wei/code/learning_thousand_tasks/demo_library/scene_packages/live_trial_top_RNA_20260802_053045_green_cube,,grasp,,,,,"["""", """", """"]",,,,,FALSE,,,,,,,,FALSE,,12.1970861,1.904933929,0.081528187,0.745731115,,,,,,,,,,FALSE,FALSE,"[0.6000005683452417, 1.6751854363597698e-06, 0.3424985546581097]","[0.6000005683452417, 1.6751854363597698e-06, 0.3424985546581097]",green_rectangular_prism,0.498239943,,,,2026/8/2 5:30
,1785674196,top_RNA_20260802_053534_green_cube,pick up the green cube,top_x060_y000_rectangular,,full,green_cube,rectangular,rectangular,,FALSE,success,TRUE,,,,,cube_top_grasp_center,0.83,language_then_geometry,grasp,0.891666667,0.83,0.891666667,0.83,"[{""id"": ""cube_top_grasp_center"", ""task_type"": ""grasp"", ""language_score"": 0.8916666666666666, ""geometry_score"": 0.8300000000000001}, {""id"": ""cube_top_grasp_center"", ""task_type"": ""grasp"", ""language_score"": 0.8916666666666666, ""geometry_score"": 0.8300000000000001}, {""id"": ""cube_top_grasp_center"", ""task_type"": ""grasp"", ""language_score"": 0.8916666666666666, ""geometry_score"": 0.8300000000000001}, {""id"": ""cube_top_grasp_center"", ""task_type"": ""grasp"", ""language_score"": 0.8916666666666666, ""geometry_score"": 0.8300000000000001}, {""id"": ""cuboid_top_yaw_grasp"", ""task_type"": ""grasp"", ""language_score"": 0.8681818181818182, ""geometry_score"": 0.7372188891130648}]",,,0.6,0,,,rectangular,green_cube,"[0.045, 0.045, 0.045]","[0.6, 0.0, """"]",LangSAM+depth_pointcloud,head_camera,0.594723173,-0.001299608,-0.567288164,"[0.594723172847398, -0.001299607861950405, -0.5672881644189282]",green_rectangular_prism,TRUE,0.600003225,5.41E-06,0.347498729,0.003145943,"[0.6000032247158157, 5.406891105587571e-06, """"]","[0.6000032247158157, 5.406891105587571e-06, 0.3474987291723874]",gazebo_world_xy_only,base,,,0.003145943,0.003145943,0.003145943,,0.005438935,0.005434509,0.005438935,gazebo_model_states,0.611689229,-0.011613321,-0.452808799,"[0.6116892291407747, -0.011613321402547363, -0.4528087990384954]","[0.5928317038802954, -0.0019625140675622846, -0.3722520950382704]",0.045,0.045,0.045,"[0.045, 0.045, 0.045]",,,,,gazebo_raw_parallel_180,,,,,,,,,,,,,,,,,,481,481,live_trial_top_RNA_20260802_053534_green_cube,/home/wei/code/learning_thousand_tasks/demo_library/scene_packages/live_trial_top_RNA_20260802_053534_green_cube,/home/wei/code/learning_thousand_tasks/demo_library/scene_packages/live_trial_top_RNA_20260802_053534_green_cube,,grasp,,,,,"["""", """", """"]",,,,,TRUE,top_grasp_demo_replay,FALSE,,,standard_replay,,TRUE,TRUE,,61.37282157,0.650577307,0.146721601,0.137022018,0.038582325,36.07153654,54.8064518,1,31,moveit_wrapper_v1,54.8064518,/home/wei/code/learning_thousand_tasks/demo_library/rollout_trajectories/rollout_top_RNA_20260802_053534_green_cube.json,,TRUE,TRUE,"[0.6000032247158157, 5.406891105587571e-06, 0.3474987291723874]","[0.5630349943214796, 0.009189446704226395, 0.47969513117242873]",green_rectangular_prism,0.033364171,,,,2026/8/2 5:36
,1785732317,top_RNA_20260802_214411_green_cube,pick up the green cube,top_x060_y000_rectangular,,full,green_cube,rectangular,rectangular,,FALSE,success,TRUE,,,,,cube_top_grasp_center,0.83,language_then_geometry,grasp,0.891666667,0.83,0.891666667,0.83,"[{""id"": ""cube_top_grasp_center"", ""task_type"": ""grasp"", ""language_score"": 0.8916666666666666, ""geometry_score"": 0.8300000000000001}, {""id"": ""cube_top_grasp_center"", ""task_type"": ""grasp"", ""language_score"": 0.8916666666666666, ""geometry_score"": 0.8300000000000001}, {""id"": ""cube_top_grasp_center"", ""task_type"": ""grasp"", ""language_score"": 0.8916666666666666, ""geometry_score"": 0.8300000000000001}, {""id"": ""cube_top_grasp_center"", ""task_type"": ""grasp"", ""language_score"": 0.8916666666666666, ""geometry_score"": 0.8300000000000001}, {""id"": ""cuboid_top_yaw_grasp"", ""task_type"": ""grasp"", ""language_score"": 0.8681818181818182, ""geometry_score"": 0.7372188891130648}]",,,0.6,0,,,rectangular,green_cube,"[0.045, 0.045, 0.045]","[0.6, 0.0, """"]",LangSAM+depth_pointcloud,head_camera,0.594808801,-0.001252421,-0.567151067,"[0.5948088014444818, -0.0012524209162746427, -0.5671510665447326]",green_rectangular_prism,TRUE,0.600002582,4.64E-06,0.347500063,0.002510574,"[0.600002581962022, 4.642935548233514e-06, """"]","[0.600002581962022, 4.642935548233514e-06, 0.34750006305858616]",gazebo_world_xy_only,base,,,0.002510574,0.002510574,0.002510574,,0.005343741,0.005340141,0.005343741,gazebo_model_states,0.611774858,-0.011566134,-0.452671701,"[0.6117748577378586, -0.011566134456871602, -0.45267170116429983]","[0.5929173324773792, -0.0019153271218865222, -0.3721149971640748]",0.045,0.045,0.045,"[0.045, 0.045, 0.045]",,,,,gazebo_raw_parallel_180,,,,,,,,,,,,,,,,,,481,481,live_trial_top_RNA_20260802_214411_green_cube,/home/wei/code/learning_thousand_tasks/demo_library/scene_packages/live_trial_top_RNA_20260802_214411_green_cube,/home/wei/code/learning_thousand_tasks/demo_library/scene_packages/live_trial_top_RNA_20260802_214411_green_cube,,grasp,,,,,"["""", """", """"]",,,,,TRUE,top_grasp_demo_replay,FALSE,,,standard_replay,,TRUE,TRUE,,64.85896993,1.663759708,0.280793667,0.178190708,0.025921822,36.77983427,56.44823241,1,32,moveit_wrapper_v1,56.44823241,/home/wei/code/learning_thousand_tasks/demo_library/rollout_trajectories/rollout_top_RNA_20260802_214411_green_cube.json,,TRUE,TRUE,"[0.600002581962022, 4.642935548233514e-06, 0.34750006305858616]","[0.5858198546558617, 0.0263590538875386, 0.4854003204920508]",green_rectangular_prism,0.029119645,,,,2026/8/2 21:45
,1785732475,top_RNA_20260802_214653_green_cube,pick up the green cube,top_x060_y000_rectangular,,full,green_cube,rectangular,rectangular,,FALSE,success,TRUE,,,,,cube_top_grasp_center,0.83,language_then_geometry,grasp,0.891666667,0.83,0.891666667,0.83,"[{""id"": ""cube_top_grasp_center"", ""task_type"": ""grasp"", ""language_score"": 0.8916666666666666, ""geometry_score"": 0.8300000000000001}, {""id"": ""cube_top_grasp_center"", ""task_type"": ""grasp"", ""language_score"": 0.8916666666666666, ""geometry_score"": 0.8300000000000001}, {""id"": ""cube_top_grasp_center"", ""task_type"": ""grasp"", ""language_score"": 0.8916666666666666, ""geometry_score"": 0.8300000000000001}, {""id"": ""cube_top_grasp_center"", ""task_type"": ""grasp"", ""language_score"": 0.8916666666666666, ""geometry_score"": 0.8300000000000001}, {""id"": ""cuboid_top_yaw_grasp"", ""task_type"": ""grasp"", ""language_score"": 0.8681818181818182, ""geometry_score"": 0.7372188891130648}]",,,0.6,0,,,rectangular,green_cube,"[0.045, 0.045, 0.045]","[0.6, 0.0, """"]",LangSAM+depth_pointcloud,head_camera,0.594724459,-0.001298172,-0.567289036,"[0.5947244586389374, -0.0012981723549927871, -0.5672890361912573]",green_rectangular_prism,TRUE,0.60000186,5.42E-06,0.347498744,0.001807999,"[0.6000018602874345, 5.417461268357846e-06, """"]","[0.6000018602874345, 5.417461268357846e-06, 0.3474987441741387]",gazebo_world_xy_only,base,,,0.001807999,0.001807999,0.001807999,,0.00543602,0.005432917,0.00543602,gazebo_model_states,0.611690515,-0.011611886,-0.452809671,"[0.6116905149323142, -0.011611885895589745, -0.4528096708108245]","[0.5928329896718348, -0.0019610785606046666, -0.3722529668105995]",0.045,0.045,0.045,"[0.045, 0.045, 0.045]",,,,,gazebo_raw_parallel_180,,,,,,,,,,,,,,,,,,481,481,live_trial_top_RNA_20260802_214653_green_cube,/home/wei/code/learning_thousand_tasks/demo_library/scene_packages/live_trial_top_RNA_20260802_214653_green_cube,/home/wei/code/learning_thousand_tasks/demo_library/scene_packages/live_trial_top_RNA_20260802_214653_green_cube,,grasp,,,,,"["""", """", """"]",,,,,TRUE,top_grasp_demo_replay,FALSE,,,standard_replay,,TRUE,TRUE,,61.17701054,0.665873051,0.126435041,0.097959042,0.056515455,35.53951263,54.52375603,1,31,moveit_wrapper_v1,54.52375603,/home/wei/code/learning_thousand_tasks/demo_library/rollout_trajectories/rollout_top_RNA_20260802_214653_green_cube.json,,TRUE,TRUE,"[0.6000018602874345, 5.417461268357846e-06, 0.3474987441741387]","[0.5672858778505582, 0.008184189044444184, 0.48876117398629726]",green_rectangular_prism,0.029031357,,,,2026/8/2 21:47
,1785732623,top_RNA_20260802_214921_green_cube,pick up the green cube,top_x060_y000_rectangular,,full,green_cube,rectangular,rectangular,,FALSE,success,TRUE,,,,,cube_top_grasp_center,0.83,language_then_geometry,grasp,0.891666667,0.83,0.891666667,0.83,"[{""id"": ""cube_top_grasp_center"", ""task_type"": ""grasp"", ""language_score"": 0.8916666666666666, ""geometry_score"": 0.8300000000000001}, {""id"": ""cube_top_grasp_center"", ""task_type"": ""grasp"", ""language_score"": 0.8916666666666666, ""geometry_score"": 0.8300000000000001}, {""id"": ""cube_top_grasp_center"", ""task_type"": ""grasp"", ""language_score"": 0.8916666666666666, ""geometry_score"": 0.8300000000000001}, {""id"": ""cube_top_grasp_center"", ""task_type"": ""grasp"", ""language_score"": 0.8916666666666666, ""geometry_score"": 0.8300000000000001}, {""id"": ""cuboid_top_yaw_grasp"", ""task_type"": ""grasp"", ""language_score"": 0.8681818181818182, ""geometry_score"": 0.7372188891130648}]",,,0.6,0,,,rectangular,green_cube,"[0.045, 0.045, 0.045]","[0.6, 0.0, """"]",LangSAM+depth_pointcloud,head_camera,0.594723248,-0.001296918,-0.567288278,"[0.5947232482300995, -0.0012969177470216313, -0.5672882781377159]",green_rectangular_prism,TRUE,0.600001828,2.42E-06,0.347498729,0.001776265,"[0.6000018280506573, 2.4185797675568136e-06, """"]","[0.6000018280506573, 2.4185797675568136e-06, 0.3474987291720775]",gazebo_world_xy_only,base,,,0.001776265,0.001776265,0.001776265,,0.005436146,0.005433793,0.005436146,gazebo_model_states,0.611689305,-0.011610631,-0.452808913,"[0.6116893045234763, -0.01161063128761859, -0.45280891275728313]","[0.5928317792629969, -0.0019598239526335106, -0.3722522087570581]",0.045,0.045,0.045,"[0.045, 0.045, 0.045]",,,,,gazebo_raw_parallel_180,,,,,,,,,,,,,,,,,,481,481,live_trial_top_RNA_20260802_214921_green_cube,/home/wei/code/learning_thousand_tasks/demo_library/scene_packages/live_trial_top_RNA_20260802_214921_green_cube,/home/wei/code/learning_thousand_tasks/demo_library/scene_packages/live_trial_top_RNA_20260802_214921_green_cube,,grasp,,,,,"["""", """", """"]",,,,,TRUE,top_grasp_demo_replay,FALSE,,,standard_replay,,TRUE,TRUE,,60.54903603,0.668966532,0.024042368,0.101847887,0.050346851,35.77634978,54.66393542,1,31,moveit_wrapper_v1,54.66393542,/home/wei/code/learning_thousand_tasks/demo_library/rollout_trajectories/rollout_top_RNA_20260802_214921_green_cube.json,,TRUE,TRUE,"[0.6000018280506573, 2.4185797675568136e-06, 0.3474987291720775]","[0.5736750286730177, 0.0041852932509274365, 0.48430720366758206]",green_rectangular_prism,0.021698316,,,,2026/8/2 21:50
,1785733273,top_RNA_20260802_220011_green_cube,pick up the green cube,top_x060_y-015_rectangular,,full,green_cube,rectangular,rectangular,,FALSE,success,TRUE,,,,,cube_top_grasp_center,0.83,language_then_geometry,grasp,0.891666667,0.83,0.891666667,0.83,"[{""id"": ""cube_top_grasp_center"", ""task_type"": ""grasp"", ""language_score"": 0.8916666666666666, ""geometry_score"": 0.8300000000000001}, {""id"": ""cube_top_grasp_center"", ""task_type"": ""grasp"", ""language_score"": 0.8916666666666666, ""geometry_score"": 0.8300000000000001}, {""id"": ""cube_top_grasp_center"", ""task_type"": ""grasp"", ""language_score"": 0.8916666666666666, ""geometry_score"": 0.8300000000000001}, {""id"": ""cube_top_grasp_center"", ""task_type"": ""grasp"", ""language_score"": 0.8916666666666666, ""geometry_score"": 0.8300000000000001}, {""id"": ""cuboid_top_yaw_grasp"", ""task_type"": ""grasp"", ""language_score"": 0.8681818181818182, ""geometry_score"": 0.7372188891130648}]",,,0.6,-0.15,,,rectangular,green_cube,"[0.045, 0.045, 0.045]","[0.6, -0.15, """"]",LangSAM+depth_pointcloud,head_camera,0.589394822,-0.148259211,-0.582621192,"[0.589394821701385, -0.14825921124506913, -0.582621192004003]",green_rectangular_prism,TRUE,0.600004773,-0.149988992,0.347500048,0.004653691,"[0.6000047732249323, -0.14998899240602245, """"]","[0.6000047732249323, -0.14998899240602245, 0.3475000480827053]",gazebo_world_xy_only,base,,,0.004653691,0.004653691,0.004653691,,0.010750033,0.0107471,0.010750033,gazebo_model_states,0.606360878,-0.158572925,-0.468141827,"[0.6063608779947618, -0.1585729247856661, -0.46814182662357023]","[0.5875033527342824, -0.148922117450681, -0.3875851226233452]",0.045,0.045,0.045,"[0.045, 0.045, 0.045]",,,,,gazebo_raw_parallel_180,,,,,,,,,,,,,,,,,,651,651,live_trial_top_RNA_20260802_220011_green_cube,/home/wei/code/learning_thousand_tasks/demo_library/scene_packages/live_trial_top_RNA_20260802_220011_green_cube,/home/wei/code/learning_thousand_tasks/demo_library/scene_packages/live_trial_top_RNA_20260802_220011_green_cube,,grasp,,,,,"["""", """", """"]",,,,,TRUE,top_grasp_demo_replay,FALSE,,,standard_replay,,TRUE,TRUE,,61.90826869,0.793516159,0.048671007,0.284779549,0.028314352,36.1964941,54.90347672,1,31,moveit_wrapper_v1,54.90347672,/home/wei/code/learning_thousand_tasks/demo_library/rollout_trajectories/rollout_top_RNA_20260802_220011_green_cube.json,,TRUE,TRUE,"[0.6000047732249323, -0.14998899240602245, 0.3475000480827053]","[0.580309273625697, -0.14251583159446155, 0.48310957515102754]",green_rectangular_prism,0.010743268,,,,2026/8/2 22:01
,1785733435,top_RNA_20260802_220251_green_cube,pick up the green cube,top_x060_y-015_rectangular,,full,green_cube,rectangular,rectangular,,FALSE,success,TRUE,,,,,cube_top_grasp_center,0.83,language_then_geometry,grasp,0.891666667,0.83,0.891666667,0.83,"[{""id"": ""cube_top_grasp_center"", ""task_type"": ""grasp"", ""language_score"": 0.8916666666666666, ""geometry_score"": 0.8300000000000001}, {""id"": ""cube_top_grasp_center"", ""task_type"": ""grasp"", ""language_score"": 0.8916666666666666, ""geometry_score"": 0.8300000000000001}, {""id"": ""cube_top_grasp_center"", ""task_type"": ""grasp"", ""language_score"": 0.8916666666666666, ""geometry_score"": 0.8300000000000001}, {""id"": ""cube_top_grasp_center"", ""task_type"": ""grasp"", ""language_score"": 0.8916666666666666, ""geometry_score"": 0.8300000000000001}, {""id"": ""cuboid_top_yaw_grasp"", ""task_type"": ""grasp"", ""language_score"": 0.8681818181818182, ""geometry_score"": 0.7372188891130648}]",,,0.6,-0.15,,,rectangular,green_cube,"[0.045, 0.045, 0.045]","[0.6, -0.15, """"]",LangSAM+depth_pointcloud,head_camera,0.589424163,-0.148134792,-0.582586618,"[0.58942416329342, -0.1481347917710325, -0.5825866177165979]",green_rectangular_prism,TRUE,0.600001891,-0.149996836,0.347500063,0.001832898,"[0.6000018909580579, -0.14999683556112237, """"]","[0.6000018909580579, -0.14999683556112237, 0.3475000630587494]",gazebo_world_xy_only,base,,,0.001832898,0.001832898,0.001832898,,0.010740369,0.010739056,0.010740369,gazebo_model_states,0.60639022,-0.158448505,-0.468107252,"[0.6063902195867967, -0.15844850531162946, -0.4681072523361652]","[0.5875326943263174, -0.14879769797664438, -0.38755054833594016]",0.045,0.045,0.045,"[0.045, 0.045, 0.045]",,,,,gazebo_raw_parallel_180,,,,,,,,,,,,,,,,,,651,651,live_trial_top_RNA_20260802_220251_green_cube,/home/wei/code/learning_thousand_tasks/demo_library/scene_packages/live_trial_top_RNA_20260802_220251_green_cube,/home/wei/code/learning_thousand_tasks/demo_library/scene_packages/live_trial_top_RNA_20260802_220251_green_cube,,grasp,,,,,"["""", """", """"]",,,,,TRUE,top_grasp_demo_replay,FALSE,,,standard_replay,,TRUE,TRUE,,63.83600569,0.686397076,0.140717268,0.09990406,0.032883644,37.74756646,57.23133349,1,31,moveit_wrapper_v1,57.23133349,/home/wei/code/learning_thousand_tasks/demo_library/rollout_trajectories/rollout_top_RNA_20260802_220251_green_cube.json,,TRUE,TRUE,"[0.6000018909580579, -0.14999683556112237, 0.3475000630587494]","[0.5807770379655891, -0.14650893558366485, 0.4879413840552632]",green_rectangular_prism,0.008792203,,,,2026/8/2 22:03
,1785733590,top_RNA_20260802_220528_green_cube,pick up the green cube,top_x060_y-015_rectangular,,full,green_cube,rectangular,rectangular,,FALSE,success,TRUE,,,,,cube_top_grasp_center,0.83,language_then_geometry,grasp,0.891666667,0.83,0.891666667,0.83,"[{""id"": ""cube_top_grasp_center"", ""task_type"": ""grasp"", ""language_score"": 0.8916666666666666, ""geometry_score"": 0.8300000000000001}, {""id"": ""cube_top_grasp_center"", ""task_type"": ""grasp"", ""language_score"": 0.8916666666666666, ""geometry_score"": 0.8300000000000001}, {""id"": ""cube_top_grasp_center"", ""task_type"": ""grasp"", ""language_score"": 0.8916666666666666, ""geometry_score"": 0.8300000000000001}, {""id"": ""cube_top_grasp_center"", ""task_type"": ""grasp"", ""language_score"": 0.8916666666666666, ""geometry_score"": 0.8300000000000001}, {""id"": ""cuboid_top_yaw_grasp"", ""task_type"": ""grasp"", ""language_score"": 0.8681818181818182, ""geometry_score"": 0.7372188891130648}]",,,0.6,-0.15,,,rectangular,green_cube,"[0.045, 0.045, 0.045]","[0.6, -0.15, """"]",LangSAM+depth_pointcloud,head_camera,0.589425642,-0.14813043,-0.582586482,"[0.5894256419927797, -0.14813043000199613, -0.582586481578661]",green_rectangular_prism,TRUE,0.600001863,-0.149994577,0.347498744,0.001810716,"[0.6000018630578532, -0.1499945766107904, """"]","[0.6000018630578532, -0.1499945766107904, 0.3474987441741381]",gazebo_world_xy_only,base,,,0.001810716,0.001810716,0.001810716,,0.01073925,0.010738358,0.01073925,gazebo_model_states,0.606391698,-0.158444144,-0.468107116,"[0.6063916982861565, -0.1584441435425931, -0.46810711619822826]","[0.5875341730256771, -0.148793336207608, -0.38755041219800324]",0.045,0.045,0.045,"[0.045, 0.045, 0.045]",,,,,gazebo_raw_parallel_180,,,,,,,,,,,,,,,,,,651,651,live_trial_top_RNA_20260802_220528_green_cube,/home/wei/code/learning_thousand_tasks/demo_library/scene_packages/live_trial_top_RNA_20260802_220528_green_cube,/home/wei/code/learning_thousand_tasks/demo_library/scene_packages/live_trial_top_RNA_20260802_220528_green_cube,,grasp,,,,,"["""", """", """"]",,,,,TRUE,top_grasp_demo_replay,FALSE,,,standard_replay,,TRUE,TRUE,,61.51608682,0.625869989,0.050663471,0.113486528,0.041589737,36.71987915,55.52639842,1,31,moveit_wrapper_v1,55.52639842,/home/wei/code/learning_thousand_tasks/demo_library/rollout_trajectories/rollout_top_RNA_20260802_220528_green_cube.json,,TRUE,TRUE,"[0.6000018630578532, -0.1499945766107904, 0.3474987441741381]","[0.5913182019145341, -0.13563724935739088, 0.4908239503528226]",green_rectangular_prism,0.012651443,,,,2026/8/2 22:06
,1785733737,top_RNA_20260802_220754_green_cube,pick up the green cube,top_x060_y-015_rectangular,,full,green_cube,rectangular,rectangular,,FALSE,success,TRUE,,,,,cube_top_grasp_center,0.83,language_then_geometry,grasp,0.891666667,0.83,0.891666667,0.83,"[{""id"": ""cube_top_grasp_center"", ""task_type"": ""grasp"", ""language_score"": 0.8916666666666666, ""geometry_score"": 0.8300000000000001}, {""id"": ""cube_top_grasp_center"", ""task_type"": ""grasp"", ""language_score"": 0.8916666666666666, ""geometry_score"": 0.8300000000000001}, {""id"": ""cube_top_grasp_center"", ""task_type"": ""grasp"", ""language_score"": 0.8916666666666666, ""geometry_score"": 0.8300000000000001}, {""id"": ""cube_top_grasp_center"", ""task_type"": ""grasp"", ""language_score"": 0.8916666666666666, ""geometry_score"": 0.8300000000000001}, {""id"": ""cuboid_top_yaw_grasp"", ""task_type"": ""grasp"", ""language_score"": 0.8681818181818182, ""geometry_score"": 0.7372188891130648}]",,,0.6,-0.15,,,rectangular,green_cube,"[0.045, 0.045, 0.045]","[0.6, -0.15, """"]",LangSAM+depth_pointcloud,head_camera,0.589425838,-0.148130277,-0.582586219,"[0.5894258383400293, -0.14813027712652188, -0.5825862189313565]",green_rectangular_prism,TRUE,0.600001745,-0.149994829,0.347498744,0.001695236,"[0.600001745314919, -0.14999482854916435, """"]","[0.600001745314919, -0.14999482854916435, 0.34749874417416393]",gazebo_world_xy_only,base,,,0.001695236,0.001695236,0.001695236,,0.010739011,0.010738192,0.010739011,gazebo_model_states,0.606391895,-0.158443991,-0.468106854,"[0.606391894633406, -0.15844399066711884, -0.4681068535509238]","[0.5875343693729267, -0.14879318333213376, -0.3875501495506988]",0.045,0.045,0.045,"[0.045, 0.045, 0.045]",,,,,gazebo_raw_parallel_180,,,,,,,,,,,,,,,,,,651,651,live_trial_top_RNA_20260802_220754_green_cube,/home/wei/code/learning_thousand_tasks/demo_library/scene_packages/live_trial_top_RNA_20260802_220754_green_cube,/home/wei/code/learning_thousand_tasks/demo_library/scene_packages/live_trial_top_RNA_20260802_220754_green_cube,,grasp,,,,,"["""", """", """"]",,,,,TRUE,top_grasp_demo_replay,FALSE,,,standard_replay,,TRUE,TRUE,,61.54881883,0.578535795,0.035602093,0.071792126,0.033540249,36.16356611,55.08301926,1,31,moveit_wrapper_v1,55.08301926,/home/wei/code/learning_thousand_tasks/demo_library/rollout_trajectories/rollout_top_RNA_20260802_220754_green_cube.json,,TRUE,TRUE,"[0.600001745314919, -0.14999482854916435, 0.34749874417416393]","[0.5747127693770744, -0.14078714071670814, 0.4838912762009681]",green_rectangular_prism,0.016463673,,,,2026/8/2 22:08
,1785734040,top_RNA_20260802_221252_green_cube,pick up the green cube,top_x065_y010_rectangular,,full,green_cube,rectangular,rectangular,,FALSE,success,TRUE,,,,,cube_top_grasp_center,0.83,language_then_geometry,grasp,0.891666667,0.83,0.891666667,0.83,"[{""id"": ""cube_top_grasp_center"", ""task_type"": ""grasp"", ""language_score"": 0.8916666666666666, ""geometry_score"": 0.8300000000000001}, {""id"": ""cube_top_grasp_center"", ""task_type"": ""grasp"", ""language_score"": 0.8916666666666666, ""geometry_score"": 0.8300000000000001}, {""id"": ""cube_top_grasp_center"", ""task_type"": ""grasp"", ""language_score"": 0.8916666666666666, ""geometry_score"": 0.8300000000000001}, {""id"": ""cube_top_grasp_center"", ""task_type"": ""grasp"", ""language_score"": 0.8916666666666666, ""geometry_score"": 0.8300000000000001}, {""id"": ""cuboid_top_yaw_grasp"", ""task_type"": ""grasp"", ""language_score"": 0.8681818181818182, ""geometry_score"": 0.7372188891130648}]",,,0.65,0.1,,,rectangular,green_cube,"[0.045, 0.045, 0.045]","[0.65, 0.1, """"]",LangSAM+depth_pointcloud,head_camera,0.637949481,0.099278676,-0.584062804,"[0.6379494806459354, 0.09927867613578767, -0.5840628036927439]",green_rectangular_prism,TRUE,0.650003699,0.100008708,0.347500048,0.003599854,"[0.6500036985184295, 0.1000087081074422, """"]","[0.6500036985184295, 0.1000087081074422, 0.3475000480824863]",gazebo_world_xy_only,base,,,0.003599854,0.003599854,0.003599854,,0.012076304,0.012072089,0.012076304,gazebo_model_states,0.654915537,0.088964963,-0.469583438,"[0.6549155369393121, 0.08896496259519071, -0.46958343831231114]","[0.6360580116788328, 0.09861576993017579, -0.3890267343120861]",0.045,0.045,0.045,"[0.045, 0.045, 0.045]",,,,,gazebo_raw_parallel_180,,,,,,,,,,,,,,,,,,581,581,live_trial_top_RNA_20260802_221252_green_cube,/home/wei/code/learning_thousand_tasks/demo_library/scene_packages/live_trial_top_RNA_20260802_221252_green_cube,/home/wei/code/learning_thousand_tasks/demo_library/scene_packages/live_trial_top_RNA_20260802_221252_green_cube,,grasp,,,,,"["""", """", """"]",,,,,TRUE,top_grasp_demo_replay,FALSE,,,standard_replay,,TRUE,TRUE,,67.42282534,0.652730465,0.212327957,0.135788679,0.040700674,39.75962257,59.21937203,1,31,moveit_wrapper_v1,59.21937203,/home/wei/code/learning_thousand_tasks/demo_library/rollout_trajectories/rollout_top_RNA_20260802_221252_green_cube.json,,TRUE,TRUE,"[0.6500036985184295, 0.1000087081074422, 0.3475000480824863]","[0.6204050479988114, 0.1027987691471259, 0.48207962304241603]",green_rectangular_prism,0.017886119,,,,2026/8/2 22:14
,1785734214,top_RNA_20260802_221546_green_cube,pick up the green cube,top_x065_y010_rectangular,,full,green_cube,rectangular,rectangular,,FALSE,success,TRUE,,,,,cube_top_grasp_center,0.83,language_then_geometry,grasp,0.891666667,0.83,0.891666667,0.83,"[{""id"": ""cube_top_grasp_center"", ""task_type"": ""grasp"", ""language_score"": 0.8916666666666666, ""geometry_score"": 0.8300000000000001}, {""id"": ""cube_top_grasp_center"", ""task_type"": ""grasp"", ""language_score"": 0.8916666666666666, ""geometry_score"": 0.8300000000000001}, {""id"": ""cube_top_grasp_center"", ""task_type"": ""grasp"", ""language_score"": 0.8916666666666666, ""geometry_score"": 0.8300000000000001}, {""id"": ""cube_top_grasp_center"", ""task_type"": ""grasp"", ""language_score"": 0.8916666666666666, ""geometry_score"": 0.8300000000000001}, {""id"": ""cuboid_top_yaw_grasp"", ""task_type"": ""grasp"", ""language_score"": 0.8681818181818182, ""geometry_score"": 0.7372188891130648}]",,,0.65,0.1,,,rectangular,green_cube,"[0.045, 0.045, 0.045]","[0.65, 0.1, """"]",LangSAM+depth_pointcloud,head_camera,0.637914096,0.099277812,-0.584040113,"[0.6379140962503891, 0.09927781230387976, -0.5840401133105164]",green_rectangular_prism,TRUE,0.650002134,0.100006004,0.347498744,0.002076881,"[0.6500021344414749, 0.10000600407605292, """"]","[0.6500021344414749, 0.10000600407605292, 0.3474987441740787]",gazebo_world_xy_only,base,,,0.002076881,0.002076881,0.002076881,,0.012109952,0.012107462,0.012109952,gazebo_model_states,0.654880153,0.088964099,-0.469560748,"[0.6548801525437659, 0.0889640987632828, -0.4695607479300837]","[0.6360226272832865, 0.09861490609826788, -0.38900404392985866]",0.045,0.045,0.045,"[0.045, 0.045, 0.045]",,,,,gazebo_raw_parallel_180,,,,,,,,,,,,,,,,,,581,581,live_trial_top_RNA_20260802_221546_green_cube,/home/wei/code/learning_thousand_tasks/demo_library/scene_packages/live_trial_top_RNA_20260802_221546_green_cube,/home/wei/code/learning_thousand_tasks/demo_library/scene_packages/live_trial_top_RNA_20260802_221546_green_cube,,grasp,,,,,"["""", """", """"]",,,,,TRUE,top_grasp_demo_replay,FALSE,,,standard_replay,,TRUE,TRUE,,66.98698473,0.770166636,0.046401739,0.075388432,0.062350035,41.30833769,60.29430866,1,31,moveit_wrapper_v1,60.29430866,/home/wei/code/learning_thousand_tasks/demo_library/rollout_trajectories/rollout_top_RNA_20260802_221546_green_cube.json,,TRUE,TRUE,"[0.6500021344414749, 0.10000600407605292, 0.3474987441740787]","[0.6249195197910418, 0.11539672182927319, 0.4784530164983732]",green_rectangular_prism,0.020748572,,,,2026/8/2 22:16
,1785734371,top_RNA_20260802_221821_green_cube,pick up the green cube,top_x065_y010_rectangular,,full,green_cube,rectangular,rectangular,,FALSE,success,TRUE,,,,,cube_top_grasp_center,0.83,language_then_geometry,grasp,0.891666667,0.83,0.891666667,0.83,"[{""id"": ""cube_top_grasp_center"", ""task_type"": ""grasp"", ""language_score"": 0.8916666666666666, ""geometry_score"": 0.8300000000000001}, {""id"": ""cube_top_grasp_center"", ""task_type"": ""grasp"", ""language_score"": 0.8916666666666666, ""geometry_score"": 0.8300000000000001}, {""id"": ""cube_top_grasp_center"", ""task_type"": ""grasp"", ""language_score"": 0.8916666666666666, ""geometry_score"": 0.8300000000000001}, {""id"": ""cube_top_grasp_center"", ""task_type"": ""grasp"", ""language_score"": 0.8916666666666666, ""geometry_score"": 0.8300000000000001}, {""id"": ""cuboid_top_yaw_grasp"", ""task_type"": ""grasp"", ""language_score"": 0.8681818181818182, ""geometry_score"": 0.7372188891130648}]",,,0.65,0.1,,,rectangular,green_cube,"[0.045, 0.045, 0.045]","[0.65, 0.1, """"]",LangSAM+depth_pointcloud,head_camera,0.639553761,0.098880623,-0.585027539,"[0.6395537609927285, 0.09888062250153536, -0.5850275394710197]",green_rectangular_prism,TRUE,0.650001732,0.100005143,0.347498744,0.001681989,"[0.6500017318090691, 0.10000514255191542, """"]","[0.6500017318090691, 0.10000514255191542, 0.3474987441741669]",gazebo_world_xy_only,base,,,0.001681989,0.001681989,0.001681989,,0.010508313,0.010506042,0.010508313,gazebo_model_states,0.656519817,0.088566909,-0.470548174,"[0.6565198172861053, 0.0885669089609384, -0.47054817409058697]","[0.637662292025626, 0.09821771629592348, -0.38999147009036195]",0.045,0.045,0.045,"[0.045, 0.045, 0.045]",,,,,gazebo_raw_parallel_180,,,,,,,,,,,,,,,,,,581,581,live_trial_top_RNA_20260802_221821_green_cube,/home/wei/code/learning_thousand_tasks/demo_library/scene_packages/live_trial_top_RNA_20260802_221821_green_cube,/home/wei/code/learning_thousand_tasks/demo_library/scene_packages/live_trial_top_RNA_20260802_221821_green_cube,,grasp,,,,,"["""", """", """"]",,,,,TRUE,top_grasp_demo_replay,FALSE,,,standard_replay,,TRUE,TRUE,,69.16614962,0.979619741,0.068329811,0.120102644,0.06447053,42.42799449,62.00070953,1,31,moveit_wrapper_v1,62.00070953,/home/wei/code/learning_thousand_tasks/demo_library/rollout_trajectories/rollout_top_RNA_20260802_221821_green_cube.json,,TRUE,TRUE,"[0.6500017318090691, 0.10000514255191542, 0.3474987441741669]","[0.6267758969750481, 0.10694341479670727, 0.48480173014222705]",green_rectangular_prism,0.015144299,,,,2026/8/2 22:19
,1785734856,top_RNA_20260802_222628_green_cube,pick up the green cube,top_x065_y010_rectangular,,full,green_cube,rectangular,rectangular,,FALSE,success,TRUE,,,,,cube_top_grasp_center,0.83,language_then_geometry,grasp,0.891666667,0.83,0.891666667,0.83,"[{""id"": ""cube_top_grasp_center"", ""task_type"": ""grasp"", ""language_score"": 0.8916666666666666, ""geometry_score"": 0.8300000000000001}, {""id"": ""cube_top_grasp_center"", ""task_type"": ""grasp"", ""language_score"": 0.8916666666666666, ""geometry_score"": 0.8300000000000001}, {""id"": ""cube_top_grasp_center"", ""task_type"": ""grasp"", ""language_score"": 0.8916666666666666, ""geometry_score"": 0.8300000000000001}, {""id"": ""cube_top_grasp_center"", ""task_type"": ""grasp"", ""language_score"": 0.8916666666666666, ""geometry_score"": 0.8300000000000001}, {""id"": ""cuboid_top_yaw_grasp"", ""task_type"": ""grasp"", ""language_score"": 0.8681818181818182, ""geometry_score"": 0.7372188891130648}]",,,0.65,0.1,,,rectangular,green_cube,"[0.045, 0.045, 0.045]","[0.65, 0.1, """"]",LangSAM+depth_pointcloud,head_camera,0.639563723,0.098909711,-0.585036114,"[0.6395637226677023, 0.09890971054524261, -0.5850361140829874]",green_rectangular_prism,TRUE,0.650002157,0.100003123,0.347498729,0.00209915,"[0.6500021572829475, 0.10000312301170292, """"]","[0.6500021572829475, 0.10000312301170292, 0.3474987291721506]",gazebo_world_xy_only,base,,,0.00209915,0.00209915,0.00209915,,0.010495545,0.010493075,0.010495545,gazebo_model_states,0.656529779,0.088595997,-0.470556749,"[0.6565297789610791, 0.08859599700464565, -0.47055674870255465]","[0.6376722537005998, 0.09824680433963073, -0.39000004470232963]",0.045,0.045,0.045,"[0.045, 0.045, 0.045]",,,,,gazebo_raw_parallel_180,,,,,,,,,,,,,,,,,,581,581,live_trial_top_RNA_20260802_222628_green_cube,/home/wei/code/learning_thousand_tasks/demo_library/scene_packages/live_trial_top_RNA_20260802_222628_green_cube,/home/wei/code/learning_thousand_tasks/demo_library/scene_packages/live_trial_top_RNA_20260802_222628_green_cube,,grasp,,,,,"["""", """", """"]",,,,,TRUE,top_grasp_demo_replay,FALSE,,,standard_replay,,TRUE,TRUE,,67.09401059,0.447164059,0.127154112,0.210572958,0.037052393,40.51989317,60.2300663,1,31,moveit_wrapper_v1,60.2300663,/home/wei/code/learning_thousand_tasks/demo_library/rollout_trajectories/rollout_top_RNA_20260802_222628_green_cube.json,,TRUE,TRUE,"[0.6500021572829475, 0.10000312301170292, 0.3474987291721506]","[0.6167503285005675, 0.10893267829929316, 0.4804914169671644]",green_rectangular_prism,0.024905444,,,,2026/8/2 22:27
,1785735182,top_RNA_20260802_223201_green_cube,pick up the green cube,top_x065_y010_rectangular,,full,green_cube,rectangular,rectangular,,FALSE,failed,FALSE,抓取后目标物体未被有效抬起或发生倾倒,grasp_verification,抓取后目标物体未被有效抬起或发生倾倒,grasp_failure,cube_top_grasp_center,0.83,language_then_geometry,grasp,0.891666667,0.83,0.891666667,0.83,"[{""id"": ""cube_top_grasp_center"", ""task_type"": ""grasp"", ""language_score"": 0.8916666666666666, ""geometry_score"": 0.8300000000000001}, {""id"": ""cube_top_grasp_center"", ""task_type"": ""grasp"", ""language_score"": 0.8916666666666666, ""geometry_score"": 0.8300000000000001}, {""id"": ""cube_top_grasp_center"", ""task_type"": ""grasp"", ""language_score"": 0.8916666666666666, ""geometry_score"": 0.8300000000000001}, {""id"": ""cube_top_grasp_center"", ""task_type"": ""grasp"", ""language_score"": 0.8916666666666666, ""geometry_score"": 0.8300000000000001}, {""id"": ""cuboid_top_yaw_grasp"", ""task_type"": ""grasp"", ""language_score"": 0.8681818181818182, ""geometry_score"": 0.7372188891130648}]",,,0.65,0.1,,,rectangular,green_cube,"[0.045, 0.045, 0.045]","[0.65, 0.1, """"]",LangSAM+depth_pointcloud,head_camera,0.737824527,0.000962797,-0.582954679,"[0.7378245274018133, 0.0009627974838753367, -0.5829546785733865]",green_rectangular_prism,TRUE,0.750003189,5.94E-06,0.347500063,0.003106237,"[0.7500031893726933, 5.942561833875457e-06, """"]","[0.7500031893726933, 5.942561833875457e-06, 0.3475000630584426]",gazebo_world_xy_only,base,,,0.003106237,0.003106237,0.003106237,,0.012216193,0.13236886,0.012216193,gazebo_model_states,0.754790584,-0.009350916,-0.468475313,"[0.75479058369519, -0.009350916056721621, -0.4684753131929537]","[0.7359330584347107, 0.00029989127826345714, -0.3879186091927287]",0.045,0.045,0.045,"[0.045, 0.045, 0.045]",,,,,gazebo_raw_parallel_180,,,,,,,,,,,,,,,,,,444,444,live_trial_top_RNA_20260802_223201_green_cube,/home/wei/code/learning_thousand_tasks/demo_library/scene_packages/live_trial_top_RNA_20260802_223201_green_cube,/home/wei/code/learning_thousand_tasks/demo_library/scene_packages/live_trial_top_RNA_20260802_223201_green_cube,,grasp,,,,,"["""", """", """"]",,,,,TRUE,top_grasp_demo_replay,TRUE,0.64516129,before_gripper_close_blocked,partial_replay_with_terminal_correction,,TRUE,TRUE,,60.28720498,0.635077953,0.13343215,0.089794874,0.02636385,38.2986629,53.84102964,1,15,moveit_wrapper_v1,53.84102964,/home/wei/code/learning_thousand_tasks/demo_library/rollout_trajectories/rollout_top_RNA_20260802_223201_green_cube.json,,FALSE,FALSE,"[0.7500031893726933, 5.942561833875457e-06, 0.3475000630584426]","[0.7509077633960934, 0.0020967157962622565, 0.4187538077304943]",green_rectangular_prism,0.013123936,,,抓取后目标物体未被有效抬起或发生倾倒,2026/8/2 22:33
,1785735356,top_RNA_20260802_223450_green_cube,pick up the green cube,top_x075_y000_rectangular,,top_lift_after_close,green_cube,rectangular,rectangular,,FALSE,failed,FALSE,抓取后目标物体未被有效抬起或发生倾倒,grasp_verification,抓取后目标物体未被有效抬起或发生倾倒,grasp_failure,cube_top_grasp_center,0.83,language_then_geometry,grasp,0.891666667,0.83,0.891666667,0.83,"[{""id"": ""cube_top_grasp_center"", ""task_type"": ""grasp"", ""language_score"": 0.8916666666666666, ""geometry_score"": 0.8300000000000001}, {""id"": ""cube_top_grasp_center"", ""task_type"": ""grasp"", ""language_score"": 0.8916666666666666, ""geometry_score"": 0.8300000000000001}, {""id"": ""cube_top_grasp_center"", ""task_type"": ""grasp"", ""language_score"": 0.8916666666666666, ""geometry_score"": 0.8300000000000001}, {""id"": ""cube_top_grasp_center"", ""task_type"": ""grasp"", ""language_score"": 0.8916666666666666, ""geometry_score"": 0.8300000000000001}, {""id"": ""cuboid_top_yaw_grasp"", ""task_type"": ""grasp"", ""language_score"": 0.8681818181818182, ""geometry_score"": 0.7372188891130648}]",,,0.75,0,,,rectangular,green_cube,"[0.045, 0.045, 0.045]","[0.75, 0.0, """"]",LangSAM+depth_pointcloud,head_camera,0.737823544,0.001489816,-0.582955036,"[0.7378235441431891, 0.0014898156318172847, -0.5829550355309078]",green_rectangular_prism,TRUE,0.750002289,5.69E-06,0.347500048,0.002217123,"[0.7500022885464802, 5.6912233491955e-06, """"]","[0.7500022885464802, 5.6912233491955e-06, 0.347500048082199]",gazebo_world_xy_only,base,,,0.002217123,0.002217123,0.002217123,,0.01226884,0.012267258,0.01226884,gazebo_model_states,0.7547896,-0.008823898,-0.46847567,"[0.7547896004365658, -0.008823897908779674, -0.46847567015047503]","[0.7359320751760865, 0.0008269094262054052, -0.38791896615025]",0.045,0.045,0.045,"[0.045, 0.045, 0.045]",,,,,gazebo_raw_parallel_180,,,,,,,,,,,,,,,,,,444,444,live_trial_top_RNA_20260802_223450_green_cube,/home/wei/code/learning_thousand_tasks/demo_library/scene_packages/live_trial_top_RNA_20260802_223450_green_cube,/home/wei/code/learning_thousand_tasks/demo_library/scene_packages/live_trial_top_RNA_20260802_223450_green_cube,,grasp,,,,,"["""", """", """"]",,,,,TRUE,top_grasp_demo_replay,FALSE,,,top_grasp_replay_to_close_then_direct_lift,,TRUE,TRUE,,65.11319995,0.606743813,0.057833672,0.253166676,0.055560827,43.50095677,58.75524449,1,18,moveit_wrapper_v1,58.75524449,/home/wei/code/learning_thousand_tasks/demo_library/rollout_trajectories/rollout_top_RNA_20260802_223450_green_cube.json,,FALSE,FALSE,"[0.7500022885464802, 5.6912233491955e-06, 0.347500048082199]","[0.7364843206082486, 0.005482503402503753, 0.41838086634011123]",green_rectangular_prism,0.004210173,,,抓取后目标物体未被有效抬起或发生倾倒,2026/8/2 22:35
,1785735940,top_RNA_20260802_224443_green_cube,pick up the green cube,top_x065_y010_rectangular,,top_lift_after_close,green_cube,rectangular,rectangular,,FALSE,success,TRUE,,,,,cube_top_grasp_center,0.83,language_then_geometry,grasp,0.891666667,0.83,0.891666667,0.83,"[{""id"": ""cube_top_grasp_center"", ""task_type"": ""grasp"", ""language_score"": 0.8916666666666666, ""geometry_score"": 0.8300000000000001}, {""id"": ""cube_top_grasp_center"", ""task_type"": ""grasp"", ""language_score"": 0.8916666666666666, ""geometry_score"": 0.8300000000000001}, {""id"": ""cube_top_grasp_center"", ""task_type"": ""grasp"", ""language_score"": 0.8916666666666666, ""geometry_score"": 0.8300000000000001}, {""id"": ""cube_top_grasp_center"", ""task_type"": ""grasp"", ""language_score"": 0.8916666666666666, ""geometry_score"": 0.8300000000000001}, {""id"": ""cuboid_top_yaw_grasp"", ""task_type"": ""grasp"", ""language_score"": 0.8681818181818182, ""geometry_score"": 0.7372188891130648}]",,,0.65,0.1,,,rectangular,green_cube,"[0.045, 0.045, 0.045]","[0.65, 0.1, """"]",LangSAM+depth_pointcloud,head_camera,0.637928728,0.099275953,-0.584048839,"[0.6379287275256208, 0.09927595328731424, -0.5840488385014461]",green_rectangular_prism,TRUE,0.650003303,0.100005574,0.347498729,0.003222463,"[0.6500033027483287, 0.10000557384820666, """"]","[0.6500033027483287, 0.10000557384820666, 0.3474987291724048]",gazebo_world_xy_only,base,,,0.003222463,0.003222463,0.003222463,,0.012096599,0.012092967,0.012096599,gazebo_model_states,0.654894784,0.08896224,-0.469569473,"[0.6548947838189976, 0.08896223974671728, -0.4695694731210133]","[0.6360372585585182, 0.09861304708170236, -0.3890127691207883]",0.045,0.045,0.045,"[0.045, 0.045, 0.045]",,,,,gazebo_raw_parallel_180,,,,,,,,,,,,,,,,,,579,579,live_trial_top_RNA_20260802_224443_green_cube,/home/wei/code/learning_thousand_tasks/demo_library/scene_packages/live_trial_top_RNA_20260802_224443_green_cube,/home/wei/code/learning_thousand_tasks/demo_library/scene_packages/live_trial_top_RNA_20260802_224443_green_cube,,grasp,,,,,"["""", """", """"]",,,,,TRUE,top_grasp_demo_replay,FALSE,,,top_grasp_replay_to_close_then_direct_lift,,TRUE,TRUE,,56.49842358,0.769016266,0.162574053,0.080559254,0.027869463,33.23422122,49.91732502,1,18,moveit_wrapper_v1,49.91732502,/home/wei/code/learning_thousand_tasks/demo_library/rollout_trajectories/rollout_top_RNA_20260802_224443_green_cube.json,,TRUE,TRUE,"[0.6500033027483287, 0.10000557384820666, 0.3474987291724048]","[0.6557135135506407, 0.11189988829408995, 0.4274292548020686]",green_rectangular_prism,0.021814785,,,accepted_with_z_margin,2026/8/2 22:45
,1785737830,top_RNA_20260802_231556_green_cube,pick up the green cube,top_x065_y000_cube,,full,green_cube,cube,cube,,FALSE,success,TRUE,,,,,cube_top_grasp_center,1,language_then_geometry,grasp,0.891666667,1,0.891666667,1,"[{""id"": ""cube_top_grasp_center"", ""task_type"": ""grasp"", ""language_score"": 0.8916666666666666, ""geometry_score"": 1.0}, {""id"": ""cube_top_grasp_center"", ""task_type"": ""grasp"", ""language_score"": 0.8916666666666666, ""geometry_score"": 1.0}, {""id"": ""cube_top_grasp_center"", ""task_type"": ""grasp"", ""language_score"": 0.8916666666666666, ""geometry_score"": 1.0}, {""id"": ""cube_top_grasp_center"", ""task_type"": ""grasp"", ""language_score"": 0.8916666666666666, ""geometry_score"": 1.0}, {""id"": ""cuboid_top_yaw_grasp"", ""task_type"": ""grasp"", ""language_score"": 0.8681818181818182, ""geometry_score"": 0.5372188891130648}]",,,0.65,,,,cube,green_cube,"[0.048, 0.048, 0.048]","[0.65, """", """"]",LangSAM+depth_pointcloud,head_camera,0.641103382,0.098727759,-0.58721279,"[0.6411033822639848, 0.09872775861612498, -0.587212789733355]",,FALSE,,,,,"["""", """", """"]","["""", """", """"]",gazebo_world_xy_only,base,,,,,,,,,,,0.658069439,0.088414045,-0.472733424,"[0.6580694385573616, 0.08841404507552802, -0.47273342435292226]","[0.6392119132968822, 0.0980648524105131, -0.39217672035269724]",0.048,0.048,0.048,"[0.048, 0.048, 0.048]",,,,,,,,,,,,,,,,,,,,,,,295,295,live_trial_top_RNA_20260802_231556_green_cube,/home/wei/code/learning_thousand_tasks/demo_library/scene_packages/live_trial_top_RNA_20260802_231556_green_cube,/home/wei/code/learning_thousand_tasks/demo_library/scene_packages/live_trial_top_RNA_20260802_231556_green_cube,,grasp,,,,,"["""", """", """"]",,,,,TRUE,top_grasp_demo_replay,FALSE,,,standard_replay,,TRUE,TRUE,,72.72182822,0.858911753,0.139783621,0.180432558,0.03121376,45.65471816,65.72748399,1,33,moveit_wrapper_v1,65.72748399,/home/wei/code/learning_thousand_tasks/demo_library/rollout_trajectories/rollout_top_RNA_20260802_231556_green_cube.json,,TRUE,,"["""", """", """"]","["""", """", """"]",,,,,gazebo_pose_unavailable,2026/8/2 23:17
,1785738061,top_RNA_20260802_232000_green_sphere,pick up the green sphere,top_x065_y010_sphere,,top_lift_after_close,green_sphere,sphere,sphere,,FALSE,failed,FALSE,抓取后目标物体未被有效抬起或发生倾倒,grasp_verification,抓取后目标物体未被有效抬起或发生倾倒,grasp_failure,cube_top_grasp_center,0.8,language_then_geometry,grasp,0.631578947,0.8,0.631578947,0.8,"[{""id"": ""cube_top_grasp_center"", ""task_type"": ""grasp"", ""language_score"": 0.631578947368421, ""geometry_score"": 0.8}, {""id"": ""cube_top_grasp_center"", ""task_type"": ""grasp"", ""language_score"": 0.631578947368421, ""geometry_score"": 0.8}, {""id"": ""cube_top_grasp_center"", ""task_type"": ""grasp"", ""language_score"": 0.631578947368421, ""geometry_score"": 0.8}, {""id"": ""cube_top_grasp_center"", ""task_type"": ""grasp"", ""language_score"": 0.631578947368421, ""geometry_score"": 0.8}, {""id"": ""cuboid_top_yaw_grasp"", ""task_type"": ""grasp"", ""language_score"": 0.6181818181818182, ""geometry_score"": 0.5372188891130648}]",,,0.65,0.1,,,sphere,green_sphere,"[0.048, 0.048, 0.048]","[0.65, 0.1, """"]",LangSAM+depth_pointcloud,head_camera,0.641103236,0.098727578,-0.587212747,"[0.6411032360547504, 0.0987275778461856, -0.5872127468918454]",green_sphere,TRUE,0.65,0.1,0.34899951,0,"[0.65, 0.1, """"]","[0.65, 0.1, 0.3489995097125855]",gazebo_world_xy_only,base,,,0,0,0,,0.008987295,0.008987295,0.008987295,gazebo_model_states,0.658069292,0.088413864,-0.472733382,"[0.6580692923481272, 0.08841386430558865, -0.4727333815114127]","[0.6392117670876478, 0.09806467164057373, -0.3921766775111877]",0.048,0.048,0.048,"[0.048, 0.048, 0.048]",,,,,gazebo_raw_parallel_180,,,,,,,,,,,,,,,,,,295,295,live_trial_top_RNA_20260802_232000_green_sphere,/home/wei/code/learning_thousand_tasks/demo_library/scene_packages/live_trial_top_RNA_20260802_232000_green_sphere,/home/wei/code/learning_thousand_tasks/demo_library/scene_packages/live_trial_top_RNA_20260802_232000_green_sphere,,grasp,,,,,"["""", """", """"]",,,,,TRUE,top_grasp_demo_replay,FALSE,,,top_grasp_replay_to_close_then_direct_lift,,TRUE,TRUE,,60.13966274,0.848019361,0.040491343,0.105178118,0.051665306,36.07097363,52.71449542,1,19,moveit_wrapper_v1,52.71449542,/home/wei/code/learning_thousand_tasks/demo_library/rollout_trajectories/rollout_top_RNA_20260802_232000_green_sphere.json,,FALSE,FALSE,"[0.65, 0.1, 0.3489995097125855]","[0.6252329945155373, 0.09530202577343815, 0.39168624200408664]",green_sphere,0.019721996,,,抓取后目标物体未被有效抬起或发生倾倒,2026/8/2 23:21
